INFO:     Started server process [13692]
INFO:     Waiting for application startup.
2026-08-18 20:43:12,357 INFO jobmatrix: JobMatrix запущен: http://127.0.0.1:8000 (demo=True)
2026-08-18 20:43:12,509 INFO jobmatrix: Сбор: проверено 11, новых событий 6
INFO:     Application startup complete.
INFO:     Uvicorn running on http://127.0.0.1:8000 (Press CTRL+C to quit)
[JobMatrix] Запуск: http://127.0.0.1:8000
[JobMatrix] Демо-режим: True | Сбор каждые 2 мин
[JobMatrix] Логи: C:\Users\roman\Documents\Obsidian Vault\Programs\JobMatrix\data\logs\app.log
[JobMatrix] Остановка: launcher\stop.bat (или Ctrl+C, если видна консоль)
INFO:     127.0.0.1:60257 - "GET / HTTP/1.1" 304 Not Modified
INFO:     127.0.0.1:50912 - "GET /style.css HTTP/1.1" 304 Not Modified
INFO:     127.0.0.1:60257 - "GET /app.js HTTP/1.1" 304 Not Modified
INFO:     127.0.0.1:53276 - "WebSocket /ws/events" [accepted]
INFO:     connection open
INFO:     127.0.0.1:50912 - "GET /api/notifications?unread=1 HTTP/1.1" 500 Internal Server Error
ERROR:    Exception in ASGI application
Traceback (most recent call last):
  File "C:\Users\roman\AppData\Local\Programs\Python\Python313\Lib\site-packages\uvicorn\protocols\http\httptools_impl.py", line 422, in run_asgi
    result = await app(  # type: ignore[func-returns-value]
             ^^^^^^^^^^^^^^^^^^^^^^^^^^^^^^^^^^^^^^^^^^^^^^
        self.scope, self.receive, self.send
        ^^^^^^^^^^^^^^^^^^^^^^^^^^^^^^^^^^^
    )
    ^
  File "C:\Users\roman\AppData\Local\Programs\Python\Python313\Lib\site-packages\uvicorn\middleware\proxy_headers.py", line 63, in __call__
    return await self.app(scope, receive, send)
           ^^^^^^^^^^^^^^^^^^^^^^^^^^^^^^^^^^^^
  File "C:\Users\roman\AppData\Local\Programs\Python\Python313\Lib\site-packages\fastapi\applications.py", line 1163, in __call__
    await super().__call__(scope, receive, send)
  File "C:\Users\roman\AppData\Local\Programs\Python\Python313\Lib\site-packages\starlette\applications.py", line 90, in __call__
    await self.middleware_stack(scope, receive, send)
  File "C:\Users\roman\AppData\Local\Programs\Python\Python313\Lib\site-packages\starlette\middleware\errors.py", line 186, in __call__
    raise exc
  File "C:\Users\roman\AppData\Local\Programs\Python\Python313\Lib\site-packages\starlette\middleware\errors.py", line 164, in __call__
    await self.app(scope, receive, _send)
  File "C:\Users\roman\AppData\Local\Programs\Python\Python313\Lib\site-packages\starlette\middleware\cors.py", line 88, in __call__
    await self.app(scope, receive, send)
  File "C:\Users\roman\AppData\Local\Programs\Python\Python313\Lib\site-packages\starlette\middleware\exceptions.py", line 63, in __call__
    await wrap_app_handling_exceptions(self.app, conn)(scope, receive, send)
  File "C:\Users\roman\AppData\Local\Programs\Python\Python313\Lib\site-packages\starlette\_exception_handler.py", line 53, in wrapped_app
    raise exc
  File "C:\Users\roman\AppData\Local\Programs\Python\Python313\Lib\site-packages\starlette\_exception_handler.py", line 42, in wrapped_app
    await app(scope, receive, sender)
  File "C:\Users\roman\AppData\Local\Programs\Python\Python313\Lib\site-packages\fastapi\middleware\asyncexitstack.py", line 18, in __call__
    await self.app(scope, receive, send)
  File "C:\Users\roman\AppData\Local\Programs\Python\Python313\Lib\site-packages\starlette\routing.py", line 660, in __call__
    await self.middleware_stack(scope, receive, send)
  File "C:\Users\roman\AppData\Local\Programs\Python\Python313\Lib\site-packages\fastapi\routing.py", line 2683, in app
    await route.handle(scope, receive, send)
  File "C:\Users\roman\AppData\Local\Programs\Python\Python313\Lib\site-packages\fastapi\routing.py", line 1753, in handle
    await self.original_router.handle(scope, receive, send)
  File "C:\Users\roman\AppData\Local\Programs\Python\Python313\Lib\site-packages\fastapi\routing.py", line 2738, in handle
    await included_router._handle_selected(scope, receive, send)
  File "C:\Users\roman\AppData\Local\Programs\Python\Python313\Lib\site-packages\fastapi\routing.py", line 1773, in _handle_selected
    await original_route.handle(scope, receive, send)
  File "C:\Users\roman\AppData\Local\Programs\Python\Python313\Lib\site-packages\fastapi\routing.py", line 1264, in handle
    await app(scope, receive, send)
  File "C:\Users\roman\AppData\Local\Programs\Python\Python313\Lib\site-packages\fastapi\routing.py", line 150, in app
    await wrap_app_handling_exceptions(app, request)(scope, receive, send)
  File "C:\Users\roman\AppData\Local\Programs\Python\Python313\Lib\site-packages\starlette\_exception_handler.py", line 53, in wrapped_app
    raise exc
  File "C:\Users\roman\AppData\Local\Programs\Python\Python313\Lib\site-packages\starlette\_exception_handler.py", line 42, in wrapped_app
    await app(scope, receive, sender)
  File "C:\Users\roman\AppData\Local\Programs\Python\Python313\Lib\site-packages\fastapi\routing.py", line 136, in app
    response = await f(request)
               ^^^^^^^^^^^^^^^^
  File "C:\Users\roman\AppData\Local\Programs\Python\Python313\Lib\site-packages\fastapi\routing.py", line 690, in app
    raw_response = await run_endpoint_function(
                   ^^^^^^^^^^^^^^^^^^^^^^^^^^^^
    ...<3 lines>...
    )
    ^
  File "C:\Users\roman\AppData\Local\Programs\Python\Python313\Lib\site-packages\fastapi\routing.py", line 346, in run_endpoint_function
    return await run_in_threadpool(dependant.call, **values)
           ^^^^^^^^^^^^^^^^^^^^^^^^^^^^^^^^^^^^^^^^^^^^^^^^^
  File "C:\Users\roman\AppData\Local\Programs\Python\Python313\Lib\site-packages\starlette\concurrency.py", line 34, in run_in_threadpool
    return await anyio.to_thread.run_sync(func)
           ^^^^^^^^^^^^^^^^^^^^^^^^^^^^^^^^^^^^
  File "C:\Users\roman\AppData\Local\Programs\Python\Python313\Lib\site-packages\anyio\to_thread.py", line 56, in run_sync
    return await get_async_backend().run_sync_in_worker_thread(
           ^^^^^^^^^^^^^^^^^^^^^^^^^^^^^^^^^^^^^^^^^^^^^^^^^^^^
        func, args, abandon_on_cancel=abandon_on_cancel, limiter=limiter
        ^^^^^^^^^^^^^^^^^^^^^^^^^^^^^^^^^^^^^^^^^^^^^^^^^^^^^^^^^^^^^^^^
    )
    ^
  File "C:\Users\roman\AppData\Local\Programs\Python\Python313\Lib\site-packages\anyio\_backends\_asyncio.py", line 2485, in run_sync_in_worker_thread
    return await future
           ^^^^^^^^^^^^
  File "C:\Users\roman\AppData\Local\Programs\Python\Python313\Lib\site-packages\anyio\_backends\_asyncio.py", line 976, in run
    result = context.run(func, *args)
  File "C:\Users\roman\Documents\Obsidian Vault\Programs\JobMatrix\api\routes\notifications.py", line 24, in list_events
    q = q.filter(Event.read_at.is_(None))
  File "<string>", line 2, in filter
  File "C:\Users\roman\AppData\Local\Programs\Python\Python313\Lib\site-packages\sqlalchemy\sql\base.py", line 284, in _generative
    x = fn(self, *args, **kw)
  File "<string>", line 2, in filter
  File "C:\Users\roman\AppData\Local\Programs\Python\Python313\Lib\site-packages\sqlalchemy\orm\base.py", line 303, in generate
    assertion(self, fn.__name__)
    ~~~~~~~~~^^^^^^^^^^^^^^^^^^^
  File "C:\Users\roman\AppData\Local\Programs\Python\Python313\Lib\site-packages\sqlalchemy\orm\query.py", line 444, in _no_limit_offset
    raise sa_exc.InvalidRequestError(
    ...<3 lines>...
    )
sqlalchemy.exc.InvalidRequestError: Query.filter() being called on a Query which already has LIMIT or OFFSET applied.  Call filter() before limit() or offset() are applied.
INFO:     127.0.0.1:60257 - "GET /api/vacancies HTTP/1.1" 200 OK
INFO:     127.0.0.1:56902 - "GET /api/notifications?unread=1 HTTP/1.1" 500 Internal Server Error
ERROR:    Exception in ASGI application
Traceback (most recent call last):
  File "C:\Users\roman\AppData\Local\Programs\Python\Python313\Lib\site-packages\uvicorn\protocols\http\httptools_impl.py", line 422, in run_asgi
    result = await app(  # type: ignore[func-returns-value]
             ^^^^^^^^^^^^^^^^^^^^^^^^^^^^^^^^^^^^^^^^^^^^^^
        self.scope, self.receive, self.send
        ^^^^^^^^^^^^^^^^^^^^^^^^^^^^^^^^^^^
    )
    ^
  File "C:\Users\roman\AppData\Local\Programs\Python\Python313\Lib\site-packages\uvicorn\middleware\proxy_headers.py", line 63, in __call__
    return await self.app(scope, receive, send)
           ^^^^^^^^^^^^^^^^^^^^^^^^^^^^^^^^^^^^
  File "C:\Users\roman\AppData\Local\Programs\Python\Python313\Lib\site-packages\fastapi\applications.py", line 1163, in __call__
    await super().__call__(scope, receive, send)
  File "C:\Users\roman\AppData\Local\Programs\Python\Python313\Lib\site-packages\starlette\applications.py", line 90, in __call__
    await self.middleware_stack(scope, receive, send)
  File "C:\Users\roman\AppData\Local\Programs\Python\Python313\Lib\site-packages\starlette\middleware\errors.py", line 186, in __call__
    raise exc
  File "C:\Users\roman\AppData\Local\Programs\Python\Python313\Lib\site-packages\starlette\middleware\errors.py", line 164, in __call__
    await self.app(scope, receive, _send)
  File "C:\Users\roman\AppData\Local\Programs\Python\Python313\Lib\site-packages\starlette\middleware\cors.py", line 88, in __call__
    await self.app(scope, receive, send)
  File "C:\Users\roman\AppData\Local\Programs\Python\Python313\Lib\site-packages\starlette\middleware\exceptions.py", line 63, in __call__
    await wrap_app_handling_exceptions(self.app, conn)(scope, receive, send)
  File "C:\Users\roman\AppData\Local\Programs\Python\Python313\Lib\site-packages\starlette\_exception_handler.py", line 53, in wrapped_app
    raise exc
  File "C:\Users\roman\AppData\Local\Programs\Python\Python313\Lib\site-packages\starlette\_exception_handler.py", line 42, in wrapped_app
    await app(scope, receive, sender)
  File "C:\Users\roman\AppData\Local\Programs\Python\Python313\Lib\site-packages\fastapi\middleware\asyncexitstack.py", line 18, in __call__
    await self.app(scope, receive, send)
  File "C:\Users\roman\AppData\Local\Programs\Python\Python313\Lib\site-packages\starlette\routing.py", line 660, in __call__
    await self.middleware_stack(scope, receive, send)
  File "C:\Users\roman\AppData\Local\Programs\Python\Python313\Lib\site-packages\fastapi\routing.py", line 2683, in app
    await route.handle(scope, receive, send)
  File "C:\Users\roman\AppData\Local\Programs\Python\Python313\Lib\site-packages\fastapi\routing.py", line 1753, in handle
    await self.original_router.handle(scope, receive, send)
  File "C:\Users\roman\AppData\Local\Programs\Python\Python313\Lib\site-packages\fastapi\routing.py", line 2738, in handle
    await included_router._handle_selected(scope, receive, send)
  File "C:\Users\roman\AppData\Local\Programs\Python\Python313\Lib\site-packages\fastapi\routing.py", line 1773, in _handle_selected
    await original_route.handle(scope, receive, send)
  File "C:\Users\roman\AppData\Local\Programs\Python\Python313\Lib\site-packages\fastapi\routing.py", line 1264, in handle
    await app(scope, receive, send)
  File "C:\Users\roman\AppData\Local\Programs\Python\Python313\Lib\site-packages\fastapi\routing.py", line 150, in app
    await wrap_app_handling_exceptions(app, request)(scope, receive, send)
  File "C:\Users\roman\AppData\Local\Programs\Python\Python313\Lib\site-packages\starlette\_exception_handler.py", line 53, in wrapped_app
    raise exc
  File "C:\Users\roman\AppData\Local\Programs\Python\Python313\Lib\site-packages\starlette\_exception_handler.py", line 42, in wrapped_app
    await app(scope, receive, sender)
  File "C:\Users\roman\AppData\Local\Programs\Python\Python313\Lib\site-packages\fastapi\routing.py", line 136, in app
    response = await f(request)
               ^^^^^^^^^^^^^^^^
  File "C:\Users\roman\AppData\Local\Programs\Python\Python313\Lib\site-packages\fastapi\routing.py", line 690, in app
    raw_response = await run_endpoint_function(
                   ^^^^^^^^^^^^^^^^^^^^^^^^^^^^
    ...<3 lines>...
    )
    ^
  File "C:\Users\roman\AppData\Local\Programs\Python\Python313\Lib\site-packages\fastapi\routing.py", line 346, in run_endpoint_function
    return await run_in_threadpool(dependant.call, **values)
           ^^^^^^^^^^^^^^^^^^^^^^^^^^^^^^^^^^^^^^^^^^^^^^^^^
  File "C:\Users\roman\AppData\Local\Programs\Python\Python313\Lib\site-packages\starlette\concurrency.py", line 34, in run_in_threadpool
    return await anyio.to_thread.run_sync(func)
           ^^^^^^^^^^^^^^^^^^^^^^^^^^^^^^^^^^^^
  File "C:\Users\roman\AppData\Local\Programs\Python\Python313\Lib\site-packages\anyio\to_thread.py", line 56, in run_sync
    return await get_async_backend().run_sync_in_worker_thread(
           ^^^^^^^^^^^^^^^^^^^^^^^^^^^^^^^^^^^^^^^^^^^^^^^^^^^^
        func, args, abandon_on_cancel=abandon_on_cancel, limiter=limiter
        ^^^^^^^^^^^^^^^^^^^^^^^^^^^^^^^^^^^^^^^^^^^^^^^^^^^^^^^^^^^^^^^^
    )
    ^
  File "C:\Users\roman\AppData\Local\Programs\Python\Python313\Lib\site-packages\anyio\_backends\_asyncio.py", line 2485, in run_sync_in_worker_thread
    return await future
           ^^^^^^^^^^^^
  File "C:\Users\roman\AppData\Local\Programs\Python\Python313\Lib\site-packages\anyio\_backends\_asyncio.py", line 976, in run
    result = context.run(func, *args)
  File "C:\Users\roman\Documents\Obsidian Vault\Programs\JobMatrix\api\routes\notifications.py", line 24, in list_events
    q = q.filter(Event.read_at.is_(None))
  File "<string>", line 2, in filter
  File "C:\Users\roman\AppData\Local\Programs\Python\Python313\Lib\site-packages\sqlalchemy\sql\base.py", line 284, in _generative
    x = fn(self, *args, **kw)
  File "<string>", line 2, in filter
  File "C:\Users\roman\AppData\Local\Programs\Python\Python313\Lib\site-packages\sqlalchemy\orm\base.py", line 303, in generate
    assertion(self, fn.__name__)
    ~~~~~~~~~^^^^^^^^^^^^^^^^^^^
  File "C:\Users\roman\AppData\Local\Programs\Python\Python313\Lib\site-packages\sqlalchemy\orm\query.py", line 444, in _no_limit_offset
    raise sa_exc.InvalidRequestError(
    ...<3 lines>...
    )
sqlalchemy.exc.InvalidRequestError: Query.filter() being called on a Query which already has LIMIT or OFFSET applied.  Call filter() before limit() or offset() are applied.
INFO:     127.0.0.1:55092 - "GET /api/vacancies HTTP/1.1" 200 OK
INFO:     Started server process [22888]
INFO:     Waiting for application startup.
2026-08-18 20:55:24,629 INFO jobmatrix: JobMatrix запущен: http://127.0.0.1:8000 (demo=True)
2026-08-18 20:55:24,700 INFO jobmatrix: Сбор: проверено 11, новых событий 4
INFO:     Application startup complete.
INFO:     Uvicorn running on http://127.0.0.1:8000 (Press CTRL+C to quit)
[JobMatrix] Запуск: http://127.0.0.1:8000
[JobMatrix] Демо-режим: True | Сбор каждые 2 мин
[JobMatrix] Логи: C:\Users\roman\Documents\Obsidian Vault\Programs\JobMatrix\data\logs\app.log
[JobMatrix] Остановка: launcher\stop.bat (или Ctrl+C, если видна консоль)
INFO:     127.0.0.1:53432 - "GET / HTTP/1.1" 200 OK
INFO:     127.0.0.1:53432 - "GET /style.css HTTP/1.1" 304 Not Modified
INFO:     127.0.0.1:58125 - "GET /app.js HTTP/1.1" 304 Not Modified
INFO:     127.0.0.1:50354 - "WebSocket /ws/events" [accepted]
INFO:     connection open
INFO:     127.0.0.1:53432 - "GET /api/notifications?unread=1 HTTP/1.1" 500 Internal Server Error
ERROR:    Exception in ASGI application
Traceback (most recent call last):
  File "C:\Users\roman\AppData\Local\Programs\Python\Python313\Lib\site-packages\uvicorn\protocols\http\httptools_impl.py", line 422, in run_asgi
    result = await app(  # type: ignore[func-returns-value]
             ^^^^^^^^^^^^^^^^^^^^^^^^^^^^^^^^^^^^^^^^^^^^^^
        self.scope, self.receive, self.send
        ^^^^^^^^^^^^^^^^^^^^^^^^^^^^^^^^^^^
    )
    ^
  File "C:\Users\roman\AppData\Local\Programs\Python\Python313\Lib\site-packages\uvicorn\middleware\proxy_headers.py", line 63, in __call__
    return await self.app(scope, receive, send)
           ^^^^^^^^^^^^^^^^^^^^^^^^^^^^^^^^^^^^
  File "C:\Users\roman\AppData\Local\Programs\Python\Python313\Lib\site-packages\fastapi\applications.py", line 1163, in __call__
    await super().__call__(scope, receive, send)
  File "C:\Users\roman\AppData\Local\Programs\Python\Python313\Lib\site-packages\starlette\applications.py", line 90, in __call__
    await self.middleware_stack(scope, receive, send)
  File "C:\Users\roman\AppData\Local\Programs\Python\Python313\Lib\site-packages\starlette\middleware\errors.py", line 186, in __call__
    raise exc
  File "C:\Users\roman\AppData\Local\Programs\Python\Python313\Lib\site-packages\starlette\middleware\errors.py", line 164, in __call__
    await self.app(scope, receive, _send)
  File "C:\Users\roman\AppData\Local\Programs\Python\Python313\Lib\site-packages\starlette\middleware\cors.py", line 88, in __call__
    await self.app(scope, receive, send)
  File "C:\Users\roman\AppData\Local\Programs\Python\Python313\Lib\site-packages\starlette\middleware\exceptions.py", line 63, in __call__
    await wrap_app_handling_exceptions(self.app, conn)(scope, receive, send)
  File "C:\Users\roman\AppData\Local\Programs\Python\Python313\Lib\site-packages\starlette\_exception_handler.py", line 53, in wrapped_app
    raise exc
  File "C:\Users\roman\AppData\Local\Programs\Python\Python313\Lib\site-packages\starlette\_exception_handler.py", line 42, in wrapped_app
    await app(scope, receive, sender)
  File "C:\Users\roman\AppData\Local\Programs\Python\Python313\Lib\site-packages\fastapi\middleware\asyncexitstack.py", line 18, in __call__
    await self.app(scope, receive, send)
  File "C:\Users\roman\AppData\Local\Programs\Python\Python313\Lib\site-packages\starlette\routing.py", line 660, in __call__
    await self.middleware_stack(scope, receive, send)
  File "C:\Users\roman\AppData\Local\Programs\Python\Python313\Lib\site-packages\fastapi\routing.py", line 2683, in app
    await route.handle(scope, receive, send)
  File "C:\Users\roman\AppData\Local\Programs\Python\Python313\Lib\site-packages\fastapi\routing.py", line 1753, in handle
    await self.original_router.handle(scope, receive, send)
  File "C:\Users\roman\AppData\Local\Programs\Python\Python313\Lib\site-packages\fastapi\routing.py", line 2738, in handle
    await included_router._handle_selected(scope, receive, send)
  File "C:\Users\roman\AppData\Local\Programs\Python\Python313\Lib\site-packages\fastapi\routing.py", line 1773, in _handle_selected
    await original_route.handle(scope, receive, send)
  File "C:\Users\roman\AppData\Local\Programs\Python\Python313\Lib\site-packages\fastapi\routing.py", line 1264, in handle
    await app(scope, receive, send)
  File "C:\Users\roman\AppData\Local\Programs\Python\Python313\Lib\site-packages\fastapi\routing.py", line 150, in app
    await wrap_app_handling_exceptions(app, request)(scope, receive, send)
  File "C:\Users\roman\AppData\Local\Programs\Python\Python313\Lib\site-packages\starlette\_exception_handler.py", line 53, in wrapped_app
    raise exc
  File "C:\Users\roman\AppData\Local\Programs\Python\Python313\Lib\site-packages\starlette\_exception_handler.py", line 42, in wrapped_app
    await app(scope, receive, sender)
  File "C:\Users\roman\AppData\Local\Programs\Python\Python313\Lib\site-packages\fastapi\routing.py", line 136, in app
    response = await f(request)
               ^^^^^^^^^^^^^^^^
  File "C:\Users\roman\AppData\Local\Programs\Python\Python313\Lib\site-packages\fastapi\routing.py", line 690, in app
    raw_response = await run_endpoint_function(
                   ^^^^^^^^^^^^^^^^^^^^^^^^^^^^
    ...<3 lines>...
    )
    ^
  File "C:\Users\roman\AppData\Local\Programs\Python\Python313\Lib\site-packages\fastapi\routing.py", line 346, in run_endpoint_function
    return await run_in_threadpool(dependant.call, **values)
           ^^^^^^^^^^^^^^^^^^^^^^^^^^^^^^^^^^^^^^^^^^^^^^^^^
  File "C:\Users\roman\AppData\Local\Programs\Python\Python313\Lib\site-packages\starlette\concurrency.py", line 34, in run_in_threadpool
    return await anyio.to_thread.run_sync(func)
           ^^^^^^^^^^^^^^^^^^^^^^^^^^^^^^^^^^^^
  File "C:\Users\roman\AppData\Local\Programs\Python\Python313\Lib\site-packages\anyio\to_thread.py", line 56, in run_sync
    return await get_async_backend().run_sync_in_worker_thread(
           ^^^^^^^^^^^^^^^^^^^^^^^^^^^^^^^^^^^^^^^^^^^^^^^^^^^^
        func, args, abandon_on_cancel=abandon_on_cancel, limiter=limiter
        ^^^^^^^^^^^^^^^^^^^^^^^^^^^^^^^^^^^^^^^^^^^^^^^^^^^^^^^^^^^^^^^^
    )
    ^
  File "C:\Users\roman\AppData\Local\Programs\Python\Python313\Lib\site-packages\anyio\_backends\_asyncio.py", line 2485, in run_sync_in_worker_thread
    return await future
           ^^^^^^^^^^^^
  File "C:\Users\roman\AppData\Local\Programs\Python\Python313\Lib\site-packages\anyio\_backends\_asyncio.py", line 976, in run
    result = context.run(func, *args)
  File "C:\Users\roman\Documents\Obsidian Vault\Programs\JobMatrix\api\routes\notifications.py", line 24, in list_events
    q = q.filter(Event.read_at.is_(None))
  File "<string>", line 2, in filter
  File "C:\Users\roman\AppData\Local\Programs\Python\Python313\Lib\site-packages\sqlalchemy\sql\base.py", line 284, in _generative
    x = fn(self, *args, **kw)
  File "<string>", line 2, in filter
  File "C:\Users\roman\AppData\Local\Programs\Python\Python313\Lib\site-packages\sqlalchemy\orm\base.py", line 303, in generate
    assertion(self, fn.__name__)
    ~~~~~~~~~^^^^^^^^^^^^^^^^^^^
  File "C:\Users\roman\AppData\Local\Programs\Python\Python313\Lib\site-packages\sqlalchemy\orm\query.py", line 444, in _no_limit_offset
    raise sa_exc.InvalidRequestError(
    ...<3 lines>...
    )
sqlalchemy.exc.InvalidRequestError: Query.filter() being called on a Query which already has LIMIT or OFFSET applied.  Call filter() before limit() or offset() are applied.
INFO:     127.0.0.1:58125 - "GET /api/vacancies HTTP/1.1" 200 OK
INFO:     127.0.0.1:60444 - "GET /api/notifications?unread=1 HTTP/1.1" 500 Internal Server Error
ERROR:    Exception in ASGI application
Traceback (most recent call last):
  File "C:\Users\roman\AppData\Local\Programs\Python\Python313\Lib\site-packages\uvicorn\protocols\http\httptools_impl.py", line 422, in run_asgi
    result = await app(  # type: ignore[func-returns-value]
             ^^^^^^^^^^^^^^^^^^^^^^^^^^^^^^^^^^^^^^^^^^^^^^
        self.scope, self.receive, self.send
        ^^^^^^^^^^^^^^^^^^^^^^^^^^^^^^^^^^^
    )
    ^
  File "C:\Users\roman\AppData\Local\Programs\Python\Python313\Lib\site-packages\uvicorn\middleware\proxy_headers.py", line 63, in __call__
    return await self.app(scope, receive, send)
           ^^^^^^^^^^^^^^^^^^^^^^^^^^^^^^^^^^^^
  File "C:\Users\roman\AppData\Local\Programs\Python\Python313\Lib\site-packages\fastapi\applications.py", line 1163, in __call__
    await super().__call__(scope, receive, send)
  File "C:\Users\roman\AppData\Local\Programs\Python\Python313\Lib\site-packages\starlette\applications.py", line 90, in __call__
    await self.middleware_stack(scope, receive, send)
  File "C:\Users\roman\AppData\Local\Programs\Python\Python313\Lib\site-packages\starlette\middleware\errors.py", line 186, in __call__
    raise exc
  File "C:\Users\roman\AppData\Local\Programs\Python\Python313\Lib\site-packages\starlette\middleware\errors.py", line 164, in __call__
    await self.app(scope, receive, _send)
  File "C:\Users\roman\AppData\Local\Programs\Python\Python313\Lib\site-packages\starlette\middleware\cors.py", line 88, in __call__
    await self.app(scope, receive, send)
  File "C:\Users\roman\AppData\Local\Programs\Python\Python313\Lib\site-packages\starlette\middleware\exceptions.py", line 63, in __call__
    await wrap_app_handling_exceptions(self.app, conn)(scope, receive, send)
  File "C:\Users\roman\AppData\Local\Programs\Python\Python313\Lib\site-packages\starlette\_exception_handler.py", line 53, in wrapped_app
    raise exc
  File "C:\Users\roman\AppData\Local\Programs\Python\Python313\Lib\site-packages\starlette\_exception_handler.py", line 42, in wrapped_app
    await app(scope, receive, sender)
  File "C:\Users\roman\AppData\Local\Programs\Python\Python313\Lib\site-packages\fastapi\middleware\asyncexitstack.py", line 18, in __call__
    await self.app(scope, receive, send)
  File "C:\Users\roman\AppData\Local\Programs\Python\Python313\Lib\site-packages\starlette\routing.py", line 660, in __call__
    await self.middleware_stack(scope, receive, send)
  File "C:\Users\roman\AppData\Local\Programs\Python\Python313\Lib\site-packages\fastapi\routing.py", line 2683, in app
    await route.handle(scope, receive, send)
  File "C:\Users\roman\AppData\Local\Programs\Python\Python313\Lib\site-packages\fastapi\routing.py", line 1753, in handle
    await self.original_router.handle(scope, receive, send)
  File "C:\Users\roman\AppData\Local\Programs\Python\Python313\Lib\site-packages\fastapi\routing.py", line 2738, in handle
    await included_router._handle_selected(scope, receive, send)
  File "C:\Users\roman\AppData\Local\Programs\Python\Python313\Lib\site-packages\fastapi\routing.py", line 1773, in _handle_selected
    await original_route.handle(scope, receive, send)
  File "C:\Users\roman\AppData\Local\Programs\Python\Python313\Lib\site-packages\fastapi\routing.py", line 1264, in handle
    await app(scope, receive, send)
  File "C:\Users\roman\AppData\Local\Programs\Python\Python313\Lib\site-packages\fastapi\routing.py", line 150, in app
    await wrap_app_handling_exceptions(app, request)(scope, receive, send)
  File "C:\Users\roman\AppData\Local\Programs\Python\Python313\Lib\site-packages\starlette\_exception_handler.py", line 53, in wrapped_app
    raise exc
  File "C:\Users\roman\AppData\Local\Programs\Python\Python313\Lib\site-packages\starlette\_exception_handler.py", line 42, in wrapped_app
    await app(scope, receive, sender)
  File "C:\Users\roman\AppData\Local\Programs\Python\Python313\Lib\site-packages\fastapi\routing.py", line 136, in app
    response = await f(request)
               ^^^^^^^^^^^^^^^^
  File "C:\Users\roman\AppData\Local\Programs\Python\Python313\Lib\site-packages\fastapi\routing.py", line 690, in app
    raw_response = await run_endpoint_function(
                   ^^^^^^^^^^^^^^^^^^^^^^^^^^^^
    ...<3 lines>...
    )
    ^
  File "C:\Users\roman\AppData\Local\Programs\Python\Python313\Lib\site-packages\fastapi\routing.py", line 346, in run_endpoint_function
    return await run_in_threadpool(dependant.call, **values)
           ^^^^^^^^^^^^^^^^^^^^^^^^^^^^^^^^^^^^^^^^^^^^^^^^^
  File "C:\Users\roman\AppData\Local\Programs\Python\Python313\Lib\site-packages\starlette\concurrency.py", line 34, in run_in_threadpool
    return await anyio.to_thread.run_sync(func)
           ^^^^^^^^^^^^^^^^^^^^^^^^^^^^^^^^^^^^
  File "C:\Users\roman\AppData\Local\Programs\Python\Python313\Lib\site-packages\anyio\to_thread.py", line 56, in run_sync
    return await get_async_backend().run_sync_in_worker_thread(
           ^^^^^^^^^^^^^^^^^^^^^^^^^^^^^^^^^^^^^^^^^^^^^^^^^^^^
        func, args, abandon_on_cancel=abandon_on_cancel, limiter=limiter
        ^^^^^^^^^^^^^^^^^^^^^^^^^^^^^^^^^^^^^^^^^^^^^^^^^^^^^^^^^^^^^^^^
    )
    ^
  File "C:\Users\roman\AppData\Local\Programs\Python\Python313\Lib\site-packages\anyio\_backends\_asyncio.py", line 2485, in run_sync_in_worker_thread
    return await future
           ^^^^^^^^^^^^
  File "C:\Users\roman\AppData\Local\Programs\Python\Python313\Lib\site-packages\anyio\_backends\_asyncio.py", line 976, in run
    result = context.run(func, *args)
  File "C:\Users\roman\Documents\Obsidian Vault\Programs\JobMatrix\api\routes\notifications.py", line 24, in list_events
    q = q.filter(Event.read_at.is_(None))
  File "<string>", line 2, in filter
  File "C:\Users\roman\AppData\Local\Programs\Python\Python313\Lib\site-packages\sqlalchemy\sql\base.py", line 284, in _generative
    x = fn(self, *args, **kw)
  File "<string>", line 2, in filter
  File "C:\Users\roman\AppData\Local\Programs\Python\Python313\Lib\site-packages\sqlalchemy\orm\base.py", line 303, in generate
    assertion(self, fn.__name__)
    ~~~~~~~~~^^^^^^^^^^^^^^^^^^^
  File "C:\Users\roman\AppData\Local\Programs\Python\Python313\Lib\site-packages\sqlalchemy\orm\query.py", line 444, in _no_limit_offset
    raise sa_exc.InvalidRequestError(
    ...<3 lines>...
    )
sqlalchemy.exc.InvalidRequestError: Query.filter() being called on a Query which already has LIMIT or OFFSET applied.  Call filter() before limit() or offset() are applied.
INFO:     127.0.0.1:50526 - "GET /api/vacancies HTTP/1.1" 200 OK
INFO:     127.0.0.1:63294 - "GET /api/notifications?unread=1 HTTP/1.1" 500 Internal Server Error
ERROR:    Exception in ASGI application
Traceback (most recent call last):
  File "C:\Users\roman\AppData\Local\Programs\Python\Python313\Lib\site-packages\uvicorn\protocols\http\httptools_impl.py", line 422, in run_asgi
    result = await app(  # type: ignore[func-returns-value]
             ^^^^^^^^^^^^^^^^^^^^^^^^^^^^^^^^^^^^^^^^^^^^^^
        self.scope, self.receive, self.send
        ^^^^^^^^^^^^^^^^^^^^^^^^^^^^^^^^^^^
    )
    ^
  File "C:\Users\roman\AppData\Local\Programs\Python\Python313\Lib\site-packages\uvicorn\middleware\proxy_headers.py", line 63, in __call__
    return await self.app(scope, receive, send)
           ^^^^^^^^^^^^^^^^^^^^^^^^^^^^^^^^^^^^
  File "C:\Users\roman\AppData\Local\Programs\Python\Python313\Lib\site-packages\fastapi\applications.py", line 1163, in __call__
    await super().__call__(scope, receive, send)
  File "C:\Users\roman\AppData\Local\Programs\Python\Python313\Lib\site-packages\starlette\applications.py", line 90, in __call__
    await self.middleware_stack(scope, receive, send)
  File "C:\Users\roman\AppData\Local\Programs\Python\Python313\Lib\site-packages\starlette\middleware\errors.py", line 186, in __call__
    raise exc
  File "C:\Users\roman\AppData\Local\Programs\Python\Python313\Lib\site-packages\starlette\middleware\errors.py", line 164, in __call__
    await self.app(scope, receive, _send)
  File "C:\Users\roman\AppData\Local\Programs\Python\Python313\Lib\site-packages\starlette\middleware\cors.py", line 88, in __call__
    await self.app(scope, receive, send)
  File "C:\Users\roman\AppData\Local\Programs\Python\Python313\Lib\site-packages\starlette\middleware\exceptions.py", line 63, in __call__
    await wrap_app_handling_exceptions(self.app, conn)(scope, receive, send)
  File "C:\Users\roman\AppData\Local\Programs\Python\Python313\Lib\site-packages\starlette\_exception_handler.py", line 53, in wrapped_app
    raise exc
  File "C:\Users\roman\AppData\Local\Programs\Python\Python313\Lib\site-packages\starlette\_exception_handler.py", line 42, in wrapped_app
    await app(scope, receive, sender)
  File "C:\Users\roman\AppData\Local\Programs\Python\Python313\Lib\site-packages\fastapi\middleware\asyncexitstack.py", line 18, in __call__
    await self.app(scope, receive, send)
  File "C:\Users\roman\AppData\Local\Programs\Python\Python313\Lib\site-packages\starlette\routing.py", line 660, in __call__
    await self.middleware_stack(scope, receive, send)
  File "C:\Users\roman\AppData\Local\Programs\Python\Python313\Lib\site-packages\fastapi\routing.py", line 2683, in app
    await route.handle(scope, receive, send)
  File "C:\Users\roman\AppData\Local\Programs\Python\Python313\Lib\site-packages\fastapi\routing.py", line 1753, in handle
    await self.original_router.handle(scope, receive, send)
  File "C:\Users\roman\AppData\Local\Programs\Python\Python313\Lib\site-packages\fastapi\routing.py", line 2738, in handle
    await included_router._handle_selected(scope, receive, send)
  File "C:\Users\roman\AppData\Local\Programs\Python\Python313\Lib\site-packages\fastapi\routing.py", line 1773, in _handle_selected
    await original_route.handle(scope, receive, send)
  File "C:\Users\roman\AppData\Local\Programs\Python\Python313\Lib\site-packages\fastapi\routing.py", line 1264, in handle
    await app(scope, receive, send)
  File "C:\Users\roman\AppData\Local\Programs\Python\Python313\Lib\site-packages\fastapi\routing.py", line 150, in app
    await wrap_app_handling_exceptions(app, request)(scope, receive, send)
  File "C:\Users\roman\AppData\Local\Programs\Python\Python313\Lib\site-packages\starlette\_exception_handler.py", line 53, in wrapped_app
    raise exc
  File "C:\Users\roman\AppData\Local\Programs\Python\Python313\Lib\site-packages\starlette\_exception_handler.py", line 42, in wrapped_app
    await app(scope, receive, sender)
  File "C:\Users\roman\AppData\Local\Programs\Python\Python313\Lib\site-packages\fastapi\routing.py", line 136, in app
    response = await f(request)
               ^^^^^^^^^^^^^^^^
  File "C:\Users\roman\AppData\Local\Programs\Python\Python313\Lib\site-packages\fastapi\routing.py", line 690, in app
    raw_response = await run_endpoint_function(
                   ^^^^^^^^^^^^^^^^^^^^^^^^^^^^
    ...<3 lines>...
    )
    ^
  File "C:\Users\roman\AppData\Local\Programs\Python\Python313\Lib\site-packages\fastapi\routing.py", line 346, in run_endpoint_function
    return await run_in_threadpool(dependant.call, **values)
           ^^^^^^^^^^^^^^^^^^^^^^^^^^^^^^^^^^^^^^^^^^^^^^^^^
  File "C:\Users\roman\AppData\Local\Programs\Python\Python313\Lib\site-packages\starlette\concurrency.py", line 34, in run_in_threadpool
    return await anyio.to_thread.run_sync(func)
           ^^^^^^^^^^^^^^^^^^^^^^^^^^^^^^^^^^^^
  File "C:\Users\roman\AppData\Local\Programs\Python\Python313\Lib\site-packages\anyio\to_thread.py", line 56, in run_sync
    return await get_async_backend().run_sync_in_worker_thread(
           ^^^^^^^^^^^^^^^^^^^^^^^^^^^^^^^^^^^^^^^^^^^^^^^^^^^^
        func, args, abandon_on_cancel=abandon_on_cancel, limiter=limiter
        ^^^^^^^^^^^^^^^^^^^^^^^^^^^^^^^^^^^^^^^^^^^^^^^^^^^^^^^^^^^^^^^^
    )
    ^
  File "C:\Users\roman\AppData\Local\Programs\Python\Python313\Lib\site-packages\anyio\_backends\_asyncio.py", line 2485, in run_sync_in_worker_thread
    return await future
           ^^^^^^^^^^^^
  File "C:\Users\roman\AppData\Local\Programs\Python\Python313\Lib\site-packages\anyio\_backends\_asyncio.py", line 976, in run
    result = context.run(func, *args)
  File "C:\Users\roman\Documents\Obsidian Vault\Programs\JobMatrix\api\routes\notifications.py", line 24, in list_events
    q = q.filter(Event.read_at.is_(None))
  File "<string>", line 2, in filter
  File "C:\Users\roman\AppData\Local\Programs\Python\Python313\Lib\site-packages\sqlalchemy\sql\base.py", line 284, in _generative
    x = fn(self, *args, **kw)
  File "<string>", line 2, in filter
  File "C:\Users\roman\AppData\Local\Programs\Python\Python313\Lib\site-packages\sqlalchemy\orm\base.py", line 303, in generate
    assertion(self, fn.__name__)
    ~~~~~~~~~^^^^^^^^^^^^^^^^^^^
  File "C:\Users\roman\AppData\Local\Programs\Python\Python313\Lib\site-packages\sqlalchemy\orm\query.py", line 444, in _no_limit_offset
    raise sa_exc.InvalidRequestError(
    ...<3 lines>...
    )
sqlalchemy.exc.InvalidRequestError: Query.filter() being called on a Query which already has LIMIT or OFFSET applied.  Call filter() before limit() or offset() are applied.
INFO:     127.0.0.1:61551 - "GET /api/vacancies HTTP/1.1" 200 OK
INFO:     127.0.0.1:59275 - "GET /api/notifications?unread=1 HTTP/1.1" 500 Internal Server Error
ERROR:    Exception in ASGI application
Traceback (most recent call last):
  File "C:\Users\roman\AppData\Local\Programs\Python\Python313\Lib\site-packages\uvicorn\protocols\http\httptools_impl.py", line 422, in run_asgi
    result = await app(  # type: ignore[func-returns-value]
             ^^^^^^^^^^^^^^^^^^^^^^^^^^^^^^^^^^^^^^^^^^^^^^
        self.scope, self.receive, self.send
        ^^^^^^^^^^^^^^^^^^^^^^^^^^^^^^^^^^^
    )
    ^
  File "C:\Users\roman\AppData\Local\Programs\Python\Python313\Lib\site-packages\uvicorn\middleware\proxy_headers.py", line 63, in __call__
    return await self.app(scope, receive, send)
           ^^^^^^^^^^^^^^^^^^^^^^^^^^^^^^^^^^^^
  File "C:\Users\roman\AppData\Local\Programs\Python\Python313\Lib\site-packages\fastapi\applications.py", line 1163, in __call__
    await super().__call__(scope, receive, send)
  File "C:\Users\roman\AppData\Local\Programs\Python\Python313\Lib\site-packages\starlette\applications.py", line 90, in __call__
    await self.middleware_stack(scope, receive, send)
  File "C:\Users\roman\AppData\Local\Programs\Python\Python313\Lib\site-packages\starlette\middleware\errors.py", line 186, in __call__
    raise exc
  File "C:\Users\roman\AppData\Local\Programs\Python\Python313\Lib\site-packages\starlette\middleware\errors.py", line 164, in __call__
    await self.app(scope, receive, _send)
  File "C:\Users\roman\AppData\Local\Programs\Python\Python313\Lib\site-packages\starlette\middleware\cors.py", line 88, in __call__
    await self.app(scope, receive, send)
  File "C:\Users\roman\AppData\Local\Programs\Python\Python313\Lib\site-packages\starlette\middleware\exceptions.py", line 63, in __call__
    await wrap_app_handling_exceptions(self.app, conn)(scope, receive, send)
  File "C:\Users\roman\AppData\Local\Programs\Python\Python313\Lib\site-packages\starlette\_exception_handler.py", line 53, in wrapped_app
    raise exc
  File "C:\Users\roman\AppData\Local\Programs\Python\Python313\Lib\site-packages\starlette\_exception_handler.py", line 42, in wrapped_app
    await app(scope, receive, sender)
  File "C:\Users\roman\AppData\Local\Programs\Python\Python313\Lib\site-packages\fastapi\middleware\asyncexitstack.py", line 18, in __call__
    await self.app(scope, receive, send)
  File "C:\Users\roman\AppData\Local\Programs\Python\Python313\Lib\site-packages\starlette\routing.py", line 660, in __call__
    await self.middleware_stack(scope, receive, send)
  File "C:\Users\roman\AppData\Local\Programs\Python\Python313\Lib\site-packages\fastapi\routing.py", line 2683, in app
    await route.handle(scope, receive, send)
  File "C:\Users\roman\AppData\Local\Programs\Python\Python313\Lib\site-packages\fastapi\routing.py", line 1753, in handle
    await self.original_router.handle(scope, receive, send)
  File "C:\Users\roman\AppData\Local\Programs\Python\Python313\Lib\site-packages\fastapi\routing.py", line 2738, in handle
    await included_router._handle_selected(scope, receive, send)
  File "C:\Users\roman\AppData\Local\Programs\Python\Python313\Lib\site-packages\fastapi\routing.py", line 1773, in _handle_selected
    await original_route.handle(scope, receive, send)
  File "C:\Users\roman\AppData\Local\Programs\Python\Python313\Lib\site-packages\fastapi\routing.py", line 1264, in handle
    await app(scope, receive, send)
  File "C:\Users\roman\AppData\Local\Programs\Python\Python313\Lib\site-packages\fastapi\routing.py", line 150, in app
    await wrap_app_handling_exceptions(app, request)(scope, receive, send)
  File "C:\Users\roman\AppData\Local\Programs\Python\Python313\Lib\site-packages\starlette\_exception_handler.py", line 53, in wrapped_app
    raise exc
  File "C:\Users\roman\AppData\Local\Programs\Python\Python313\Lib\site-packages\starlette\_exception_handler.py", line 42, in wrapped_app
    await app(scope, receive, sender)
  File "C:\Users\roman\AppData\Local\Programs\Python\Python313\Lib\site-packages\fastapi\routing.py", line 136, in app
    response = await f(request)
               ^^^^^^^^^^^^^^^^
  File "C:\Users\roman\AppData\Local\Programs\Python\Python313\Lib\site-packages\fastapi\routing.py", line 690, in app
    raw_response = await run_endpoint_function(
                   ^^^^^^^^^^^^^^^^^^^^^^^^^^^^
    ...<3 lines>...
    )
    ^
  File "C:\Users\roman\AppData\Local\Programs\Python\Python313\Lib\site-packages\fastapi\routing.py", line 346, in run_endpoint_function
    return await run_in_threadpool(dependant.call, **values)
           ^^^^^^^^^^^^^^^^^^^^^^^^^^^^^^^^^^^^^^^^^^^^^^^^^
  File "C:\Users\roman\AppData\Local\Programs\Python\Python313\Lib\site-packages\starlette\concurrency.py", line 34, in run_in_threadpool
    return await anyio.to_thread.run_sync(func)
           ^^^^^^^^^^^^^^^^^^^^^^^^^^^^^^^^^^^^
  File "C:\Users\roman\AppData\Local\Programs\Python\Python313\Lib\site-packages\anyio\to_thread.py", line 56, in run_sync
    return await get_async_backend().run_sync_in_worker_thread(
           ^^^^^^^^^^^^^^^^^^^^^^^^^^^^^^^^^^^^^^^^^^^^^^^^^^^^
        func, args, abandon_on_cancel=abandon_on_cancel, limiter=limiter
        ^^^^^^^^^^^^^^^^^^^^^^^^^^^^^^^^^^^^^^^^^^^^^^^^^^^^^^^^^^^^^^^^
    )
    ^
  File "C:\Users\roman\AppData\Local\Programs\Python\Python313\Lib\site-packages\anyio\_backends\_asyncio.py", line 2485, in run_sync_in_worker_thread
    return await future
           ^^^^^^^^^^^^
  File "C:\Users\roman\AppData\Local\Programs\Python\Python313\Lib\site-packages\anyio\_backends\_asyncio.py", line 976, in run
    result = context.run(func, *args)
  File "C:\Users\roman\Documents\Obsidian Vault\Programs\JobMatrix\api\routes\notifications.py", line 24, in list_events
    q = q.filter(Event.read_at.is_(None))
  File "<string>", line 2, in filter
  File "C:\Users\roman\AppData\Local\Programs\Python\Python313\Lib\site-packages\sqlalchemy\sql\base.py", line 284, in _generative
    x = fn(self, *args, **kw)
  File "<string>", line 2, in filter
  File "C:\Users\roman\AppData\Local\Programs\Python\Python313\Lib\site-packages\sqlalchemy\orm\base.py", line 303, in generate
    assertion(self, fn.__name__)
    ~~~~~~~~~^^^^^^^^^^^^^^^^^^^
  File "C:\Users\roman\AppData\Local\Programs\Python\Python313\Lib\site-packages\sqlalchemy\orm\query.py", line 444, in _no_limit_offset
    raise sa_exc.InvalidRequestError(
    ...<3 lines>...
    )
sqlalchemy.exc.InvalidRequestError: Query.filter() being called on a Query which already has LIMIT or OFFSET applied.  Call filter() before limit() or offset() are applied.
INFO:     127.0.0.1:53361 - "GET /api/vacancies HTTP/1.1" 200 OK
INFO:     127.0.0.1:60332 - "POST /api/vacancies/4/find-person HTTP/1.1" 200 OK
INFO:     127.0.0.1:60332 - "GET /api/vacancies/4/resumes HTTP/1.1" 200 OK
INFO:     127.0.0.1:51004 - "POST /api/vacancies/4/find-person HTTP/1.1" 200 OK
INFO:     127.0.0.1:51004 - "GET /api/vacancies/4/resumes HTTP/1.1" 200 OK
INFO:     127.0.0.1:51004 - "POST /api/vacancies/4/find-person HTTP/1.1" 200 OK
INFO:     127.0.0.1:51004 - "GET /api/vacancies/4/resumes HTTP/1.1" 200 OK
2026-08-18 20:57:24,784 INFO jobmatrix: Сбор: проверено 11, новых событий 6
INFO:     127.0.0.1:56012 - "GET /api/notifications?unread=1 HTTP/1.1" 500 Internal Server Error
ERROR:    Exception in ASGI application
Traceback (most recent call last):
  File "C:\Users\roman\AppData\Local\Programs\Python\Python313\Lib\site-packages\uvicorn\protocols\http\httptools_impl.py", line 422, in run_asgi
    result = await app(  # type: ignore[func-returns-value]
             ^^^^^^^^^^^^^^^^^^^^^^^^^^^^^^^^^^^^^^^^^^^^^^
        self.scope, self.receive, self.send
        ^^^^^^^^^^^^^^^^^^^^^^^^^^^^^^^^^^^
    )
    ^
  File "C:\Users\roman\AppData\Local\Programs\Python\Python313\Lib\site-packages\uvicorn\middleware\proxy_headers.py", line 63, in __call__
    return await self.app(scope, receive, send)
           ^^^^^^^^^^^^^^^^^^^^^^^^^^^^^^^^^^^^
  File "C:\Users\roman\AppData\Local\Programs\Python\Python313\Lib\site-packages\fastapi\applications.py", line 1163, in __call__
    await super().__call__(scope, receive, send)
  File "C:\Users\roman\AppData\Local\Programs\Python\Python313\Lib\site-packages\starlette\applications.py", line 90, in __call__
    await self.middleware_stack(scope, receive, send)
  File "C:\Users\roman\AppData\Local\Programs\Python\Python313\Lib\site-packages\starlette\middleware\errors.py", line 186, in __call__
    raise exc
  File "C:\Users\roman\AppData\Local\Programs\Python\Python313\Lib\site-packages\starlette\middleware\errors.py", line 164, in __call__
    await self.app(scope, receive, _send)
  File "C:\Users\roman\AppData\Local\Programs\Python\Python313\Lib\site-packages\starlette\middleware\cors.py", line 88, in __call__
    await self.app(scope, receive, send)
  File "C:\Users\roman\AppData\Local\Programs\Python\Python313\Lib\site-packages\starlette\middleware\exceptions.py", line 63, in __call__
    await wrap_app_handling_exceptions(self.app, conn)(scope, receive, send)
  File "C:\Users\roman\AppData\Local\Programs\Python\Python313\Lib\site-packages\starlette\_exception_handler.py", line 53, in wrapped_app
    raise exc
  File "C:\Users\roman\AppData\Local\Programs\Python\Python313\Lib\site-packages\starlette\_exception_handler.py", line 42, in wrapped_app
    await app(scope, receive, sender)
  File "C:\Users\roman\AppData\Local\Programs\Python\Python313\Lib\site-packages\fastapi\middleware\asyncexitstack.py", line 18, in __call__
    await self.app(scope, receive, send)
  File "C:\Users\roman\AppData\Local\Programs\Python\Python313\Lib\site-packages\starlette\routing.py", line 660, in __call__
    await self.middleware_stack(scope, receive, send)
  File "C:\Users\roman\AppData\Local\Programs\Python\Python313\Lib\site-packages\fastapi\routing.py", line 2683, in app
    await route.handle(scope, receive, send)
  File "C:\Users\roman\AppData\Local\Programs\Python\Python313\Lib\site-packages\fastapi\routing.py", line 1753, in handle
    await self.original_router.handle(scope, receive, send)
  File "C:\Users\roman\AppData\Local\Programs\Python\Python313\Lib\site-packages\fastapi\routing.py", line 2738, in handle
    await included_router._handle_selected(scope, receive, send)
  File "C:\Users\roman\AppData\Local\Programs\Python\Python313\Lib\site-packages\fastapi\routing.py", line 1773, in _handle_selected
    await original_route.handle(scope, receive, send)
  File "C:\Users\roman\AppData\Local\Programs\Python\Python313\Lib\site-packages\fastapi\routing.py", line 1264, in handle
    await app(scope, receive, send)
  File "C:\Users\roman\AppData\Local\Programs\Python\Python313\Lib\site-packages\fastapi\routing.py", line 150, in app
    await wrap_app_handling_exceptions(app, request)(scope, receive, send)
  File "C:\Users\roman\AppData\Local\Programs\Python\Python313\Lib\site-packages\starlette\_exception_handler.py", line 53, in wrapped_app
    raise exc
  File "C:\Users\roman\AppData\Local\Programs\Python\Python313\Lib\site-packages\starlette\_exception_handler.py", line 42, in wrapped_app
    await app(scope, receive, sender)
  File "C:\Users\roman\AppData\Local\Programs\Python\Python313\Lib\site-packages\fastapi\routing.py", line 136, in app
    response = await f(request)
               ^^^^^^^^^^^^^^^^
  File "C:\Users\roman\AppData\Local\Programs\Python\Python313\Lib\site-packages\fastapi\routing.py", line 690, in app
    raw_response = await run_endpoint_function(
                   ^^^^^^^^^^^^^^^^^^^^^^^^^^^^
    ...<3 lines>...
    )
    ^
  File "C:\Users\roman\AppData\Local\Programs\Python\Python313\Lib\site-packages\fastapi\routing.py", line 346, in run_endpoint_function
    return await run_in_threadpool(dependant.call, **values)
           ^^^^^^^^^^^^^^^^^^^^^^^^^^^^^^^^^^^^^^^^^^^^^^^^^
  File "C:\Users\roman\AppData\Local\Programs\Python\Python313\Lib\site-packages\starlette\concurrency.py", line 34, in run_in_threadpool
    return await anyio.to_thread.run_sync(func)
           ^^^^^^^^^^^^^^^^^^^^^^^^^^^^^^^^^^^^
  File "C:\Users\roman\AppData\Local\Programs\Python\Python313\Lib\site-packages\anyio\to_thread.py", line 56, in run_sync
    return await get_async_backend().run_sync_in_worker_thread(
           ^^^^^^^^^^^^^^^^^^^^^^^^^^^^^^^^^^^^^^^^^^^^^^^^^^^^
        func, args, abandon_on_cancel=abandon_on_cancel, limiter=limiter
        ^^^^^^^^^^^^^^^^^^^^^^^^^^^^^^^^^^^^^^^^^^^^^^^^^^^^^^^^^^^^^^^^
    )
    ^
  File "C:\Users\roman\AppData\Local\Programs\Python\Python313\Lib\site-packages\anyio\_backends\_asyncio.py", line 2485, in run_sync_in_worker_thread
    return await future
           ^^^^^^^^^^^^
  File "C:\Users\roman\AppData\Local\Programs\Python\Python313\Lib\site-packages\anyio\_backends\_asyncio.py", line 976, in run
    result = context.run(func, *args)
  File "C:\Users\roman\Documents\Obsidian Vault\Programs\JobMatrix\api\routes\notifications.py", line 24, in list_events
    q = q.filter(Event.read_at.is_(None))
  File "<string>", line 2, in filter
  File "C:\Users\roman\AppData\Local\Programs\Python\Python313\Lib\site-packages\sqlalchemy\sql\base.py", line 284, in _generative
    x = fn(self, *args, **kw)
  File "<string>", line 2, in filter
  File "C:\Users\roman\AppData\Local\Programs\Python\Python313\Lib\site-packages\sqlalchemy\orm\base.py", line 303, in generate
    assertion(self, fn.__name__)
    ~~~~~~~~~^^^^^^^^^^^^^^^^^^^
  File "C:\Users\roman\AppData\Local\Programs\Python\Python313\Lib\site-packages\sqlalchemy\orm\query.py", line 444, in _no_limit_offset
    raise sa_exc.InvalidRequestError(
    ...<3 lines>...
    )
sqlalchemy.exc.InvalidRequestError: Query.filter() being called on a Query which already has LIMIT or OFFSET applied.  Call filter() before limit() or offset() are applied.
INFO:     127.0.0.1:51004 - "GET /api/vacancies HTTP/1.1" 200 OK
INFO:     127.0.0.1:59035 - "GET /api/notifications?unread=1 HTTP/1.1" 500 Internal Server Error
ERROR:    Exception in ASGI application
Traceback (most recent call last):
  File "C:\Users\roman\AppData\Local\Programs\Python\Python313\Lib\site-packages\uvicorn\protocols\http\httptools_impl.py", line 422, in run_asgi
    result = await app(  # type: ignore[func-returns-value]
             ^^^^^^^^^^^^^^^^^^^^^^^^^^^^^^^^^^^^^^^^^^^^^^
        self.scope, self.receive, self.send
        ^^^^^^^^^^^^^^^^^^^^^^^^^^^^^^^^^^^
    )
    ^
  File "C:\Users\roman\AppData\Local\Programs\Python\Python313\Lib\site-packages\uvicorn\middleware\proxy_headers.py", line 63, in __call__
    return await self.app(scope, receive, send)
           ^^^^^^^^^^^^^^^^^^^^^^^^^^^^^^^^^^^^
  File "C:\Users\roman\AppData\Local\Programs\Python\Python313\Lib\site-packages\fastapi\applications.py", line 1163, in __call__
    await super().__call__(scope, receive, send)
  File "C:\Users\roman\AppData\Local\Programs\Python\Python313\Lib\site-packages\starlette\applications.py", line 90, in __call__
    await self.middleware_stack(scope, receive, send)
  File "C:\Users\roman\AppData\Local\Programs\Python\Python313\Lib\site-packages\starlette\middleware\errors.py", line 186, in __call__
    raise exc
  File "C:\Users\roman\AppData\Local\Programs\Python\Python313\Lib\site-packages\starlette\middleware\errors.py", line 164, in __call__
    await self.app(scope, receive, _send)
  File "C:\Users\roman\AppData\Local\Programs\Python\Python313\Lib\site-packages\starlette\middleware\cors.py", line 88, in __call__
    await self.app(scope, receive, send)
  File "C:\Users\roman\AppData\Local\Programs\Python\Python313\Lib\site-packages\starlette\middleware\exceptions.py", line 63, in __call__
    await wrap_app_handling_exceptions(self.app, conn)(scope, receive, send)
  File "C:\Users\roman\AppData\Local\Programs\Python\Python313\Lib\site-packages\starlette\_exception_handler.py", line 53, in wrapped_app
    raise exc
  File "C:\Users\roman\AppData\Local\Programs\Python\Python313\Lib\site-packages\starlette\_exception_handler.py", line 42, in wrapped_app
    await app(scope, receive, sender)
  File "C:\Users\roman\AppData\Local\Programs\Python\Python313\Lib\site-packages\fastapi\middleware\asyncexitstack.py", line 18, in __call__
    await self.app(scope, receive, send)
  File "C:\Users\roman\AppData\Local\Programs\Python\Python313\Lib\site-packages\starlette\routing.py", line 660, in __call__
    await self.middleware_stack(scope, receive, send)
  File "C:\Users\roman\AppData\Local\Programs\Python\Python313\Lib\site-packages\fastapi\routing.py", line 2683, in app
    await route.handle(scope, receive, send)
  File "C:\Users\roman\AppData\Local\Programs\Python\Python313\Lib\site-packages\fastapi\routing.py", line 1753, in handle
    await self.original_router.handle(scope, receive, send)
  File "C:\Users\roman\AppData\Local\Programs\Python\Python313\Lib\site-packages\fastapi\routing.py", line 2738, in handle
    await included_router._handle_selected(scope, receive, send)
  File "C:\Users\roman\AppData\Local\Programs\Python\Python313\Lib\site-packages\fastapi\routing.py", line 1773, in _handle_selected
    await original_route.handle(scope, receive, send)
  File "C:\Users\roman\AppData\Local\Programs\Python\Python313\Lib\site-packages\fastapi\routing.py", line 1264, in handle
    await app(scope, receive, send)
  File "C:\Users\roman\AppData\Local\Programs\Python\Python313\Lib\site-packages\fastapi\routing.py", line 150, in app
    await wrap_app_handling_exceptions(app, request)(scope, receive, send)
  File "C:\Users\roman\AppData\Local\Programs\Python\Python313\Lib\site-packages\starlette\_exception_handler.py", line 53, in wrapped_app
    raise exc
  File "C:\Users\roman\AppData\Local\Programs\Python\Python313\Lib\site-packages\starlette\_exception_handler.py", line 42, in wrapped_app
    await app(scope, receive, sender)
  File "C:\Users\roman\AppData\Local\Programs\Python\Python313\Lib\site-packages\fastapi\routing.py", line 136, in app
    response = await f(request)
               ^^^^^^^^^^^^^^^^
  File "C:\Users\roman\AppData\Local\Programs\Python\Python313\Lib\site-packages\fastapi\routing.py", line 690, in app
    raw_response = await run_endpoint_function(
                   ^^^^^^^^^^^^^^^^^^^^^^^^^^^^
    ...<3 lines>...
    )
    ^
  File "C:\Users\roman\AppData\Local\Programs\Python\Python313\Lib\site-packages\fastapi\routing.py", line 346, in run_endpoint_function
    return await run_in_threadpool(dependant.call, **values)
           ^^^^^^^^^^^^^^^^^^^^^^^^^^^^^^^^^^^^^^^^^^^^^^^^^
  File "C:\Users\roman\AppData\Local\Programs\Python\Python313\Lib\site-packages\starlette\concurrency.py", line 34, in run_in_threadpool
    return await anyio.to_thread.run_sync(func)
           ^^^^^^^^^^^^^^^^^^^^^^^^^^^^^^^^^^^^
  File "C:\Users\roman\AppData\Local\Programs\Python\Python313\Lib\site-packages\anyio\to_thread.py", line 56, in run_sync
    return await get_async_backend().run_sync_in_worker_thread(
           ^^^^^^^^^^^^^^^^^^^^^^^^^^^^^^^^^^^^^^^^^^^^^^^^^^^^
        func, args, abandon_on_cancel=abandon_on_cancel, limiter=limiter
        ^^^^^^^^^^^^^^^^^^^^^^^^^^^^^^^^^^^^^^^^^^^^^^^^^^^^^^^^^^^^^^^^
    )
    ^
  File "C:\Users\roman\AppData\Local\Programs\Python\Python313\Lib\site-packages\anyio\_backends\_asyncio.py", line 2485, in run_sync_in_worker_thread
    return await future
           ^^^^^^^^^^^^
  File "C:\Users\roman\AppData\Local\Programs\Python\Python313\Lib\site-packages\anyio\_backends\_asyncio.py", line 976, in run
    result = context.run(func, *args)
  File "C:\Users\roman\Documents\Obsidian Vault\Programs\JobMatrix\api\routes\notifications.py", line 24, in list_events
    q = q.filter(Event.read_at.is_(None))
  File "<string>", line 2, in filter
  File "C:\Users\roman\AppData\Local\Programs\Python\Python313\Lib\site-packages\sqlalchemy\sql\base.py", line 284, in _generative
    x = fn(self, *args, **kw)
  File "<string>", line 2, in filter
  File "C:\Users\roman\AppData\Local\Programs\Python\Python313\Lib\site-packages\sqlalchemy\orm\base.py", line 303, in generate
    assertion(self, fn.__name__)
    ~~~~~~~~~^^^^^^^^^^^^^^^^^^^
  File "C:\Users\roman\AppData\Local\Programs\Python\Python313\Lib\site-packages\sqlalchemy\orm\query.py", line 444, in _no_limit_offset
    raise sa_exc.InvalidRequestError(
    ...<3 lines>...
    )
sqlalchemy.exc.InvalidRequestError: Query.filter() being called on a Query which already has LIMIT or OFFSET applied.  Call filter() before limit() or offset() are applied.
INFO:     127.0.0.1:63748 - "GET /api/vacancies HTTP/1.1" 200 OK
INFO:     127.0.0.1:51004 - "GET /api/notifications?unread=1 HTTP/1.1" 500 Internal Server Error
ERROR:    Exception in ASGI application
Traceback (most recent call last):
  File "C:\Users\roman\AppData\Local\Programs\Python\Python313\Lib\site-packages\uvicorn\protocols\http\httptools_impl.py", line 422, in run_asgi
    result = await app(  # type: ignore[func-returns-value]
             ^^^^^^^^^^^^^^^^^^^^^^^^^^^^^^^^^^^^^^^^^^^^^^
        self.scope, self.receive, self.send
        ^^^^^^^^^^^^^^^^^^^^^^^^^^^^^^^^^^^
    )
    ^
  File "C:\Users\roman\AppData\Local\Programs\Python\Python313\Lib\site-packages\uvicorn\middleware\proxy_headers.py", line 63, in __call__
    return await self.app(scope, receive, send)
           ^^^^^^^^^^^^^^^^^^^^^^^^^^^^^^^^^^^^
  File "C:\Users\roman\AppData\Local\Programs\Python\Python313\Lib\site-packages\fastapi\applications.py", line 1163, in __call__
    await super().__call__(scope, receive, send)
  File "C:\Users\roman\AppData\Local\Programs\Python\Python313\Lib\site-packages\starlette\applications.py", line 90, in __call__
    await self.middleware_stack(scope, receive, send)
  File "C:\Users\roman\AppData\Local\Programs\Python\Python313\Lib\site-packages\starlette\middleware\errors.py", line 186, in __call__
    raise exc
  File "C:\Users\roman\AppData\Local\Programs\Python\Python313\Lib\site-packages\starlette\middleware\errors.py", line 164, in __call__
    await self.app(scope, receive, _send)
  File "C:\Users\roman\AppData\Local\Programs\Python\Python313\Lib\site-packages\starlette\middleware\cors.py", line 88, in __call__
    await self.app(scope, receive, send)
  File "C:\Users\roman\AppData\Local\Programs\Python\Python313\Lib\site-packages\starlette\middleware\exceptions.py", line 63, in __call__
    await wrap_app_handling_exceptions(self.app, conn)(scope, receive, send)
  File "C:\Users\roman\AppData\Local\Programs\Python\Python313\Lib\site-packages\starlette\_exception_handler.py", line 53, in wrapped_app
    raise exc
  File "C:\Users\roman\AppData\Local\Programs\Python\Python313\Lib\site-packages\starlette\_exception_handler.py", line 42, in wrapped_app
    await app(scope, receive, sender)
  File "C:\Users\roman\AppData\Local\Programs\Python\Python313\Lib\site-packages\fastapi\middleware\asyncexitstack.py", line 18, in __call__
    await self.app(scope, receive, send)
  File "C:\Users\roman\AppData\Local\Programs\Python\Python313\Lib\site-packages\starlette\routing.py", line 660, in __call__
    await self.middleware_stack(scope, receive, send)
  File "C:\Users\roman\AppData\Local\Programs\Python\Python313\Lib\site-packages\fastapi\routing.py", line 2683, in app
    await route.handle(scope, receive, send)
  File "C:\Users\roman\AppData\Local\Programs\Python\Python313\Lib\site-packages\fastapi\routing.py", line 1753, in handle
    await self.original_router.handle(scope, receive, send)
  File "C:\Users\roman\AppData\Local\Programs\Python\Python313\Lib\site-packages\fastapi\routing.py", line 2738, in handle
    await included_router._handle_selected(scope, receive, send)
  File "C:\Users\roman\AppData\Local\Programs\Python\Python313\Lib\site-packages\fastapi\routing.py", line 1773, in _handle_selected
    await original_route.handle(scope, receive, send)
  File "C:\Users\roman\AppData\Local\Programs\Python\Python313\Lib\site-packages\fastapi\routing.py", line 1264, in handle
    await app(scope, receive, send)
  File "C:\Users\roman\AppData\Local\Programs\Python\Python313\Lib\site-packages\fastapi\routing.py", line 150, in app
    await wrap_app_handling_exceptions(app, request)(scope, receive, send)
  File "C:\Users\roman\AppData\Local\Programs\Python\Python313\Lib\site-packages\starlette\_exception_handler.py", line 53, in wrapped_app
    raise exc
  File "C:\Users\roman\AppData\Local\Programs\Python\Python313\Lib\site-packages\starlette\_exception_handler.py", line 42, in wrapped_app
    await app(scope, receive, sender)
  File "C:\Users\roman\AppData\Local\Programs\Python\Python313\Lib\site-packages\fastapi\routing.py", line 136, in app
    response = await f(request)
               ^^^^^^^^^^^^^^^^
  File "C:\Users\roman\AppData\Local\Programs\Python\Python313\Lib\site-packages\fastapi\routing.py", line 690, in app
    raw_response = await run_endpoint_function(
                   ^^^^^^^^^^^^^^^^^^^^^^^^^^^^
    ...<3 lines>...
    )
    ^
  File "C:\Users\roman\AppData\Local\Programs\Python\Python313\Lib\site-packages\fastapi\routing.py", line 346, in run_endpoint_function
    return await run_in_threadpool(dependant.call, **values)
           ^^^^^^^^^^^^^^^^^^^^^^^^^^^^^^^^^^^^^^^^^^^^^^^^^
  File "C:\Users\roman\AppData\Local\Programs\Python\Python313\Lib\site-packages\starlette\concurrency.py", line 34, in run_in_threadpool
    return await anyio.to_thread.run_sync(func)
           ^^^^^^^^^^^^^^^^^^^^^^^^^^^^^^^^^^^^
  File "C:\Users\roman\AppData\Local\Programs\Python\Python313\Lib\site-packages\anyio\to_thread.py", line 56, in run_sync
    return await get_async_backend().run_sync_in_worker_thread(
           ^^^^^^^^^^^^^^^^^^^^^^^^^^^^^^^^^^^^^^^^^^^^^^^^^^^^
        func, args, abandon_on_cancel=abandon_on_cancel, limiter=limiter
        ^^^^^^^^^^^^^^^^^^^^^^^^^^^^^^^^^^^^^^^^^^^^^^^^^^^^^^^^^^^^^^^^
    )
    ^
  File "C:\Users\roman\AppData\Local\Programs\Python\Python313\Lib\site-packages\anyio\_backends\_asyncio.py", line 2485, in run_sync_in_worker_thread
    return await future
           ^^^^^^^^^^^^
  File "C:\Users\roman\AppData\Local\Programs\Python\Python313\Lib\site-packages\anyio\_backends\_asyncio.py", line 976, in run
    result = context.run(func, *args)
  File "C:\Users\roman\Documents\Obsidian Vault\Programs\JobMatrix\api\routes\notifications.py", line 24, in list_events
    q = q.filter(Event.read_at.is_(None))
  File "<string>", line 2, in filter
  File "C:\Users\roman\AppData\Local\Programs\Python\Python313\Lib\site-packages\sqlalchemy\sql\base.py", line 284, in _generative
    x = fn(self, *args, **kw)
  File "<string>", line 2, in filter
  File "C:\Users\roman\AppData\Local\Programs\Python\Python313\Lib\site-packages\sqlalchemy\orm\base.py", line 303, in generate
    assertion(self, fn.__name__)
    ~~~~~~~~~^^^^^^^^^^^^^^^^^^^
  File "C:\Users\roman\AppData\Local\Programs\Python\Python313\Lib\site-packages\sqlalchemy\orm\query.py", line 444, in _no_limit_offset
    raise sa_exc.InvalidRequestError(
    ...<3 lines>...
    )
sqlalchemy.exc.InvalidRequestError: Query.filter() being called on a Query which already has LIMIT or OFFSET applied.  Call filter() before limit() or offset() are applied.
INFO:     127.0.0.1:63748 - "GET /api/vacancies HTTP/1.1" 200 OK
INFO:     127.0.0.1:61325 - "GET /api/notifications?unread=1 HTTP/1.1" 500 Internal Server Error
ERROR:    Exception in ASGI application
Traceback (most recent call last):
  File "C:\Users\roman\AppData\Local\Programs\Python\Python313\Lib\site-packages\uvicorn\protocols\http\httptools_impl.py", line 422, in run_asgi
    result = await app(  # type: ignore[func-returns-value]
             ^^^^^^^^^^^^^^^^^^^^^^^^^^^^^^^^^^^^^^^^^^^^^^
        self.scope, self.receive, self.send
        ^^^^^^^^^^^^^^^^^^^^^^^^^^^^^^^^^^^
    )
    ^
  File "C:\Users\roman\AppData\Local\Programs\Python\Python313\Lib\site-packages\uvicorn\middleware\proxy_headers.py", line 63, in __call__
    return await self.app(scope, receive, send)
           ^^^^^^^^^^^^^^^^^^^^^^^^^^^^^^^^^^^^
  File "C:\Users\roman\AppData\Local\Programs\Python\Python313\Lib\site-packages\fastapi\applications.py", line 1163, in __call__
    await super().__call__(scope, receive, send)
  File "C:\Users\roman\AppData\Local\Programs\Python\Python313\Lib\site-packages\starlette\applications.py", line 90, in __call__
    await self.middleware_stack(scope, receive, send)
  File "C:\Users\roman\AppData\Local\Programs\Python\Python313\Lib\site-packages\starlette\middleware\errors.py", line 186, in __call__
    raise exc
  File "C:\Users\roman\AppData\Local\Programs\Python\Python313\Lib\site-packages\starlette\middleware\errors.py", line 164, in __call__
    await self.app(scope, receive, _send)
  File "C:\Users\roman\AppData\Local\Programs\Python\Python313\Lib\site-packages\starlette\middleware\cors.py", line 88, in __call__
    await self.app(scope, receive, send)
  File "C:\Users\roman\AppData\Local\Programs\Python\Python313\Lib\site-packages\starlette\middleware\exceptions.py", line 63, in __call__
    await wrap_app_handling_exceptions(self.app, conn)(scope, receive, send)
  File "C:\Users\roman\AppData\Local\Programs\Python\Python313\Lib\site-packages\starlette\_exception_handler.py", line 53, in wrapped_app
    raise exc
  File "C:\Users\roman\AppData\Local\Programs\Python\Python313\Lib\site-packages\starlette\_exception_handler.py", line 42, in wrapped_app
    await app(scope, receive, sender)
  File "C:\Users\roman\AppData\Local\Programs\Python\Python313\Lib\site-packages\fastapi\middleware\asyncexitstack.py", line 18, in __call__
    await self.app(scope, receive, send)
  File "C:\Users\roman\AppData\Local\Programs\Python\Python313\Lib\site-packages\starlette\routing.py", line 660, in __call__
    await self.middleware_stack(scope, receive, send)
  File "C:\Users\roman\AppData\Local\Programs\Python\Python313\Lib\site-packages\fastapi\routing.py", line 2683, in app
    await route.handle(scope, receive, send)
  File "C:\Users\roman\AppData\Local\Programs\Python\Python313\Lib\site-packages\fastapi\routing.py", line 1753, in handle
    await self.original_router.handle(scope, receive, send)
  File "C:\Users\roman\AppData\Local\Programs\Python\Python313\Lib\site-packages\fastapi\routing.py", line 2738, in handle
    await included_router._handle_selected(scope, receive, send)
  File "C:\Users\roman\AppData\Local\Programs\Python\Python313\Lib\site-packages\fastapi\routing.py", line 1773, in _handle_selected
    await original_route.handle(scope, receive, send)
  File "C:\Users\roman\AppData\Local\Programs\Python\Python313\Lib\site-packages\fastapi\routing.py", line 1264, in handle
    await app(scope, receive, send)
  File "C:\Users\roman\AppData\Local\Programs\Python\Python313\Lib\site-packages\fastapi\routing.py", line 150, in app
    await wrap_app_handling_exceptions(app, request)(scope, receive, send)
  File "C:\Users\roman\AppData\Local\Programs\Python\Python313\Lib\site-packages\starlette\_exception_handler.py", line 53, in wrapped_app
    raise exc
  File "C:\Users\roman\AppData\Local\Programs\Python\Python313\Lib\site-packages\starlette\_exception_handler.py", line 42, in wrapped_app
    await app(scope, receive, sender)
  File "C:\Users\roman\AppData\Local\Programs\Python\Python313\Lib\site-packages\fastapi\routing.py", line 136, in app
    response = await f(request)
               ^^^^^^^^^^^^^^^^
  File "C:\Users\roman\AppData\Local\Programs\Python\Python313\Lib\site-packages\fastapi\routing.py", line 690, in app
    raw_response = await run_endpoint_function(
                   ^^^^^^^^^^^^^^^^^^^^^^^^^^^^
    ...<3 lines>...
    )
    ^
  File "C:\Users\roman\AppData\Local\Programs\Python\Python313\Lib\site-packages\fastapi\routing.py", line 346, in run_endpoint_function
    return await run_in_threadpool(dependant.call, **values)
           ^^^^^^^^^^^^^^^^^^^^^^^^^^^^^^^^^^^^^^^^^^^^^^^^^
  File "C:\Users\roman\AppData\Local\Programs\Python\Python313\Lib\site-packages\starlette\concurrency.py", line 34, in run_in_threadpool
    return await anyio.to_thread.run_sync(func)
           ^^^^^^^^^^^^^^^^^^^^^^^^^^^^^^^^^^^^
  File "C:\Users\roman\AppData\Local\Programs\Python\Python313\Lib\site-packages\anyio\to_thread.py", line 56, in run_sync
    return await get_async_backend().run_sync_in_worker_thread(
           ^^^^^^^^^^^^^^^^^^^^^^^^^^^^^^^^^^^^^^^^^^^^^^^^^^^^
        func, args, abandon_on_cancel=abandon_on_cancel, limiter=limiter
        ^^^^^^^^^^^^^^^^^^^^^^^^^^^^^^^^^^^^^^^^^^^^^^^^^^^^^^^^^^^^^^^^
    )
    ^
  File "C:\Users\roman\AppData\Local\Programs\Python\Python313\Lib\site-packages\anyio\_backends\_asyncio.py", line 2485, in run_sync_in_worker_thread
    return await future
           ^^^^^^^^^^^^
  File "C:\Users\roman\AppData\Local\Programs\Python\Python313\Lib\site-packages\anyio\_backends\_asyncio.py", line 976, in run
    result = context.run(func, *args)
  File "C:\Users\roman\Documents\Obsidian Vault\Programs\JobMatrix\api\routes\notifications.py", line 24, in list_events
    q = q.filter(Event.read_at.is_(None))
  File "<string>", line 2, in filter
  File "C:\Users\roman\AppData\Local\Programs\Python\Python313\Lib\site-packages\sqlalchemy\sql\base.py", line 284, in _generative
    x = fn(self, *args, **kw)
  File "<string>", line 2, in filter
  File "C:\Users\roman\AppData\Local\Programs\Python\Python313\Lib\site-packages\sqlalchemy\orm\base.py", line 303, in generate
    assertion(self, fn.__name__)
    ~~~~~~~~~^^^^^^^^^^^^^^^^^^^
  File "C:\Users\roman\AppData\Local\Programs\Python\Python313\Lib\site-packages\sqlalchemy\orm\query.py", line 444, in _no_limit_offset
    raise sa_exc.InvalidRequestError(
    ...<3 lines>...
    )
sqlalchemy.exc.InvalidRequestError: Query.filter() being called on a Query which already has LIMIT or OFFSET applied.  Call filter() before limit() or offset() are applied.
INFO:     127.0.0.1:63748 - "GET /api/notifications?unread=1 HTTP/1.1" 500 Internal Server Error
ERROR:    Exception in ASGI application
Traceback (most recent call last):
  File "C:\Users\roman\AppData\Local\Programs\Python\Python313\Lib\site-packages\uvicorn\protocols\http\httptools_impl.py", line 422, in run_asgi
    result = await app(  # type: ignore[func-returns-value]
             ^^^^^^^^^^^^^^^^^^^^^^^^^^^^^^^^^^^^^^^^^^^^^^
        self.scope, self.receive, self.send
        ^^^^^^^^^^^^^^^^^^^^^^^^^^^^^^^^^^^
    )
    ^
  File "C:\Users\roman\AppData\Local\Programs\Python\Python313\Lib\site-packages\uvicorn\middleware\proxy_headers.py", line 63, in __call__
    return await self.app(scope, receive, send)
           ^^^^^^^^^^^^^^^^^^^^^^^^^^^^^^^^^^^^
  File "C:\Users\roman\AppData\Local\Programs\Python\Python313\Lib\site-packages\fastapi\applications.py", line 1163, in __call__
    await super().__call__(scope, receive, send)
  File "C:\Users\roman\AppData\Local\Programs\Python\Python313\Lib\site-packages\starlette\applications.py", line 90, in __call__
    await self.middleware_stack(scope, receive, send)
  File "C:\Users\roman\AppData\Local\Programs\Python\Python313\Lib\site-packages\starlette\middleware\errors.py", line 186, in __call__
    raise exc
  File "C:\Users\roman\AppData\Local\Programs\Python\Python313\Lib\site-packages\starlette\middleware\errors.py", line 164, in __call__
    await self.app(scope, receive, _send)
  File "C:\Users\roman\AppData\Local\Programs\Python\Python313\Lib\site-packages\starlette\middleware\cors.py", line 88, in __call__
    await self.app(scope, receive, send)
  File "C:\Users\roman\AppData\Local\Programs\Python\Python313\Lib\site-packages\starlette\middleware\exceptions.py", line 63, in __call__
    await wrap_app_handling_exceptions(self.app, conn)(scope, receive, send)
  File "C:\Users\roman\AppData\Local\Programs\Python\Python313\Lib\site-packages\starlette\_exception_handler.py", line 53, in wrapped_app
    raise exc
  File "C:\Users\roman\AppData\Local\Programs\Python\Python313\Lib\site-packages\starlette\_exception_handler.py", line 42, in wrapped_app
    await app(scope, receive, sender)
  File "C:\Users\roman\AppData\Local\Programs\Python\Python313\Lib\site-packages\fastapi\middleware\asyncexitstack.py", line 18, in __call__
    await self.app(scope, receive, send)
  File "C:\Users\roman\AppData\Local\Programs\Python\Python313\Lib\site-packages\starlette\routing.py", line 660, in __call__
    await self.middleware_stack(scope, receive, send)
  File "C:\Users\roman\AppData\Local\Programs\Python\Python313\Lib\site-packages\fastapi\routing.py", line 2683, in app
    await route.handle(scope, receive, send)
  File "C:\Users\roman\AppData\Local\Programs\Python\Python313\Lib\site-packages\fastapi\routing.py", line 1753, in handle
    await self.original_router.handle(scope, receive, send)
  File "C:\Users\roman\AppData\Local\Programs\Python\Python313\Lib\site-packages\fastapi\routing.py", line 2738, in handle
    await included_router._handle_selected(scope, receive, send)
  File "C:\Users\roman\AppData\Local\Programs\Python\Python313\Lib\site-packages\fastapi\routing.py", line 1773, in _handle_selected
    await original_route.handle(scope, receive, send)
  File "C:\Users\roman\AppData\Local\Programs\Python\Python313\Lib\site-packages\fastapi\routing.py", line 1264, in handle
    await app(scope, receive, send)
  File "C:\Users\roman\AppData\Local\Programs\Python\Python313\Lib\site-packages\fastapi\routing.py", line 150, in app
    await wrap_app_handling_exceptions(app, request)(scope, receive, send)
  File "C:\Users\roman\AppData\Local\Programs\Python\Python313\Lib\site-packages\starlette\_exception_handler.py", line 53, in wrapped_app
    raise exc
  File "C:\Users\roman\AppData\Local\Programs\Python\Python313\Lib\site-packages\starlette\_exception_handler.py", line 42, in wrapped_app
    await app(scope, receive, sender)
  File "C:\Users\roman\AppData\Local\Programs\Python\Python313\Lib\site-packages\fastapi\routing.py", line 136, in app
    response = await f(request)
               ^^^^^^^^^^^^^^^^
  File "C:\Users\roman\AppData\Local\Programs\Python\Python313\Lib\site-packages\fastapi\routing.py", line 690, in app
    raw_response = await run_endpoint_function(
                   ^^^^^^^^^^^^^^^^^^^^^^^^^^^^
    ...<3 lines>...
    )
    ^
  File "C:\Users\roman\AppData\Local\Programs\Python\Python313\Lib\site-packages\fastapi\routing.py", line 346, in run_endpoint_function
    return await run_in_threadpool(dependant.call, **values)
           ^^^^^^^^^^^^^^^^^^^^^^^^^^^^^^^^^^^^^^^^^^^^^^^^^
  File "C:\Users\roman\AppData\Local\Programs\Python\Python313\Lib\site-packages\starlette\concurrency.py", line 34, in run_in_threadpool
    return await anyio.to_thread.run_sync(func)
           ^^^^^^^^^^^^^^^^^^^^^^^^^^^^^^^^^^^^
  File "C:\Users\roman\AppData\Local\Programs\Python\Python313\Lib\site-packages\anyio\to_thread.py", line 56, in run_sync
    return await get_async_backend().run_sync_in_worker_thread(
           ^^^^^^^^^^^^^^^^^^^^^^^^^^^^^^^^^^^^^^^^^^^^^^^^^^^^
        func, args, abandon_on_cancel=abandon_on_cancel, limiter=limiter
        ^^^^^^^^^^^^^^^^^^^^^^^^^^^^^^^^^^^^^^^^^^^^^^^^^^^^^^^^^^^^^^^^
    )
    ^
  File "C:\Users\roman\AppData\Local\Programs\Python\Python313\Lib\site-packages\anyio\_backends\_asyncio.py", line 2485, in run_sync_in_worker_thread
    return await future
           ^^^^^^^^^^^^
  File "C:\Users\roman\AppData\Local\Programs\Python\Python313\Lib\site-packages\anyio\_backends\_asyncio.py", line 976, in run
    result = context.run(func, *args)
  File "C:\Users\roman\Documents\Obsidian Vault\Programs\JobMatrix\api\routes\notifications.py", line 24, in list_events
    q = q.filter(Event.read_at.is_(None))
  File "<string>", line 2, in filter
  File "C:\Users\roman\AppData\Local\Programs\Python\Python313\Lib\site-packages\sqlalchemy\sql\base.py", line 284, in _generative
    x = fn(self, *args, **kw)
  File "<string>", line 2, in filter
  File "C:\Users\roman\AppData\Local\Programs\Python\Python313\Lib\site-packages\sqlalchemy\orm\base.py", line 303, in generate
    assertion(self, fn.__name__)
    ~~~~~~~~~^^^^^^^^^^^^^^^^^^^
  File "C:\Users\roman\AppData\Local\Programs\Python\Python313\Lib\site-packages\sqlalchemy\orm\query.py", line 444, in _no_limit_offset
    raise sa_exc.InvalidRequestError(
    ...<3 lines>...
    )
sqlalchemy.exc.InvalidRequestError: Query.filter() being called on a Query which already has LIMIT or OFFSET applied.  Call filter() before limit() or offset() are applied.
INFO:     127.0.0.1:49632 - "GET /api/vacancies HTTP/1.1" 200 OK
INFO:     127.0.0.1:53531 - "GET /api/notifications?unread=1 HTTP/1.1" 500 Internal Server Error
ERROR:    Exception in ASGI application
Traceback (most recent call last):
  File "C:\Users\roman\AppData\Local\Programs\Python\Python313\Lib\site-packages\uvicorn\protocols\http\httptools_impl.py", line 422, in run_asgi
    result = await app(  # type: ignore[func-returns-value]
             ^^^^^^^^^^^^^^^^^^^^^^^^^^^^^^^^^^^^^^^^^^^^^^
        self.scope, self.receive, self.send
        ^^^^^^^^^^^^^^^^^^^^^^^^^^^^^^^^^^^
    )
    ^
  File "C:\Users\roman\AppData\Local\Programs\Python\Python313\Lib\site-packages\uvicorn\middleware\proxy_headers.py", line 63, in __call__
    return await self.app(scope, receive, send)
           ^^^^^^^^^^^^^^^^^^^^^^^^^^^^^^^^^^^^
  File "C:\Users\roman\AppData\Local\Programs\Python\Python313\Lib\site-packages\fastapi\applications.py", line 1163, in __call__
    await super().__call__(scope, receive, send)
  File "C:\Users\roman\AppData\Local\Programs\Python\Python313\Lib\site-packages\starlette\applications.py", line 90, in __call__
    await self.middleware_stack(scope, receive, send)
  File "C:\Users\roman\AppData\Local\Programs\Python\Python313\Lib\site-packages\starlette\middleware\errors.py", line 186, in __call__
    raise exc
  File "C:\Users\roman\AppData\Local\Programs\Python\Python313\Lib\site-packages\starlette\middleware\errors.py", line 164, in __call__
    await self.app(scope, receive, _send)
  File "C:\Users\roman\AppData\Local\Programs\Python\Python313\Lib\site-packages\starlette\middleware\cors.py", line 88, in __call__
    await self.app(scope, receive, send)
  File "C:\Users\roman\AppData\Local\Programs\Python\Python313\Lib\site-packages\starlette\middleware\exceptions.py", line 63, in __call__
    await wrap_app_handling_exceptions(self.app, conn)(scope, receive, send)
  File "C:\Users\roman\AppData\Local\Programs\Python\Python313\Lib\site-packages\starlette\_exception_handler.py", line 53, in wrapped_app
    raise exc
  File "C:\Users\roman\AppData\Local\Programs\Python\Python313\Lib\site-packages\starlette\_exception_handler.py", line 42, in wrapped_app
    await app(scope, receive, sender)
  File "C:\Users\roman\AppData\Local\Programs\Python\Python313\Lib\site-packages\fastapi\middleware\asyncexitstack.py", line 18, in __call__
    await self.app(scope, receive, send)
  File "C:\Users\roman\AppData\Local\Programs\Python\Python313\Lib\site-packages\starlette\routing.py", line 660, in __call__
    await self.middleware_stack(scope, receive, send)
  File "C:\Users\roman\AppData\Local\Programs\Python\Python313\Lib\site-packages\fastapi\routing.py", line 2683, in app
    await route.handle(scope, receive, send)
  File "C:\Users\roman\AppData\Local\Programs\Python\Python313\Lib\site-packages\fastapi\routing.py", line 1753, in handle
    await self.original_router.handle(scope, receive, send)
  File "C:\Users\roman\AppData\Local\Programs\Python\Python313\Lib\site-packages\fastapi\routing.py", line 2738, in handle
    await included_router._handle_selected(scope, receive, send)
  File "C:\Users\roman\AppData\Local\Programs\Python\Python313\Lib\site-packages\fastapi\routing.py", line 1773, in _handle_selected
    await original_route.handle(scope, receive, send)
  File "C:\Users\roman\AppData\Local\Programs\Python\Python313\Lib\site-packages\fastapi\routing.py", line 1264, in handle
    await app(scope, receive, send)
  File "C:\Users\roman\AppData\Local\Programs\Python\Python313\Lib\site-packages\fastapi\routing.py", line 150, in app
    await wrap_app_handling_exceptions(app, request)(scope, receive, send)
  File "C:\Users\roman\AppData\Local\Programs\Python\Python313\Lib\site-packages\starlette\_exception_handler.py", line 53, in wrapped_app
    raise exc
  File "C:\Users\roman\AppData\Local\Programs\Python\Python313\Lib\site-packages\starlette\_exception_handler.py", line 42, in wrapped_app
    await app(scope, receive, sender)
  File "C:\Users\roman\AppData\Local\Programs\Python\Python313\Lib\site-packages\fastapi\routing.py", line 136, in app
    response = await f(request)
               ^^^^^^^^^^^^^^^^
  File "C:\Users\roman\AppData\Local\Programs\Python\Python313\Lib\site-packages\fastapi\routing.py", line 690, in app
    raw_response = await run_endpoint_function(
                   ^^^^^^^^^^^^^^^^^^^^^^^^^^^^
    ...<3 lines>...
    )
    ^
  File "C:\Users\roman\AppData\Local\Programs\Python\Python313\Lib\site-packages\fastapi\routing.py", line 346, in run_endpoint_function
    return await run_in_threadpool(dependant.call, **values)
           ^^^^^^^^^^^^^^^^^^^^^^^^^^^^^^^^^^^^^^^^^^^^^^^^^
  File "C:\Users\roman\AppData\Local\Programs\Python\Python313\Lib\site-packages\starlette\concurrency.py", line 34, in run_in_threadpool
    return await anyio.to_thread.run_sync(func)
           ^^^^^^^^^^^^^^^^^^^^^^^^^^^^^^^^^^^^
  File "C:\Users\roman\AppData\Local\Programs\Python\Python313\Lib\site-packages\anyio\to_thread.py", line 56, in run_sync
    return await get_async_backend().run_sync_in_worker_thread(
           ^^^^^^^^^^^^^^^^^^^^^^^^^^^^^^^^^^^^^^^^^^^^^^^^^^^^
        func, args, abandon_on_cancel=abandon_on_cancel, limiter=limiter
        ^^^^^^^^^^^^^^^^^^^^^^^^^^^^^^^^^^^^^^^^^^^^^^^^^^^^^^^^^^^^^^^^
    )
    ^
  File "C:\Users\roman\AppData\Local\Programs\Python\Python313\Lib\site-packages\anyio\_backends\_asyncio.py", line 2485, in run_sync_in_worker_thread
    return await future
           ^^^^^^^^^^^^
  File "C:\Users\roman\AppData\Local\Programs\Python\Python313\Lib\site-packages\anyio\_backends\_asyncio.py", line 976, in run
    result = context.run(func, *args)
  File "C:\Users\roman\Documents\Obsidian Vault\Programs\JobMatrix\api\routes\notifications.py", line 24, in list_events
    q = q.filter(Event.read_at.is_(None))
  File "<string>", line 2, in filter
  File "C:\Users\roman\AppData\Local\Programs\Python\Python313\Lib\site-packages\sqlalchemy\sql\base.py", line 284, in _generative
    x = fn(self, *args, **kw)
  File "<string>", line 2, in filter
  File "C:\Users\roman\AppData\Local\Programs\Python\Python313\Lib\site-packages\sqlalchemy\orm\base.py", line 303, in generate
    assertion(self, fn.__name__)
    ~~~~~~~~~^^^^^^^^^^^^^^^^^^^
  File "C:\Users\roman\AppData\Local\Programs\Python\Python313\Lib\site-packages\sqlalchemy\orm\query.py", line 444, in _no_limit_offset
    raise sa_exc.InvalidRequestError(
    ...<3 lines>...
    )
sqlalchemy.exc.InvalidRequestError: Query.filter() being called on a Query which already has LIMIT or OFFSET applied.  Call filter() before limit() or offset() are applied.
INFO:     127.0.0.1:56250 - "GET /api/vacancies HTTP/1.1" 200 OK
INFO:     127.0.0.1:49632 - "GET /api/vacancies HTTP/1.1" 200 OK
INFO:     127.0.0.1:49632 - "GET /favicon.ico HTTP/1.1" 404 Not Found
INFO:     127.0.0.1:56250 - "GET /api/notifications?unread=1 HTTP/1.1" 500 Internal Server Error
ERROR:    Exception in ASGI application
Traceback (most recent call last):
  File "C:\Users\roman\AppData\Local\Programs\Python\Python313\Lib\site-packages\uvicorn\protocols\http\httptools_impl.py", line 422, in run_asgi
    result = await app(  # type: ignore[func-returns-value]
             ^^^^^^^^^^^^^^^^^^^^^^^^^^^^^^^^^^^^^^^^^^^^^^
        self.scope, self.receive, self.send
        ^^^^^^^^^^^^^^^^^^^^^^^^^^^^^^^^^^^
    )
    ^
  File "C:\Users\roman\AppData\Local\Programs\Python\Python313\Lib\site-packages\uvicorn\middleware\proxy_headers.py", line 63, in __call__
    return await self.app(scope, receive, send)
           ^^^^^^^^^^^^^^^^^^^^^^^^^^^^^^^^^^^^
  File "C:\Users\roman\AppData\Local\Programs\Python\Python313\Lib\site-packages\fastapi\applications.py", line 1163, in __call__
    await super().__call__(scope, receive, send)
  File "C:\Users\roman\AppData\Local\Programs\Python\Python313\Lib\site-packages\starlette\applications.py", line 90, in __call__
    await self.middleware_stack(scope, receive, send)
  File "C:\Users\roman\AppData\Local\Programs\Python\Python313\Lib\site-packages\starlette\middleware\errors.py", line 186, in __call__
    raise exc
  File "C:\Users\roman\AppData\Local\Programs\Python\Python313\Lib\site-packages\starlette\middleware\errors.py", line 164, in __call__
    await self.app(scope, receive, _send)
  File "C:\Users\roman\AppData\Local\Programs\Python\Python313\Lib\site-packages\starlette\middleware\cors.py", line 88, in __call__
    await self.app(scope, receive, send)
  File "C:\Users\roman\AppData\Local\Programs\Python\Python313\Lib\site-packages\starlette\middleware\exceptions.py", line 63, in __call__
    await wrap_app_handling_exceptions(self.app, conn)(scope, receive, send)
  File "C:\Users\roman\AppData\Local\Programs\Python\Python313\Lib\site-packages\starlette\_exception_handler.py", line 53, in wrapped_app
    raise exc
  File "C:\Users\roman\AppData\Local\Programs\Python\Python313\Lib\site-packages\starlette\_exception_handler.py", line 42, in wrapped_app
    await app(scope, receive, sender)
  File "C:\Users\roman\AppData\Local\Programs\Python\Python313\Lib\site-packages\fastapi\middleware\asyncexitstack.py", line 18, in __call__
    await self.app(scope, receive, send)
  File "C:\Users\roman\AppData\Local\Programs\Python\Python313\Lib\site-packages\starlette\routing.py", line 660, in __call__
    await self.middleware_stack(scope, receive, send)
  File "C:\Users\roman\AppData\Local\Programs\Python\Python313\Lib\site-packages\fastapi\routing.py", line 2683, in app
    await route.handle(scope, receive, send)
  File "C:\Users\roman\AppData\Local\Programs\Python\Python313\Lib\site-packages\fastapi\routing.py", line 1753, in handle
    await self.original_router.handle(scope, receive, send)
  File "C:\Users\roman\AppData\Local\Programs\Python\Python313\Lib\site-packages\fastapi\routing.py", line 2738, in handle
    await included_router._handle_selected(scope, receive, send)
  File "C:\Users\roman\AppData\Local\Programs\Python\Python313\Lib\site-packages\fastapi\routing.py", line 1773, in _handle_selected
    await original_route.handle(scope, receive, send)
  File "C:\Users\roman\AppData\Local\Programs\Python\Python313\Lib\site-packages\fastapi\routing.py", line 1264, in handle
    await app(scope, receive, send)
  File "C:\Users\roman\AppData\Local\Programs\Python\Python313\Lib\site-packages\fastapi\routing.py", line 150, in app
    await wrap_app_handling_exceptions(app, request)(scope, receive, send)
  File "C:\Users\roman\AppData\Local\Programs\Python\Python313\Lib\site-packages\starlette\_exception_handler.py", line 53, in wrapped_app
    raise exc
  File "C:\Users\roman\AppData\Local\Programs\Python\Python313\Lib\site-packages\starlette\_exception_handler.py", line 42, in wrapped_app
    await app(scope, receive, sender)
  File "C:\Users\roman\AppData\Local\Programs\Python\Python313\Lib\site-packages\fastapi\routing.py", line 136, in app
    response = await f(request)
               ^^^^^^^^^^^^^^^^
  File "C:\Users\roman\AppData\Local\Programs\Python\Python313\Lib\site-packages\fastapi\routing.py", line 690, in app
    raw_response = await run_endpoint_function(
                   ^^^^^^^^^^^^^^^^^^^^^^^^^^^^
    ...<3 lines>...
    )
    ^
  File "C:\Users\roman\AppData\Local\Programs\Python\Python313\Lib\site-packages\fastapi\routing.py", line 346, in run_endpoint_function
    return await run_in_threadpool(dependant.call, **values)
           ^^^^^^^^^^^^^^^^^^^^^^^^^^^^^^^^^^^^^^^^^^^^^^^^^
  File "C:\Users\roman\AppData\Local\Programs\Python\Python313\Lib\site-packages\starlette\concurrency.py", line 34, in run_in_threadpool
    return await anyio.to_thread.run_sync(func)
           ^^^^^^^^^^^^^^^^^^^^^^^^^^^^^^^^^^^^
  File "C:\Users\roman\AppData\Local\Programs\Python\Python313\Lib\site-packages\anyio\to_thread.py", line 56, in run_sync
    return await get_async_backend().run_sync_in_worker_thread(
           ^^^^^^^^^^^^^^^^^^^^^^^^^^^^^^^^^^^^^^^^^^^^^^^^^^^^
        func, args, abandon_on_cancel=abandon_on_cancel, limiter=limiter
        ^^^^^^^^^^^^^^^^^^^^^^^^^^^^^^^^^^^^^^^^^^^^^^^^^^^^^^^^^^^^^^^^
    )
    ^
  File "C:\Users\roman\AppData\Local\Programs\Python\Python313\Lib\site-packages\anyio\_backends\_asyncio.py", line 2485, in run_sync_in_worker_thread
    return await future
           ^^^^^^^^^^^^
  File "C:\Users\roman\AppData\Local\Programs\Python\Python313\Lib\site-packages\anyio\_backends\_asyncio.py", line 976, in run
    result = context.run(func, *args)
  File "C:\Users\roman\Documents\Obsidian Vault\Programs\JobMatrix\api\routes\notifications.py", line 24, in list_events
    q = q.filter(Event.read_at.is_(None))
  File "<string>", line 2, in filter
  File "C:\Users\roman\AppData\Local\Programs\Python\Python313\Lib\site-packages\sqlalchemy\sql\base.py", line 284, in _generative
    x = fn(self, *args, **kw)
  File "<string>", line 2, in filter
  File "C:\Users\roman\AppData\Local\Programs\Python\Python313\Lib\site-packages\sqlalchemy\orm\base.py", line 303, in generate
    assertion(self, fn.__name__)
    ~~~~~~~~~^^^^^^^^^^^^^^^^^^^
  File "C:\Users\roman\AppData\Local\Programs\Python\Python313\Lib\site-packages\sqlalchemy\orm\query.py", line 444, in _no_limit_offset
    raise sa_exc.InvalidRequestError(
    ...<3 lines>...
    )
sqlalchemy.exc.InvalidRequestError: Query.filter() being called on a Query which already has LIMIT or OFFSET applied.  Call filter() before limit() or offset() are applied.
INFO:     127.0.0.1:49632 - "GET /api/vacancies HTTP/1.1" 200 OK
INFO:     127.0.0.1:59978 - "GET /api/notifications?unread=1 HTTP/1.1" 500 Internal Server Error
ERROR:    Exception in ASGI application
Traceback (most recent call last):
  File "C:\Users\roman\AppData\Local\Programs\Python\Python313\Lib\site-packages\uvicorn\protocols\http\httptools_impl.py", line 422, in run_asgi
    result = await app(  # type: ignore[func-returns-value]
             ^^^^^^^^^^^^^^^^^^^^^^^^^^^^^^^^^^^^^^^^^^^^^^
        self.scope, self.receive, self.send
        ^^^^^^^^^^^^^^^^^^^^^^^^^^^^^^^^^^^
    )
    ^
  File "C:\Users\roman\AppData\Local\Programs\Python\Python313\Lib\site-packages\uvicorn\middleware\proxy_headers.py", line 63, in __call__
    return await self.app(scope, receive, send)
           ^^^^^^^^^^^^^^^^^^^^^^^^^^^^^^^^^^^^
  File "C:\Users\roman\AppData\Local\Programs\Python\Python313\Lib\site-packages\fastapi\applications.py", line 1163, in __call__
    await super().__call__(scope, receive, send)
  File "C:\Users\roman\AppData\Local\Programs\Python\Python313\Lib\site-packages\starlette\applications.py", line 90, in __call__
    await self.middleware_stack(scope, receive, send)
  File "C:\Users\roman\AppData\Local\Programs\Python\Python313\Lib\site-packages\starlette\middleware\errors.py", line 186, in __call__
    raise exc
  File "C:\Users\roman\AppData\Local\Programs\Python\Python313\Lib\site-packages\starlette\middleware\errors.py", line 164, in __call__
    await self.app(scope, receive, _send)
  File "C:\Users\roman\AppData\Local\Programs\Python\Python313\Lib\site-packages\starlette\middleware\cors.py", line 88, in __call__
    await self.app(scope, receive, send)
  File "C:\Users\roman\AppData\Local\Programs\Python\Python313\Lib\site-packages\starlette\middleware\exceptions.py", line 63, in __call__
    await wrap_app_handling_exceptions(self.app, conn)(scope, receive, send)
  File "C:\Users\roman\AppData\Local\Programs\Python\Python313\Lib\site-packages\starlette\_exception_handler.py", line 53, in wrapped_app
    raise exc
  File "C:\Users\roman\AppData\Local\Programs\Python\Python313\Lib\site-packages\starlette\_exception_handler.py", line 42, in wrapped_app
    await app(scope, receive, sender)
  File "C:\Users\roman\AppData\Local\Programs\Python\Python313\Lib\site-packages\fastapi\middleware\asyncexitstack.py", line 18, in __call__
    await self.app(scope, receive, send)
  File "C:\Users\roman\AppData\Local\Programs\Python\Python313\Lib\site-packages\starlette\routing.py", line 660, in __call__
    await self.middleware_stack(scope, receive, send)
  File "C:\Users\roman\AppData\Local\Programs\Python\Python313\Lib\site-packages\fastapi\routing.py", line 2683, in app
    await route.handle(scope, receive, send)
  File "C:\Users\roman\AppData\Local\Programs\Python\Python313\Lib\site-packages\fastapi\routing.py", line 1753, in handle
    await self.original_router.handle(scope, receive, send)
  File "C:\Users\roman\AppData\Local\Programs\Python\Python313\Lib\site-packages\fastapi\routing.py", line 2738, in handle
    await included_router._handle_selected(scope, receive, send)
  File "C:\Users\roman\AppData\Local\Programs\Python\Python313\Lib\site-packages\fastapi\routing.py", line 1773, in _handle_selected
    await original_route.handle(scope, receive, send)
  File "C:\Users\roman\AppData\Local\Programs\Python\Python313\Lib\site-packages\fastapi\routing.py", line 1264, in handle
    await app(scope, receive, send)
  File "C:\Users\roman\AppData\Local\Programs\Python\Python313\Lib\site-packages\fastapi\routing.py", line 150, in app
    await wrap_app_handling_exceptions(app, request)(scope, receive, send)
  File "C:\Users\roman\AppData\Local\Programs\Python\Python313\Lib\site-packages\starlette\_exception_handler.py", line 53, in wrapped_app
    raise exc
  File "C:\Users\roman\AppData\Local\Programs\Python\Python313\Lib\site-packages\starlette\_exception_handler.py", line 42, in wrapped_app
    await app(scope, receive, sender)
  File "C:\Users\roman\AppData\Local\Programs\Python\Python313\Lib\site-packages\fastapi\routing.py", line 136, in app
    response = await f(request)
               ^^^^^^^^^^^^^^^^
  File "C:\Users\roman\AppData\Local\Programs\Python\Python313\Lib\site-packages\fastapi\routing.py", line 690, in app
    raw_response = await run_endpoint_function(
                   ^^^^^^^^^^^^^^^^^^^^^^^^^^^^
    ...<3 lines>...
    )
    ^
  File "C:\Users\roman\AppData\Local\Programs\Python\Python313\Lib\site-packages\fastapi\routing.py", line 346, in run_endpoint_function
    return await run_in_threadpool(dependant.call, **values)
           ^^^^^^^^^^^^^^^^^^^^^^^^^^^^^^^^^^^^^^^^^^^^^^^^^
  File "C:\Users\roman\AppData\Local\Programs\Python\Python313\Lib\site-packages\starlette\concurrency.py", line 34, in run_in_threadpool
    return await anyio.to_thread.run_sync(func)
           ^^^^^^^^^^^^^^^^^^^^^^^^^^^^^^^^^^^^
  File "C:\Users\roman\AppData\Local\Programs\Python\Python313\Lib\site-packages\anyio\to_thread.py", line 56, in run_sync
    return await get_async_backend().run_sync_in_worker_thread(
           ^^^^^^^^^^^^^^^^^^^^^^^^^^^^^^^^^^^^^^^^^^^^^^^^^^^^
        func, args, abandon_on_cancel=abandon_on_cancel, limiter=limiter
        ^^^^^^^^^^^^^^^^^^^^^^^^^^^^^^^^^^^^^^^^^^^^^^^^^^^^^^^^^^^^^^^^
    )
    ^
  File "C:\Users\roman\AppData\Local\Programs\Python\Python313\Lib\site-packages\anyio\_backends\_asyncio.py", line 2485, in run_sync_in_worker_thread
    return await future
           ^^^^^^^^^^^^
  File "C:\Users\roman\AppData\Local\Programs\Python\Python313\Lib\site-packages\anyio\_backends\_asyncio.py", line 976, in run
    result = context.run(func, *args)
  File "C:\Users\roman\Documents\Obsidian Vault\Programs\JobMatrix\api\routes\notifications.py", line 24, in list_events
    q = q.filter(Event.read_at.is_(None))
  File "<string>", line 2, in filter
  File "C:\Users\roman\AppData\Local\Programs\Python\Python313\Lib\site-packages\sqlalchemy\sql\base.py", line 284, in _generative
    x = fn(self, *args, **kw)
  File "<string>", line 2, in filter
  File "C:\Users\roman\AppData\Local\Programs\Python\Python313\Lib\site-packages\sqlalchemy\orm\base.py", line 303, in generate
    assertion(self, fn.__name__)
    ~~~~~~~~~^^^^^^^^^^^^^^^^^^^
  File "C:\Users\roman\AppData\Local\Programs\Python\Python313\Lib\site-packages\sqlalchemy\orm\query.py", line 444, in _no_limit_offset
    raise sa_exc.InvalidRequestError(
    ...<3 lines>...
    )
sqlalchemy.exc.InvalidRequestError: Query.filter() being called on a Query which already has LIMIT or OFFSET applied.  Call filter() before limit() or offset() are applied.
INFO:     127.0.0.1:54411 - "GET /api/vacancies HTTP/1.1" 200 OK
INFO:     127.0.0.1:50404 - "GET /api/notifications?unread=1 HTTP/1.1" 500 Internal Server Error
ERROR:    Exception in ASGI application
Traceback (most recent call last):
  File "C:\Users\roman\AppData\Local\Programs\Python\Python313\Lib\site-packages\uvicorn\protocols\http\httptools_impl.py", line 422, in run_asgi
    result = await app(  # type: ignore[func-returns-value]
             ^^^^^^^^^^^^^^^^^^^^^^^^^^^^^^^^^^^^^^^^^^^^^^
        self.scope, self.receive, self.send
        ^^^^^^^^^^^^^^^^^^^^^^^^^^^^^^^^^^^
    )
    ^
  File "C:\Users\roman\AppData\Local\Programs\Python\Python313\Lib\site-packages\uvicorn\middleware\proxy_headers.py", line 63, in __call__
    return await self.app(scope, receive, send)
           ^^^^^^^^^^^^^^^^^^^^^^^^^^^^^^^^^^^^
  File "C:\Users\roman\AppData\Local\Programs\Python\Python313\Lib\site-packages\fastapi\applications.py", line 1163, in __call__
    await super().__call__(scope, receive, send)
  File "C:\Users\roman\AppData\Local\Programs\Python\Python313\Lib\site-packages\starlette\applications.py", line 90, in __call__
    await self.middleware_stack(scope, receive, send)
  File "C:\Users\roman\AppData\Local\Programs\Python\Python313\Lib\site-packages\starlette\middleware\errors.py", line 186, in __call__
    raise exc
  File "C:\Users\roman\AppData\Local\Programs\Python\Python313\Lib\site-packages\starlette\middleware\errors.py", line 164, in __call__
    await self.app(scope, receive, _send)
  File "C:\Users\roman\AppData\Local\Programs\Python\Python313\Lib\site-packages\starlette\middleware\cors.py", line 88, in __call__
    await self.app(scope, receive, send)
  File "C:\Users\roman\AppData\Local\Programs\Python\Python313\Lib\site-packages\starlette\middleware\exceptions.py", line 63, in __call__
    await wrap_app_handling_exceptions(self.app, conn)(scope, receive, send)
  File "C:\Users\roman\AppData\Local\Programs\Python\Python313\Lib\site-packages\starlette\_exception_handler.py", line 53, in wrapped_app
    raise exc
  File "C:\Users\roman\AppData\Local\Programs\Python\Python313\Lib\site-packages\starlette\_exception_handler.py", line 42, in wrapped_app
    await app(scope, receive, sender)
  File "C:\Users\roman\AppData\Local\Programs\Python\Python313\Lib\site-packages\fastapi\middleware\asyncexitstack.py", line 18, in __call__
    await self.app(scope, receive, send)
  File "C:\Users\roman\AppData\Local\Programs\Python\Python313\Lib\site-packages\starlette\routing.py", line 660, in __call__
    await self.middleware_stack(scope, receive, send)
  File "C:\Users\roman\AppData\Local\Programs\Python\Python313\Lib\site-packages\fastapi\routing.py", line 2683, in app
    await route.handle(scope, receive, send)
  File "C:\Users\roman\AppData\Local\Programs\Python\Python313\Lib\site-packages\fastapi\routing.py", line 1753, in handle
    await self.original_router.handle(scope, receive, send)
  File "C:\Users\roman\AppData\Local\Programs\Python\Python313\Lib\site-packages\fastapi\routing.py", line 2738, in handle
    await included_router._handle_selected(scope, receive, send)
  File "C:\Users\roman\AppData\Local\Programs\Python\Python313\Lib\site-packages\fastapi\routing.py", line 1773, in _handle_selected
    await original_route.handle(scope, receive, send)
  File "C:\Users\roman\AppData\Local\Programs\Python\Python313\Lib\site-packages\fastapi\routing.py", line 1264, in handle
    await app(scope, receive, send)
  File "C:\Users\roman\AppData\Local\Programs\Python\Python313\Lib\site-packages\fastapi\routing.py", line 150, in app
    await wrap_app_handling_exceptions(app, request)(scope, receive, send)
  File "C:\Users\roman\AppData\Local\Programs\Python\Python313\Lib\site-packages\starlette\_exception_handler.py", line 53, in wrapped_app
    raise exc
  File "C:\Users\roman\AppData\Local\Programs\Python\Python313\Lib\site-packages\starlette\_exception_handler.py", line 42, in wrapped_app
    await app(scope, receive, sender)
  File "C:\Users\roman\AppData\Local\Programs\Python\Python313\Lib\site-packages\fastapi\routing.py", line 136, in app
    response = await f(request)
               ^^^^^^^^^^^^^^^^
  File "C:\Users\roman\AppData\Local\Programs\Python\Python313\Lib\site-packages\fastapi\routing.py", line 690, in app
    raw_response = await run_endpoint_function(
                   ^^^^^^^^^^^^^^^^^^^^^^^^^^^^
    ...<3 lines>...
    )
    ^
  File "C:\Users\roman\AppData\Local\Programs\Python\Python313\Lib\site-packages\fastapi\routing.py", line 346, in run_endpoint_function
    return await run_in_threadpool(dependant.call, **values)
           ^^^^^^^^^^^^^^^^^^^^^^^^^^^^^^^^^^^^^^^^^^^^^^^^^
  File "C:\Users\roman\AppData\Local\Programs\Python\Python313\Lib\site-packages\starlette\concurrency.py", line 34, in run_in_threadpool
    return await anyio.to_thread.run_sync(func)
           ^^^^^^^^^^^^^^^^^^^^^^^^^^^^^^^^^^^^
  File "C:\Users\roman\AppData\Local\Programs\Python\Python313\Lib\site-packages\anyio\to_thread.py", line 56, in run_sync
    return await get_async_backend().run_sync_in_worker_thread(
           ^^^^^^^^^^^^^^^^^^^^^^^^^^^^^^^^^^^^^^^^^^^^^^^^^^^^
        func, args, abandon_on_cancel=abandon_on_cancel, limiter=limiter
        ^^^^^^^^^^^^^^^^^^^^^^^^^^^^^^^^^^^^^^^^^^^^^^^^^^^^^^^^^^^^^^^^
    )
    ^
  File "C:\Users\roman\AppData\Local\Programs\Python\Python313\Lib\site-packages\anyio\_backends\_asyncio.py", line 2485, in run_sync_in_worker_thread
    return await future
           ^^^^^^^^^^^^
  File "C:\Users\roman\AppData\Local\Programs\Python\Python313\Lib\site-packages\anyio\_backends\_asyncio.py", line 976, in run
    result = context.run(func, *args)
  File "C:\Users\roman\Documents\Obsidian Vault\Programs\JobMatrix\api\routes\notifications.py", line 24, in list_events
    q = q.filter(Event.read_at.is_(None))
  File "<string>", line 2, in filter
  File "C:\Users\roman\AppData\Local\Programs\Python\Python313\Lib\site-packages\sqlalchemy\sql\base.py", line 284, in _generative
    x = fn(self, *args, **kw)
  File "<string>", line 2, in filter
  File "C:\Users\roman\AppData\Local\Programs\Python\Python313\Lib\site-packages\sqlalchemy\orm\base.py", line 303, in generate
    assertion(self, fn.__name__)
    ~~~~~~~~~^^^^^^^^^^^^^^^^^^^
  File "C:\Users\roman\AppData\Local\Programs\Python\Python313\Lib\site-packages\sqlalchemy\orm\query.py", line 444, in _no_limit_offset
    raise sa_exc.InvalidRequestError(
    ...<3 lines>...
    )
sqlalchemy.exc.InvalidRequestError: Query.filter() being called on a Query which already has LIMIT or OFFSET applied.  Call filter() before limit() or offset() are applied.
INFO:     127.0.0.1:61121 - "GET /api/vacancies HTTP/1.1" 200 OK
INFO:     127.0.0.1:51490 - "GET /api/notifications?unread=1 HTTP/1.1" 500 Internal Server Error
ERROR:    Exception in ASGI application
Traceback (most recent call last):
  File "C:\Users\roman\AppData\Local\Programs\Python\Python313\Lib\site-packages\uvicorn\protocols\http\httptools_impl.py", line 422, in run_asgi
    result = await app(  # type: ignore[func-returns-value]
             ^^^^^^^^^^^^^^^^^^^^^^^^^^^^^^^^^^^^^^^^^^^^^^
        self.scope, self.receive, self.send
        ^^^^^^^^^^^^^^^^^^^^^^^^^^^^^^^^^^^
    )
    ^
  File "C:\Users\roman\AppData\Local\Programs\Python\Python313\Lib\site-packages\uvicorn\middleware\proxy_headers.py", line 63, in __call__
    return await self.app(scope, receive, send)
           ^^^^^^^^^^^^^^^^^^^^^^^^^^^^^^^^^^^^
  File "C:\Users\roman\AppData\Local\Programs\Python\Python313\Lib\site-packages\fastapi\applications.py", line 1163, in __call__
    await super().__call__(scope, receive, send)
  File "C:\Users\roman\AppData\Local\Programs\Python\Python313\Lib\site-packages\starlette\applications.py", line 90, in __call__
    await self.middleware_stack(scope, receive, send)
  File "C:\Users\roman\AppData\Local\Programs\Python\Python313\Lib\site-packages\starlette\middleware\errors.py", line 186, in __call__
    raise exc
  File "C:\Users\roman\AppData\Local\Programs\Python\Python313\Lib\site-packages\starlette\middleware\errors.py", line 164, in __call__
    await self.app(scope, receive, _send)
  File "C:\Users\roman\AppData\Local\Programs\Python\Python313\Lib\site-packages\starlette\middleware\cors.py", line 88, in __call__
    await self.app(scope, receive, send)
  File "C:\Users\roman\AppData\Local\Programs\Python\Python313\Lib\site-packages\starlette\middleware\exceptions.py", line 63, in __call__
    await wrap_app_handling_exceptions(self.app, conn)(scope, receive, send)
  File "C:\Users\roman\AppData\Local\Programs\Python\Python313\Lib\site-packages\starlette\_exception_handler.py", line 53, in wrapped_app
    raise exc
  File "C:\Users\roman\AppData\Local\Programs\Python\Python313\Lib\site-packages\starlette\_exception_handler.py", line 42, in wrapped_app
    await app(scope, receive, sender)
  File "C:\Users\roman\AppData\Local\Programs\Python\Python313\Lib\site-packages\fastapi\middleware\asyncexitstack.py", line 18, in __call__
    await self.app(scope, receive, send)
  File "C:\Users\roman\AppData\Local\Programs\Python\Python313\Lib\site-packages\starlette\routing.py", line 660, in __call__
    await self.middleware_stack(scope, receive, send)
  File "C:\Users\roman\AppData\Local\Programs\Python\Python313\Lib\site-packages\fastapi\routing.py", line 2683, in app
    await route.handle(scope, receive, send)
  File "C:\Users\roman\AppData\Local\Programs\Python\Python313\Lib\site-packages\fastapi\routing.py", line 1753, in handle
    await self.original_router.handle(scope, receive, send)
  File "C:\Users\roman\AppData\Local\Programs\Python\Python313\Lib\site-packages\fastapi\routing.py", line 2738, in handle
    await included_router._handle_selected(scope, receive, send)
  File "C:\Users\roman\AppData\Local\Programs\Python\Python313\Lib\site-packages\fastapi\routing.py", line 1773, in _handle_selected
    await original_route.handle(scope, receive, send)
  File "C:\Users\roman\AppData\Local\Programs\Python\Python313\Lib\site-packages\fastapi\routing.py", line 1264, in handle
    await app(scope, receive, send)
  File "C:\Users\roman\AppData\Local\Programs\Python\Python313\Lib\site-packages\fastapi\routing.py", line 150, in app
    await wrap_app_handling_exceptions(app, request)(scope, receive, send)
  File "C:\Users\roman\AppData\Local\Programs\Python\Python313\Lib\site-packages\starlette\_exception_handler.py", line 53, in wrapped_app
    raise exc
  File "C:\Users\roman\AppData\Local\Programs\Python\Python313\Lib\site-packages\starlette\_exception_handler.py", line 42, in wrapped_app
    await app(scope, receive, sender)
  File "C:\Users\roman\AppData\Local\Programs\Python\Python313\Lib\site-packages\fastapi\routing.py", line 136, in app
    response = await f(request)
               ^^^^^^^^^^^^^^^^
  File "C:\Users\roman\AppData\Local\Programs\Python\Python313\Lib\site-packages\fastapi\routing.py", line 690, in app
    raw_response = await run_endpoint_function(
                   ^^^^^^^^^^^^^^^^^^^^^^^^^^^^
    ...<3 lines>...
    )
    ^
  File "C:\Users\roman\AppData\Local\Programs\Python\Python313\Lib\site-packages\fastapi\routing.py", line 346, in run_endpoint_function
    return await run_in_threadpool(dependant.call, **values)
           ^^^^^^^^^^^^^^^^^^^^^^^^^^^^^^^^^^^^^^^^^^^^^^^^^
  File "C:\Users\roman\AppData\Local\Programs\Python\Python313\Lib\site-packages\starlette\concurrency.py", line 34, in run_in_threadpool
    return await anyio.to_thread.run_sync(func)
           ^^^^^^^^^^^^^^^^^^^^^^^^^^^^^^^^^^^^
  File "C:\Users\roman\AppData\Local\Programs\Python\Python313\Lib\site-packages\anyio\to_thread.py", line 56, in run_sync
    return await get_async_backend().run_sync_in_worker_thread(
           ^^^^^^^^^^^^^^^^^^^^^^^^^^^^^^^^^^^^^^^^^^^^^^^^^^^^
        func, args, abandon_on_cancel=abandon_on_cancel, limiter=limiter
        ^^^^^^^^^^^^^^^^^^^^^^^^^^^^^^^^^^^^^^^^^^^^^^^^^^^^^^^^^^^^^^^^
    )
    ^
  File "C:\Users\roman\AppData\Local\Programs\Python\Python313\Lib\site-packages\anyio\_backends\_asyncio.py", line 2485, in run_sync_in_worker_thread
    return await future
           ^^^^^^^^^^^^
  File "C:\Users\roman\AppData\Local\Programs\Python\Python313\Lib\site-packages\anyio\_backends\_asyncio.py", line 976, in run
    result = context.run(func, *args)
  File "C:\Users\roman\Documents\Obsidian Vault\Programs\JobMatrix\api\routes\notifications.py", line 24, in list_events
    q = q.filter(Event.read_at.is_(None))
  File "<string>", line 2, in filter
  File "C:\Users\roman\AppData\Local\Programs\Python\Python313\Lib\site-packages\sqlalchemy\sql\base.py", line 284, in _generative
    x = fn(self, *args, **kw)
  File "<string>", line 2, in filter
  File "C:\Users\roman\AppData\Local\Programs\Python\Python313\Lib\site-packages\sqlalchemy\orm\base.py", line 303, in generate
    assertion(self, fn.__name__)
    ~~~~~~~~~^^^^^^^^^^^^^^^^^^^
  File "C:\Users\roman\AppData\Local\Programs\Python\Python313\Lib\site-packages\sqlalchemy\orm\query.py", line 444, in _no_limit_offset
    raise sa_exc.InvalidRequestError(
    ...<3 lines>...
    )
sqlalchemy.exc.InvalidRequestError: Query.filter() being called on a Query which already has LIMIT or OFFSET applied.  Call filter() before limit() or offset() are applied.
INFO:     127.0.0.1:55031 - "GET /api/vacancies HTTP/1.1" 200 OK
INFO:     Started server process [172]
INFO:     Waiting for application startup.
2026-08-19 07:46:49,260 INFO jobmatrix: JobMatrix запущен: http://127.0.0.1:8000 (demo=True)
2026-08-19 07:46:49,388 INFO jobmatrix: Сбор: проверено 11, новых событий 5
INFO:     Application startup complete.
INFO:     Uvicorn running on http://127.0.0.1:8000 (Press CTRL+C to quit)
[JobMatrix] Запуск: http://127.0.0.1:8000
[JobMatrix] Демо-режим: True | Сбор каждые 2 мин
[JobMatrix] Логи: C:\Users\фыа\Documents\Obsidian Vault\Programs\JobMatrix\data\logs\app.log
[JobMatrix] Остановка: launcher\stop.bat (или Ctrl+C, если видна консоль)
INFO:     127.0.0.1:56631 - "GET / HTTP/1.1" 200 OK
INFO:     127.0.0.1:56631 - "GET /style.css HTTP/1.1" 200 OK
INFO:     127.0.0.1:56631 - "GET /app.js HTTP/1.1" 200 OK
INFO:     127.0.0.1:57099 - "WebSocket /ws/events" [accepted]
INFO:     connection open
INFO:     127.0.0.1:54717 - "GET /api/notifications?unread=1 HTTP/1.1" 500 Internal Server Error
ERROR:    Exception in ASGI application
Traceback (most recent call last):
  File "C:\Users\фыа\AppData\Local\Programs\Python\Python314\Lib\site-packages\uvicorn\protocols\http\httptools_impl.py", line 422, in run_asgi
    result = await app(  # type: ignore[func-returns-value]
             ^^^^^^^^^^^^^^^^^^^^^^^^^^^^^^^^^^^^^^^^^^^^^^
        self.scope, self.receive, self.send
        ^^^^^^^^^^^^^^^^^^^^^^^^^^^^^^^^^^^
    )
    ^
  File "C:\Users\фыа\AppData\Local\Programs\Python\Python314\Lib\site-packages\uvicorn\middleware\proxy_headers.py", line 63, in __call__
    return await self.app(scope, receive, send)
           ^^^^^^^^^^^^^^^^^^^^^^^^^^^^^^^^^^^^
  File "C:\Users\фыа\AppData\Local\Programs\Python\Python314\Lib\site-packages\fastapi\applications.py", line 1163, in __call__
    await super().__call__(scope, receive, send)
  File "C:\Users\фыа\AppData\Local\Programs\Python\Python314\Lib\site-packages\starlette\applications.py", line 96, in __call__
    await self.middleware_stack(scope, receive, send)
  File "C:\Users\фыа\AppData\Local\Programs\Python\Python314\Lib\site-packages\starlette\middleware\errors.py", line 186, in __call__
    raise exc
  File "C:\Users\фыа\AppData\Local\Programs\Python\Python314\Lib\site-packages\starlette\middleware\errors.py", line 164, in __call__
    await self.app(scope, receive, _send)
  File "C:\Users\фыа\AppData\Local\Programs\Python\Python314\Lib\site-packages\starlette\middleware\cors.py", line 88, in __call__
    await self.app(scope, receive, send)
  File "C:\Users\фыа\AppData\Local\Programs\Python\Python314\Lib\site-packages\starlette\middleware\exceptions.py", line 63, in __call__
    await wrap_app_handling_exceptions(self.app, conn)(scope, receive, send)
  File "C:\Users\фыа\AppData\Local\Programs\Python\Python314\Lib\site-packages\starlette\_exception_handler.py", line 53, in wrapped_app
    raise exc
  File "C:\Users\фыа\AppData\Local\Programs\Python\Python314\Lib\site-packages\starlette\_exception_handler.py", line 42, in wrapped_app
    await app(scope, receive, sender)
  File "C:\Users\фыа\AppData\Local\Programs\Python\Python314\Lib\site-packages\fastapi\middleware\asyncexitstack.py", line 18, in __call__
    await self.app(scope, receive, send)
  File "C:\Users\фыа\AppData\Local\Programs\Python\Python314\Lib\site-packages\starlette\routing.py", line 670, in __call__
    await self.middleware_stack(scope, receive, send)
  File "C:\Users\фыа\AppData\Local\Programs\Python\Python314\Lib\site-packages\fastapi\routing.py", line 2734, in app
    await route.handle(scope, receive, send)
  File "C:\Users\фыа\AppData\Local\Programs\Python\Python314\Lib\site-packages\fastapi\routing.py", line 1780, in handle
    await self.original_router.handle(scope, receive, send)
  File "C:\Users\фыа\AppData\Local\Programs\Python\Python314\Lib\site-packages\fastapi\routing.py", line 2789, in handle
    await included_router._handle_selected(scope, receive, send)
  File "C:\Users\фыа\AppData\Local\Programs\Python\Python314\Lib\site-packages\fastapi\routing.py", line 1800, in _handle_selected
    await original_route.handle(scope, receive, send)
  File "C:\Users\фыа\AppData\Local\Programs\Python\Python314\Lib\site-packages\fastapi\routing.py", line 1279, in handle
    await app(scope, receive, send)
  File "C:\Users\фыа\AppData\Local\Programs\Python\Python314\Lib\site-packages\fastapi\routing.py", line 158, in app
    await wrap_app_handling_exceptions(app, request)(scope, receive, send)
  File "C:\Users\фыа\AppData\Local\Programs\Python\Python314\Lib\site-packages\starlette\_exception_handler.py", line 53, in wrapped_app
    raise exc
  File "C:\Users\фыа\AppData\Local\Programs\Python\Python314\Lib\site-packages\starlette\_exception_handler.py", line 42, in wrapped_app
    await app(scope, receive, sender)
  File "C:\Users\фыа\AppData\Local\Programs\Python\Python314\Lib\site-packages\fastapi\routing.py", line 144, in app
    response = await f(request)
               ^^^^^^^^^^^^^^^^
  File "C:\Users\фыа\AppData\Local\Programs\Python\Python314\Lib\site-packages\fastapi\routing.py", line 706, in app
    raw_response = await run_endpoint_function(
                   ^^^^^^^^^^^^^^^^^^^^^^^^^^^^
    ...<3 lines>...
    )
    ^
  File "C:\Users\фыа\AppData\Local\Programs\Python\Python314\Lib\site-packages\fastapi\routing.py", line 354, in run_endpoint_function
    return await run_in_threadpool(dependant.call, **values)
           ^^^^^^^^^^^^^^^^^^^^^^^^^^^^^^^^^^^^^^^^^^^^^^^^^
  File "C:\Users\фыа\AppData\Local\Programs\Python\Python314\Lib\site-packages\starlette\concurrency.py", line 34, in run_in_threadpool
    return await anyio.to_thread.run_sync(func)
           ^^^^^^^^^^^^^^^^^^^^^^^^^^^^^^^^^^^^
  File "C:\Users\фыа\AppData\Local\Programs\Python\Python314\Lib\site-packages\anyio\to_thread.py", line 63, in run_sync
    return await get_async_backend().run_sync_in_worker_thread(
           ^^^^^^^^^^^^^^^^^^^^^^^^^^^^^^^^^^^^^^^^^^^^^^^^^^^^
        func, args, abandon_on_cancel=abandon_on_cancel, limiter=limiter
        ^^^^^^^^^^^^^^^^^^^^^^^^^^^^^^^^^^^^^^^^^^^^^^^^^^^^^^^^^^^^^^^^
    )
    ^
  File "C:\Users\фыа\AppData\Local\Programs\Python\Python314\Lib\site-packages\anyio\_backends\_asyncio.py", line 2596, in run_sync_in_worker_thread
    return await future
           ^^^^^^^^^^^^
  File "C:\Users\фыа\AppData\Local\Programs\Python\Python314\Lib\site-packages\anyio\_backends\_asyncio.py", line 1029, in run
    result = context.run(func, *args)
  File "C:\Users\фыа\Documents\Obsidian Vault\Programs\JobMatrix\api\routes\notifications.py", line 24, in list_events
    q = q.filter(Event.read_at.is_(None))
  File "<string>", line 2, in filter
  File "C:\Users\фыа\AppData\Local\Programs\Python\Python314\Lib\site-packages\sqlalchemy\sql\base.py", line 284, in _generative
    x = fn(self, *args, **kw)
  File "<string>", line 2, in filter
  File "C:\Users\фыа\AppData\Local\Programs\Python\Python314\Lib\site-packages\sqlalchemy\orm\base.py", line 303, in generate
    assertion(self, fn.__name__)
    ~~~~~~~~~^^^^^^^^^^^^^^^^^^^
  File "C:\Users\фыа\AppData\Local\Programs\Python\Python314\Lib\site-packages\sqlalchemy\orm\query.py", line 444, in _no_limit_offset
    raise sa_exc.InvalidRequestError(
    ...<3 lines>...
    )
sqlalchemy.exc.InvalidRequestError: Query.filter() being called on a Query which already has LIMIT or OFFSET applied.  Call filter() before limit() or offset() are applied.
INFO:     127.0.0.1:56631 - "GET /api/vacancies HTTP/1.1" 200 OK
INFO:     127.0.0.1:56631 - "GET /favicon.ico HTTP/1.1" 404 Not Found
INFO:     127.0.0.1:61418 - "GET /api/notifications?unread=1 HTTP/1.1" 500 Internal Server Error
ERROR:    Exception in ASGI application
Traceback (most recent call last):
  File "C:\Users\фыа\AppData\Local\Programs\Python\Python314\Lib\site-packages\uvicorn\protocols\http\httptools_impl.py", line 422, in run_asgi
    result = await app(  # type: ignore[func-returns-value]
             ^^^^^^^^^^^^^^^^^^^^^^^^^^^^^^^^^^^^^^^^^^^^^^
        self.scope, self.receive, self.send
        ^^^^^^^^^^^^^^^^^^^^^^^^^^^^^^^^^^^
    )
    ^
  File "C:\Users\фыа\AppData\Local\Programs\Python\Python314\Lib\site-packages\uvicorn\middleware\proxy_headers.py", line 63, in __call__
    return await self.app(scope, receive, send)
           ^^^^^^^^^^^^^^^^^^^^^^^^^^^^^^^^^^^^
  File "C:\Users\фыа\AppData\Local\Programs\Python\Python314\Lib\site-packages\fastapi\applications.py", line 1163, in __call__
    await super().__call__(scope, receive, send)
  File "C:\Users\фыа\AppData\Local\Programs\Python\Python314\Lib\site-packages\starlette\applications.py", line 96, in __call__
    await self.middleware_stack(scope, receive, send)
  File "C:\Users\фыа\AppData\Local\Programs\Python\Python314\Lib\site-packages\starlette\middleware\errors.py", line 186, in __call__
    raise exc
  File "C:\Users\фыа\AppData\Local\Programs\Python\Python314\Lib\site-packages\starlette\middleware\errors.py", line 164, in __call__
    await self.app(scope, receive, _send)
  File "C:\Users\фыа\AppData\Local\Programs\Python\Python314\Lib\site-packages\starlette\middleware\cors.py", line 88, in __call__
    await self.app(scope, receive, send)
  File "C:\Users\фыа\AppData\Local\Programs\Python\Python314\Lib\site-packages\starlette\middleware\exceptions.py", line 63, in __call__
    await wrap_app_handling_exceptions(self.app, conn)(scope, receive, send)
  File "C:\Users\фыа\AppData\Local\Programs\Python\Python314\Lib\site-packages\starlette\_exception_handler.py", line 53, in wrapped_app
    raise exc
  File "C:\Users\фыа\AppData\Local\Programs\Python\Python314\Lib\site-packages\starlette\_exception_handler.py", line 42, in wrapped_app
    await app(scope, receive, sender)
  File "C:\Users\фыа\AppData\Local\Programs\Python\Python314\Lib\site-packages\fastapi\middleware\asyncexitstack.py", line 18, in __call__
    await self.app(scope, receive, send)
  File "C:\Users\фыа\AppData\Local\Programs\Python\Python314\Lib\site-packages\starlette\routing.py", line 670, in __call__
    await self.middleware_stack(scope, receive, send)
  File "C:\Users\фыа\AppData\Local\Programs\Python\Python314\Lib\site-packages\fastapi\routing.py", line 2734, in app
    await route.handle(scope, receive, send)
  File "C:\Users\фыа\AppData\Local\Programs\Python\Python314\Lib\site-packages\fastapi\routing.py", line 1780, in handle
    await self.original_router.handle(scope, receive, send)
  File "C:\Users\фыа\AppData\Local\Programs\Python\Python314\Lib\site-packages\fastapi\routing.py", line 2789, in handle
    await included_router._handle_selected(scope, receive, send)
  File "C:\Users\фыа\AppData\Local\Programs\Python\Python314\Lib\site-packages\fastapi\routing.py", line 1800, in _handle_selected
    await original_route.handle(scope, receive, send)
  File "C:\Users\фыа\AppData\Local\Programs\Python\Python314\Lib\site-packages\fastapi\routing.py", line 1279, in handle
    await app(scope, receive, send)
  File "C:\Users\фыа\AppData\Local\Programs\Python\Python314\Lib\site-packages\fastapi\routing.py", line 158, in app
    await wrap_app_handling_exceptions(app, request)(scope, receive, send)
  File "C:\Users\фыа\AppData\Local\Programs\Python\Python314\Lib\site-packages\starlette\_exception_handler.py", line 53, in wrapped_app
    raise exc
  File "C:\Users\фыа\AppData\Local\Programs\Python\Python314\Lib\site-packages\starlette\_exception_handler.py", line 42, in wrapped_app
    await app(scope, receive, sender)
  File "C:\Users\фыа\AppData\Local\Programs\Python\Python314\Lib\site-packages\fastapi\routing.py", line 144, in app
    response = await f(request)
               ^^^^^^^^^^^^^^^^
  File "C:\Users\фыа\AppData\Local\Programs\Python\Python314\Lib\site-packages\fastapi\routing.py", line 706, in app
    raw_response = await run_endpoint_function(
                   ^^^^^^^^^^^^^^^^^^^^^^^^^^^^
    ...<3 lines>...
    )
    ^
  File "C:\Users\фыа\AppData\Local\Programs\Python\Python314\Lib\site-packages\fastapi\routing.py", line 354, in run_endpoint_function
    return await run_in_threadpool(dependant.call, **values)
           ^^^^^^^^^^^^^^^^^^^^^^^^^^^^^^^^^^^^^^^^^^^^^^^^^
  File "C:\Users\фыа\AppData\Local\Programs\Python\Python314\Lib\site-packages\starlette\concurrency.py", line 34, in run_in_threadpool
    return await anyio.to_thread.run_sync(func)
           ^^^^^^^^^^^^^^^^^^^^^^^^^^^^^^^^^^^^
  File "C:\Users\фыа\AppData\Local\Programs\Python\Python314\Lib\site-packages\anyio\to_thread.py", line 63, in run_sync
    return await get_async_backend().run_sync_in_worker_thread(
           ^^^^^^^^^^^^^^^^^^^^^^^^^^^^^^^^^^^^^^^^^^^^^^^^^^^^
        func, args, abandon_on_cancel=abandon_on_cancel, limiter=limiter
        ^^^^^^^^^^^^^^^^^^^^^^^^^^^^^^^^^^^^^^^^^^^^^^^^^^^^^^^^^^^^^^^^
    )
    ^
  File "C:\Users\фыа\AppData\Local\Programs\Python\Python314\Lib\site-packages\anyio\_backends\_asyncio.py", line 2596, in run_sync_in_worker_thread
    return await future
           ^^^^^^^^^^^^
  File "C:\Users\фыа\AppData\Local\Programs\Python\Python314\Lib\site-packages\anyio\_backends\_asyncio.py", line 1029, in run
    result = context.run(func, *args)
  File "C:\Users\фыа\Documents\Obsidian Vault\Programs\JobMatrix\api\routes\notifications.py", line 24, in list_events
    q = q.filter(Event.read_at.is_(None))
  File "<string>", line 2, in filter
  File "C:\Users\фыа\AppData\Local\Programs\Python\Python314\Lib\site-packages\sqlalchemy\sql\base.py", line 284, in _generative
    x = fn(self, *args, **kw)
  File "<string>", line 2, in filter
  File "C:\Users\фыа\AppData\Local\Programs\Python\Python314\Lib\site-packages\sqlalchemy\orm\base.py", line 303, in generate
    assertion(self, fn.__name__)
    ~~~~~~~~~^^^^^^^^^^^^^^^^^^^
  File "C:\Users\фыа\AppData\Local\Programs\Python\Python314\Lib\site-packages\sqlalchemy\orm\query.py", line 444, in _no_limit_offset
    raise sa_exc.InvalidRequestError(
    ...<3 lines>...
    )
sqlalchemy.exc.InvalidRequestError: Query.filter() being called on a Query which already has LIMIT or OFFSET applied.  Call filter() before limit() or offset() are applied.
INFO:     127.0.0.1:62994 - "GET /api/vacancies HTTP/1.1" 200 OK
INFO:     Started server process [16988]
INFO:     Waiting for application startup.
2026-08-19 07:49:40,378 INFO jobmatrix: JobMatrix запущен: http://127.0.0.1:8000 (demo=True)
2026-08-19 07:49:40,477 INFO jobmatrix: Сбор: проверено 11, новых событий 4
INFO:     Application startup complete.
INFO:     Uvicorn running on http://127.0.0.1:8000 (Press CTRL+C to quit)
[JobMatrix] Запуск: http://127.0.0.1:8000
[JobMatrix] Демо-режим: True | Сбор каждые 2 мин
[JobMatrix] Логи: C:\Users\фыа\Documents\Obsidian Vault\Programs\JobMatrix\data\logs\app.log
[JobMatrix] Остановка: launcher\stop.bat (или Ctrl+C, если видна консоль)
INFO:     127.0.0.1:64316 - "GET / HTTP/1.1" 200 OK
INFO:     127.0.0.1:64316 - "GET /style.css HTTP/1.1" 304 Not Modified
INFO:     127.0.0.1:64316 - "GET /app.js HTTP/1.1" 304 Not Modified
INFO:     127.0.0.1:56116 - "WebSocket /ws/events" [accepted]
INFO:     connection open
INFO:     127.0.0.1:58627 - "GET /api/notifications?unread=1 HTTP/1.1" 500 Internal Server Error
ERROR:    Exception in ASGI application
Traceback (most recent call last):
  File "C:\Users\фыа\AppData\Local\Programs\Python\Python314\Lib\site-packages\uvicorn\protocols\http\httptools_impl.py", line 422, in run_asgi
    result = await app(  # type: ignore[func-returns-value]
             ^^^^^^^^^^^^^^^^^^^^^^^^^^^^^^^^^^^^^^^^^^^^^^
        self.scope, self.receive, self.send
        ^^^^^^^^^^^^^^^^^^^^^^^^^^^^^^^^^^^
    )
    ^
  File "C:\Users\фыа\AppData\Local\Programs\Python\Python314\Lib\site-packages\uvicorn\middleware\proxy_headers.py", line 63, in __call__
    return await self.app(scope, receive, send)
           ^^^^^^^^^^^^^^^^^^^^^^^^^^^^^^^^^^^^
  File "C:\Users\фыа\AppData\Local\Programs\Python\Python314\Lib\site-packages\fastapi\applications.py", line 1163, in __call__
    await super().__call__(scope, receive, send)
  File "C:\Users\фыа\AppData\Local\Programs\Python\Python314\Lib\site-packages\starlette\applications.py", line 96, in __call__
    await self.middleware_stack(scope, receive, send)
  File "C:\Users\фыа\AppData\Local\Programs\Python\Python314\Lib\site-packages\starlette\middleware\errors.py", line 186, in __call__
    raise exc
  File "C:\Users\фыа\AppData\Local\Programs\Python\Python314\Lib\site-packages\starlette\middleware\errors.py", line 164, in __call__
    await self.app(scope, receive, _send)
  File "C:\Users\фыа\AppData\Local\Programs\Python\Python314\Lib\site-packages\starlette\middleware\cors.py", line 88, in __call__
    await self.app(scope, receive, send)
  File "C:\Users\фыа\AppData\Local\Programs\Python\Python314\Lib\site-packages\starlette\middleware\exceptions.py", line 63, in __call__
    await wrap_app_handling_exceptions(self.app, conn)(scope, receive, send)
  File "C:\Users\фыа\AppData\Local\Programs\Python\Python314\Lib\site-packages\starlette\_exception_handler.py", line 53, in wrapped_app
    raise exc
  File "C:\Users\фыа\AppData\Local\Programs\Python\Python314\Lib\site-packages\starlette\_exception_handler.py", line 42, in wrapped_app
    await app(scope, receive, sender)
  File "C:\Users\фыа\AppData\Local\Programs\Python\Python314\Lib\site-packages\fastapi\middleware\asyncexitstack.py", line 18, in __call__
    await self.app(scope, receive, send)
  File "C:\Users\фыа\AppData\Local\Programs\Python\Python314\Lib\site-packages\starlette\routing.py", line 670, in __call__
    await self.middleware_stack(scope, receive, send)
  File "C:\Users\фыа\AppData\Local\Programs\Python\Python314\Lib\site-packages\fastapi\routing.py", line 2734, in app
    await route.handle(scope, receive, send)
  File "C:\Users\фыа\AppData\Local\Programs\Python\Python314\Lib\site-packages\fastapi\routing.py", line 1780, in handle
    await self.original_router.handle(scope, receive, send)
  File "C:\Users\фыа\AppData\Local\Programs\Python\Python314\Lib\site-packages\fastapi\routing.py", line 2789, in handle
    await included_router._handle_selected(scope, receive, send)
  File "C:\Users\фыа\AppData\Local\Programs\Python\Python314\Lib\site-packages\fastapi\routing.py", line 1800, in _handle_selected
    await original_route.handle(scope, receive, send)
  File "C:\Users\фыа\AppData\Local\Programs\Python\Python314\Lib\site-packages\fastapi\routing.py", line 1279, in handle
    await app(scope, receive, send)
  File "C:\Users\фыа\AppData\Local\Programs\Python\Python314\Lib\site-packages\fastapi\routing.py", line 158, in app
    await wrap_app_handling_exceptions(app, request)(scope, receive, send)
  File "C:\Users\фыа\AppData\Local\Programs\Python\Python314\Lib\site-packages\starlette\_exception_handler.py", line 53, in wrapped_app
    raise exc
  File "C:\Users\фыа\AppData\Local\Programs\Python\Python314\Lib\site-packages\starlette\_exception_handler.py", line 42, in wrapped_app
    await app(scope, receive, sender)
  File "C:\Users\фыа\AppData\Local\Programs\Python\Python314\Lib\site-packages\fastapi\routing.py", line 144, in app
    response = await f(request)
               ^^^^^^^^^^^^^^^^
  File "C:\Users\фыа\AppData\Local\Programs\Python\Python314\Lib\site-packages\fastapi\routing.py", line 706, in app
    raw_response = await run_endpoint_function(
                   ^^^^^^^^^^^^^^^^^^^^^^^^^^^^
    ...<3 lines>...
    )
    ^
  File "C:\Users\фыа\AppData\Local\Programs\Python\Python314\Lib\site-packages\fastapi\routing.py", line 354, in run_endpoint_function
    return await run_in_threadpool(dependant.call, **values)
           ^^^^^^^^^^^^^^^^^^^^^^^^^^^^^^^^^^^^^^^^^^^^^^^^^
  File "C:\Users\фыа\AppData\Local\Programs\Python\Python314\Lib\site-packages\starlette\concurrency.py", line 34, in run_in_threadpool
    return await anyio.to_thread.run_sync(func)
           ^^^^^^^^^^^^^^^^^^^^^^^^^^^^^^^^^^^^
  File "C:\Users\фыа\AppData\Local\Programs\Python\Python314\Lib\site-packages\anyio\to_thread.py", line 63, in run_sync
    return await get_async_backend().run_sync_in_worker_thread(
           ^^^^^^^^^^^^^^^^^^^^^^^^^^^^^^^^^^^^^^^^^^^^^^^^^^^^
        func, args, abandon_on_cancel=abandon_on_cancel, limiter=limiter
        ^^^^^^^^^^^^^^^^^^^^^^^^^^^^^^^^^^^^^^^^^^^^^^^^^^^^^^^^^^^^^^^^
    )
    ^
  File "C:\Users\фыа\AppData\Local\Programs\Python\Python314\Lib\site-packages\anyio\_backends\_asyncio.py", line 2596, in run_sync_in_worker_thread
    return await future
           ^^^^^^^^^^^^
  File "C:\Users\фыа\AppData\Local\Programs\Python\Python314\Lib\site-packages\anyio\_backends\_asyncio.py", line 1029, in run
    result = context.run(func, *args)
  File "C:\Users\фыа\Documents\Obsidian Vault\Programs\JobMatrix\api\routes\notifications.py", line 24, in list_events
    q = q.filter(Event.read_at.is_(None))
  File "<string>", line 2, in filter
  File "C:\Users\фыа\AppData\Local\Programs\Python\Python314\Lib\site-packages\sqlalchemy\sql\base.py", line 284, in _generative
    x = fn(self, *args, **kw)
  File "<string>", line 2, in filter
  File "C:\Users\фыа\AppData\Local\Programs\Python\Python314\Lib\site-packages\sqlalchemy\orm\base.py", line 303, in generate
    assertion(self, fn.__name__)
    ~~~~~~~~~^^^^^^^^^^^^^^^^^^^
  File "C:\Users\фыа\AppData\Local\Programs\Python\Python314\Lib\site-packages\sqlalchemy\orm\query.py", line 444, in _no_limit_offset
    raise sa_exc.InvalidRequestError(
    ...<3 lines>...
    )
sqlalchemy.exc.InvalidRequestError: Query.filter() being called on a Query which already has LIMIT or OFFSET applied.  Call filter() before limit() or offset() are applied.
INFO:     127.0.0.1:64316 - "GET /api/vacancies HTTP/1.1" 200 OK
INFO:     127.0.0.1:63467 - "GET /api/notifications?unread=1 HTTP/1.1" 500 Internal Server Error
ERROR:    Exception in ASGI application
Traceback (most recent call last):
  File "C:\Users\фыа\AppData\Local\Programs\Python\Python314\Lib\site-packages\uvicorn\protocols\http\httptools_impl.py", line 422, in run_asgi
    result = await app(  # type: ignore[func-returns-value]
             ^^^^^^^^^^^^^^^^^^^^^^^^^^^^^^^^^^^^^^^^^^^^^^
        self.scope, self.receive, self.send
        ^^^^^^^^^^^^^^^^^^^^^^^^^^^^^^^^^^^
    )
    ^
  File "C:\Users\фыа\AppData\Local\Programs\Python\Python314\Lib\site-packages\uvicorn\middleware\proxy_headers.py", line 63, in __call__
    return await self.app(scope, receive, send)
           ^^^^^^^^^^^^^^^^^^^^^^^^^^^^^^^^^^^^
  File "C:\Users\фыа\AppData\Local\Programs\Python\Python314\Lib\site-packages\fastapi\applications.py", line 1163, in __call__
    await super().__call__(scope, receive, send)
  File "C:\Users\фыа\AppData\Local\Programs\Python\Python314\Lib\site-packages\starlette\applications.py", line 96, in __call__
    await self.middleware_stack(scope, receive, send)
  File "C:\Users\фыа\AppData\Local\Programs\Python\Python314\Lib\site-packages\starlette\middleware\errors.py", line 186, in __call__
    raise exc
  File "C:\Users\фыа\AppData\Local\Programs\Python\Python314\Lib\site-packages\starlette\middleware\errors.py", line 164, in __call__
    await self.app(scope, receive, _send)
  File "C:\Users\фыа\AppData\Local\Programs\Python\Python314\Lib\site-packages\starlette\middleware\cors.py", line 88, in __call__
    await self.app(scope, receive, send)
  File "C:\Users\фыа\AppData\Local\Programs\Python\Python314\Lib\site-packages\starlette\middleware\exceptions.py", line 63, in __call__
    await wrap_app_handling_exceptions(self.app, conn)(scope, receive, send)
  File "C:\Users\фыа\AppData\Local\Programs\Python\Python314\Lib\site-packages\starlette\_exception_handler.py", line 53, in wrapped_app
    raise exc
  File "C:\Users\фыа\AppData\Local\Programs\Python\Python314\Lib\site-packages\starlette\_exception_handler.py", line 42, in wrapped_app
    await app(scope, receive, sender)
  File "C:\Users\фыа\AppData\Local\Programs\Python\Python314\Lib\site-packages\fastapi\middleware\asyncexitstack.py", line 18, in __call__
    await self.app(scope, receive, send)
  File "C:\Users\фыа\AppData\Local\Programs\Python\Python314\Lib\site-packages\starlette\routing.py", line 670, in __call__
    await self.middleware_stack(scope, receive, send)
  File "C:\Users\фыа\AppData\Local\Programs\Python\Python314\Lib\site-packages\fastapi\routing.py", line 2734, in app
    await route.handle(scope, receive, send)
  File "C:\Users\фыа\AppData\Local\Programs\Python\Python314\Lib\site-packages\fastapi\routing.py", line 1780, in handle
    await self.original_router.handle(scope, receive, send)
  File "C:\Users\фыа\AppData\Local\Programs\Python\Python314\Lib\site-packages\fastapi\routing.py", line 2789, in handle
    await included_router._handle_selected(scope, receive, send)
  File "C:\Users\фыа\AppData\Local\Programs\Python\Python314\Lib\site-packages\fastapi\routing.py", line 1800, in _handle_selected
    await original_route.handle(scope, receive, send)
  File "C:\Users\фыа\AppData\Local\Programs\Python\Python314\Lib\site-packages\fastapi\routing.py", line 1279, in handle
    await app(scope, receive, send)
  File "C:\Users\фыа\AppData\Local\Programs\Python\Python314\Lib\site-packages\fastapi\routing.py", line 158, in app
    await wrap_app_handling_exceptions(app, request)(scope, receive, send)
  File "C:\Users\фыа\AppData\Local\Programs\Python\Python314\Lib\site-packages\starlette\_exception_handler.py", line 53, in wrapped_app
    raise exc
  File "C:\Users\фыа\AppData\Local\Programs\Python\Python314\Lib\site-packages\starlette\_exception_handler.py", line 42, in wrapped_app
    await app(scope, receive, sender)
  File "C:\Users\фыа\AppData\Local\Programs\Python\Python314\Lib\site-packages\fastapi\routing.py", line 144, in app
    response = await f(request)
               ^^^^^^^^^^^^^^^^
  File "C:\Users\фыа\AppData\Local\Programs\Python\Python314\Lib\site-packages\fastapi\routing.py", line 706, in app
    raw_response = await run_endpoint_function(
                   ^^^^^^^^^^^^^^^^^^^^^^^^^^^^
    ...<3 lines>...
    )
    ^
  File "C:\Users\фыа\AppData\Local\Programs\Python\Python314\Lib\site-packages\fastapi\routing.py", line 354, in run_endpoint_function
    return await run_in_threadpool(dependant.call, **values)
           ^^^^^^^^^^^^^^^^^^^^^^^^^^^^^^^^^^^^^^^^^^^^^^^^^
  File "C:\Users\фыа\AppData\Local\Programs\Python\Python314\Lib\site-packages\starlette\concurrency.py", line 34, in run_in_threadpool
    return await anyio.to_thread.run_sync(func)
           ^^^^^^^^^^^^^^^^^^^^^^^^^^^^^^^^^^^^
  File "C:\Users\фыа\AppData\Local\Programs\Python\Python314\Lib\site-packages\anyio\to_thread.py", line 63, in run_sync
    return await get_async_backend().run_sync_in_worker_thread(
           ^^^^^^^^^^^^^^^^^^^^^^^^^^^^^^^^^^^^^^^^^^^^^^^^^^^^
        func, args, abandon_on_cancel=abandon_on_cancel, limiter=limiter
        ^^^^^^^^^^^^^^^^^^^^^^^^^^^^^^^^^^^^^^^^^^^^^^^^^^^^^^^^^^^^^^^^
    )
    ^
  File "C:\Users\фыа\AppData\Local\Programs\Python\Python314\Lib\site-packages\anyio\_backends\_asyncio.py", line 2596, in run_sync_in_worker_thread
    return await future
           ^^^^^^^^^^^^
  File "C:\Users\фыа\AppData\Local\Programs\Python\Python314\Lib\site-packages\anyio\_backends\_asyncio.py", line 1029, in run
    result = context.run(func, *args)
  File "C:\Users\фыа\Documents\Obsidian Vault\Programs\JobMatrix\api\routes\notifications.py", line 24, in list_events
    q = q.filter(Event.read_at.is_(None))
  File "<string>", line 2, in filter
  File "C:\Users\фыа\AppData\Local\Programs\Python\Python314\Lib\site-packages\sqlalchemy\sql\base.py", line 284, in _generative
    x = fn(self, *args, **kw)
  File "<string>", line 2, in filter
  File "C:\Users\фыа\AppData\Local\Programs\Python\Python314\Lib\site-packages\sqlalchemy\orm\base.py", line 303, in generate
    assertion(self, fn.__name__)
    ~~~~~~~~~^^^^^^^^^^^^^^^^^^^
  File "C:\Users\фыа\AppData\Local\Programs\Python\Python314\Lib\site-packages\sqlalchemy\orm\query.py", line 444, in _no_limit_offset
    raise sa_exc.InvalidRequestError(
    ...<3 lines>...
    )
sqlalchemy.exc.InvalidRequestError: Query.filter() being called on a Query which already has LIMIT or OFFSET applied.  Call filter() before limit() or offset() are applied.
INFO:     127.0.0.1:59357 - "GET /api/vacancies HTTP/1.1" 200 OK
INFO:     127.0.0.1:50200 - "POST /api/vacancies/3/find-person HTTP/1.1" 200 OK
INFO:     127.0.0.1:50200 - "GET /api/vacancies/3/resumes HTTP/1.1" 200 OK
INFO:     127.0.0.1:62912 - "GET /api/notifications?unread=1 HTTP/1.1" 500 Internal Server Error
ERROR:    Exception in ASGI application
Traceback (most recent call last):
  File "C:\Users\фыа\AppData\Local\Programs\Python\Python314\Lib\site-packages\uvicorn\protocols\http\httptools_impl.py", line 422, in run_asgi
    result = await app(  # type: ignore[func-returns-value]
             ^^^^^^^^^^^^^^^^^^^^^^^^^^^^^^^^^^^^^^^^^^^^^^
        self.scope, self.receive, self.send
        ^^^^^^^^^^^^^^^^^^^^^^^^^^^^^^^^^^^
    )
    ^
  File "C:\Users\фыа\AppData\Local\Programs\Python\Python314\Lib\site-packages\uvicorn\middleware\proxy_headers.py", line 63, in __call__
    return await self.app(scope, receive, send)
           ^^^^^^^^^^^^^^^^^^^^^^^^^^^^^^^^^^^^
  File "C:\Users\фыа\AppData\Local\Programs\Python\Python314\Lib\site-packages\fastapi\applications.py", line 1163, in __call__
    await super().__call__(scope, receive, send)
  File "C:\Users\фыа\AppData\Local\Programs\Python\Python314\Lib\site-packages\starlette\applications.py", line 96, in __call__
    await self.middleware_stack(scope, receive, send)
  File "C:\Users\фыа\AppData\Local\Programs\Python\Python314\Lib\site-packages\starlette\middleware\errors.py", line 186, in __call__
    raise exc
  File "C:\Users\фыа\AppData\Local\Programs\Python\Python314\Lib\site-packages\starlette\middleware\errors.py", line 164, in __call__
    await self.app(scope, receive, _send)
  File "C:\Users\фыа\AppData\Local\Programs\Python\Python314\Lib\site-packages\starlette\middleware\cors.py", line 88, in __call__
    await self.app(scope, receive, send)
  File "C:\Users\фыа\AppData\Local\Programs\Python\Python314\Lib\site-packages\starlette\middleware\exceptions.py", line 63, in __call__
    await wrap_app_handling_exceptions(self.app, conn)(scope, receive, send)
  File "C:\Users\фыа\AppData\Local\Programs\Python\Python314\Lib\site-packages\starlette\_exception_handler.py", line 53, in wrapped_app
    raise exc
  File "C:\Users\фыа\AppData\Local\Programs\Python\Python314\Lib\site-packages\starlette\_exception_handler.py", line 42, in wrapped_app
    await app(scope, receive, sender)
  File "C:\Users\фыа\AppData\Local\Programs\Python\Python314\Lib\site-packages\fastapi\middleware\asyncexitstack.py", line 18, in __call__
    await self.app(scope, receive, send)
  File "C:\Users\фыа\AppData\Local\Programs\Python\Python314\Lib\site-packages\starlette\routing.py", line 670, in __call__
    await self.middleware_stack(scope, receive, send)
  File "C:\Users\фыа\AppData\Local\Programs\Python\Python314\Lib\site-packages\fastapi\routing.py", line 2734, in app
    await route.handle(scope, receive, send)
  File "C:\Users\фыа\AppData\Local\Programs\Python\Python314\Lib\site-packages\fastapi\routing.py", line 1780, in handle
    await self.original_router.handle(scope, receive, send)
  File "C:\Users\фыа\AppData\Local\Programs\Python\Python314\Lib\site-packages\fastapi\routing.py", line 2789, in handle
    await included_router._handle_selected(scope, receive, send)
  File "C:\Users\фыа\AppData\Local\Programs\Python\Python314\Lib\site-packages\fastapi\routing.py", line 1800, in _handle_selected
    await original_route.handle(scope, receive, send)
  File "C:\Users\фыа\AppData\Local\Programs\Python\Python314\Lib\site-packages\fastapi\routing.py", line 1279, in handle
    await app(scope, receive, send)
  File "C:\Users\фыа\AppData\Local\Programs\Python\Python314\Lib\site-packages\fastapi\routing.py", line 158, in app
    await wrap_app_handling_exceptions(app, request)(scope, receive, send)
  File "C:\Users\фыа\AppData\Local\Programs\Python\Python314\Lib\site-packages\starlette\_exception_handler.py", line 53, in wrapped_app
    raise exc
  File "C:\Users\фыа\AppData\Local\Programs\Python\Python314\Lib\site-packages\starlette\_exception_handler.py", line 42, in wrapped_app
    await app(scope, receive, sender)
  File "C:\Users\фыа\AppData\Local\Programs\Python\Python314\Lib\site-packages\fastapi\routing.py", line 144, in app
    response = await f(request)
               ^^^^^^^^^^^^^^^^
  File "C:\Users\фыа\AppData\Local\Programs\Python\Python314\Lib\site-packages\fastapi\routing.py", line 706, in app
    raw_response = await run_endpoint_function(
                   ^^^^^^^^^^^^^^^^^^^^^^^^^^^^
    ...<3 lines>...
    )
    ^
  File "C:\Users\фыа\AppData\Local\Programs\Python\Python314\Lib\site-packages\fastapi\routing.py", line 354, in run_endpoint_function
    return await run_in_threadpool(dependant.call, **values)
           ^^^^^^^^^^^^^^^^^^^^^^^^^^^^^^^^^^^^^^^^^^^^^^^^^
  File "C:\Users\фыа\AppData\Local\Programs\Python\Python314\Lib\site-packages\starlette\concurrency.py", line 34, in run_in_threadpool
    return await anyio.to_thread.run_sync(func)
           ^^^^^^^^^^^^^^^^^^^^^^^^^^^^^^^^^^^^
  File "C:\Users\фыа\AppData\Local\Programs\Python\Python314\Lib\site-packages\anyio\to_thread.py", line 63, in run_sync
    return await get_async_backend().run_sync_in_worker_thread(
           ^^^^^^^^^^^^^^^^^^^^^^^^^^^^^^^^^^^^^^^^^^^^^^^^^^^^
        func, args, abandon_on_cancel=abandon_on_cancel, limiter=limiter
        ^^^^^^^^^^^^^^^^^^^^^^^^^^^^^^^^^^^^^^^^^^^^^^^^^^^^^^^^^^^^^^^^
    )
    ^
  File "C:\Users\фыа\AppData\Local\Programs\Python\Python314\Lib\site-packages\anyio\_backends\_asyncio.py", line 2596, in run_sync_in_worker_thread
    return await future
           ^^^^^^^^^^^^
  File "C:\Users\фыа\AppData\Local\Programs\Python\Python314\Lib\site-packages\anyio\_backends\_asyncio.py", line 1029, in run
    result = context.run(func, *args)
  File "C:\Users\фыа\Documents\Obsidian Vault\Programs\JobMatrix\api\routes\notifications.py", line 24, in list_events
    q = q.filter(Event.read_at.is_(None))
  File "<string>", line 2, in filter
  File "C:\Users\фыа\AppData\Local\Programs\Python\Python314\Lib\site-packages\sqlalchemy\sql\base.py", line 284, in _generative
    x = fn(self, *args, **kw)
  File "<string>", line 2, in filter
  File "C:\Users\фыа\AppData\Local\Programs\Python\Python314\Lib\site-packages\sqlalchemy\orm\base.py", line 303, in generate
    assertion(self, fn.__name__)
    ~~~~~~~~~^^^^^^^^^^^^^^^^^^^
  File "C:\Users\фыа\AppData\Local\Programs\Python\Python314\Lib\site-packages\sqlalchemy\orm\query.py", line 444, in _no_limit_offset
    raise sa_exc.InvalidRequestError(
    ...<3 lines>...
    )
sqlalchemy.exc.InvalidRequestError: Query.filter() being called on a Query which already has LIMIT or OFFSET applied.  Call filter() before limit() or offset() are applied.
INFO:     127.0.0.1:62351 - "GET /api/vacancies HTTP/1.1" 200 OK
INFO:     127.0.0.1:55843 - "GET /api/notifications?unread=1 HTTP/1.1" 500 Internal Server Error
ERROR:    Exception in ASGI application
Traceback (most recent call last):
  File "C:\Users\фыа\AppData\Local\Programs\Python\Python314\Lib\site-packages\uvicorn\protocols\http\httptools_impl.py", line 422, in run_asgi
    result = await app(  # type: ignore[func-returns-value]
             ^^^^^^^^^^^^^^^^^^^^^^^^^^^^^^^^^^^^^^^^^^^^^^
        self.scope, self.receive, self.send
        ^^^^^^^^^^^^^^^^^^^^^^^^^^^^^^^^^^^
    )
    ^
  File "C:\Users\фыа\AppData\Local\Programs\Python\Python314\Lib\site-packages\uvicorn\middleware\proxy_headers.py", line 63, in __call__
    return await self.app(scope, receive, send)
           ^^^^^^^^^^^^^^^^^^^^^^^^^^^^^^^^^^^^
  File "C:\Users\фыа\AppData\Local\Programs\Python\Python314\Lib\site-packages\fastapi\applications.py", line 1163, in __call__
    await super().__call__(scope, receive, send)
  File "C:\Users\фыа\AppData\Local\Programs\Python\Python314\Lib\site-packages\starlette\applications.py", line 96, in __call__
    await self.middleware_stack(scope, receive, send)
  File "C:\Users\фыа\AppData\Local\Programs\Python\Python314\Lib\site-packages\starlette\middleware\errors.py", line 186, in __call__
    raise exc
  File "C:\Users\фыа\AppData\Local\Programs\Python\Python314\Lib\site-packages\starlette\middleware\errors.py", line 164, in __call__
    await self.app(scope, receive, _send)
  File "C:\Users\фыа\AppData\Local\Programs\Python\Python314\Lib\site-packages\starlette\middleware\cors.py", line 88, in __call__
    await self.app(scope, receive, send)
  File "C:\Users\фыа\AppData\Local\Programs\Python\Python314\Lib\site-packages\starlette\middleware\exceptions.py", line 63, in __call__
    await wrap_app_handling_exceptions(self.app, conn)(scope, receive, send)
  File "C:\Users\фыа\AppData\Local\Programs\Python\Python314\Lib\site-packages\starlette\_exception_handler.py", line 53, in wrapped_app
    raise exc
  File "C:\Users\фыа\AppData\Local\Programs\Python\Python314\Lib\site-packages\starlette\_exception_handler.py", line 42, in wrapped_app
    await app(scope, receive, sender)
  File "C:\Users\фыа\AppData\Local\Programs\Python\Python314\Lib\site-packages\fastapi\middleware\asyncexitstack.py", line 18, in __call__
    await self.app(scope, receive, send)
  File "C:\Users\фыа\AppData\Local\Programs\Python\Python314\Lib\site-packages\starlette\routing.py", line 670, in __call__
    await self.middleware_stack(scope, receive, send)
  File "C:\Users\фыа\AppData\Local\Programs\Python\Python314\Lib\site-packages\fastapi\routing.py", line 2734, in app
    await route.handle(scope, receive, send)
  File "C:\Users\фыа\AppData\Local\Programs\Python\Python314\Lib\site-packages\fastapi\routing.py", line 1780, in handle
    await self.original_router.handle(scope, receive, send)
  File "C:\Users\фыа\AppData\Local\Programs\Python\Python314\Lib\site-packages\fastapi\routing.py", line 2789, in handle
    await included_router._handle_selected(scope, receive, send)
  File "C:\Users\фыа\AppData\Local\Programs\Python\Python314\Lib\site-packages\fastapi\routing.py", line 1800, in _handle_selected
    await original_route.handle(scope, receive, send)
  File "C:\Users\фыа\AppData\Local\Programs\Python\Python314\Lib\site-packages\fastapi\routing.py", line 1279, in handle
    await app(scope, receive, send)
  File "C:\Users\фыа\AppData\Local\Programs\Python\Python314\Lib\site-packages\fastapi\routing.py", line 158, in app
    await wrap_app_handling_exceptions(app, request)(scope, receive, send)
  File "C:\Users\фыа\AppData\Local\Programs\Python\Python314\Lib\site-packages\starlette\_exception_handler.py", line 53, in wrapped_app
    raise exc
  File "C:\Users\фыа\AppData\Local\Programs\Python\Python314\Lib\site-packages\starlette\_exception_handler.py", line 42, in wrapped_app
    await app(scope, receive, sender)
  File "C:\Users\фыа\AppData\Local\Programs\Python\Python314\Lib\site-packages\fastapi\routing.py", line 144, in app
    response = await f(request)
               ^^^^^^^^^^^^^^^^
  File "C:\Users\фыа\AppData\Local\Programs\Python\Python314\Lib\site-packages\fastapi\routing.py", line 706, in app
    raw_response = await run_endpoint_function(
                   ^^^^^^^^^^^^^^^^^^^^^^^^^^^^
    ...<3 lines>...
    )
    ^
  File "C:\Users\фыа\AppData\Local\Programs\Python\Python314\Lib\site-packages\fastapi\routing.py", line 354, in run_endpoint_function
    return await run_in_threadpool(dependant.call, **values)
           ^^^^^^^^^^^^^^^^^^^^^^^^^^^^^^^^^^^^^^^^^^^^^^^^^
  File "C:\Users\фыа\AppData\Local\Programs\Python\Python314\Lib\site-packages\starlette\concurrency.py", line 34, in run_in_threadpool
    return await anyio.to_thread.run_sync(func)
           ^^^^^^^^^^^^^^^^^^^^^^^^^^^^^^^^^^^^
  File "C:\Users\фыа\AppData\Local\Programs\Python\Python314\Lib\site-packages\anyio\to_thread.py", line 63, in run_sync
    return await get_async_backend().run_sync_in_worker_thread(
           ^^^^^^^^^^^^^^^^^^^^^^^^^^^^^^^^^^^^^^^^^^^^^^^^^^^^
        func, args, abandon_on_cancel=abandon_on_cancel, limiter=limiter
        ^^^^^^^^^^^^^^^^^^^^^^^^^^^^^^^^^^^^^^^^^^^^^^^^^^^^^^^^^^^^^^^^
    )
    ^
  File "C:\Users\фыа\AppData\Local\Programs\Python\Python314\Lib\site-packages\anyio\_backends\_asyncio.py", line 2596, in run_sync_in_worker_thread
    return await future
           ^^^^^^^^^^^^
  File "C:\Users\фыа\AppData\Local\Programs\Python\Python314\Lib\site-packages\anyio\_backends\_asyncio.py", line 1029, in run
    result = context.run(func, *args)
  File "C:\Users\фыа\Documents\Obsidian Vault\Programs\JobMatrix\api\routes\notifications.py", line 24, in list_events
    q = q.filter(Event.read_at.is_(None))
  File "<string>", line 2, in filter
  File "C:\Users\фыа\AppData\Local\Programs\Python\Python314\Lib\site-packages\sqlalchemy\sql\base.py", line 284, in _generative
    x = fn(self, *args, **kw)
  File "<string>", line 2, in filter
  File "C:\Users\фыа\AppData\Local\Programs\Python\Python314\Lib\site-packages\sqlalchemy\orm\base.py", line 303, in generate
    assertion(self, fn.__name__)
    ~~~~~~~~~^^^^^^^^^^^^^^^^^^^
  File "C:\Users\фыа\AppData\Local\Programs\Python\Python314\Lib\site-packages\sqlalchemy\orm\query.py", line 444, in _no_limit_offset
    raise sa_exc.InvalidRequestError(
    ...<3 lines>...
    )
sqlalchemy.exc.InvalidRequestError: Query.filter() being called on a Query which already has LIMIT or OFFSET applied.  Call filter() before limit() or offset() are applied.
INFO:     127.0.0.1:50874 - "GET /api/vacancies HTTP/1.1" 200 OK
INFO:     127.0.0.1:59869 - "POST /api/demo/new-response HTTP/1.1" 200 OK
INFO:     127.0.0.1:56914 - "GET /api/notifications?unread=1 HTTP/1.1" 500 Internal Server Error
ERROR:    Exception in ASGI application
Traceback (most recent call last):
  File "C:\Users\фыа\AppData\Local\Programs\Python\Python314\Lib\site-packages\uvicorn\protocols\http\httptools_impl.py", line 422, in run_asgi
    result = await app(  # type: ignore[func-returns-value]
             ^^^^^^^^^^^^^^^^^^^^^^^^^^^^^^^^^^^^^^^^^^^^^^
        self.scope, self.receive, self.send
        ^^^^^^^^^^^^^^^^^^^^^^^^^^^^^^^^^^^
    )
    ^
  File "C:\Users\фыа\AppData\Local\Programs\Python\Python314\Lib\site-packages\uvicorn\middleware\proxy_headers.py", line 63, in __call__
    return await self.app(scope, receive, send)
           ^^^^^^^^^^^^^^^^^^^^^^^^^^^^^^^^^^^^
  File "C:\Users\фыа\AppData\Local\Programs\Python\Python314\Lib\site-packages\fastapi\applications.py", line 1163, in __call__
    await super().__call__(scope, receive, send)
  File "C:\Users\фыа\AppData\Local\Programs\Python\Python314\Lib\site-packages\starlette\applications.py", line 96, in __call__
    await self.middleware_stack(scope, receive, send)
  File "C:\Users\фыа\AppData\Local\Programs\Python\Python314\Lib\site-packages\starlette\middleware\errors.py", line 186, in __call__
    raise exc
  File "C:\Users\фыа\AppData\Local\Programs\Python\Python314\Lib\site-packages\starlette\middleware\errors.py", line 164, in __call__
    await self.app(scope, receive, _send)
  File "C:\Users\фыа\AppData\Local\Programs\Python\Python314\Lib\site-packages\starlette\middleware\cors.py", line 88, in __call__
    await self.app(scope, receive, send)
  File "C:\Users\фыа\AppData\Local\Programs\Python\Python314\Lib\site-packages\starlette\middleware\exceptions.py", line 63, in __call__
    await wrap_app_handling_exceptions(self.app, conn)(scope, receive, send)
  File "C:\Users\фыа\AppData\Local\Programs\Python\Python314\Lib\site-packages\starlette\_exception_handler.py", line 53, in wrapped_app
    raise exc
  File "C:\Users\фыа\AppData\Local\Programs\Python\Python314\Lib\site-packages\starlette\_exception_handler.py", line 42, in wrapped_app
    await app(scope, receive, sender)
  File "C:\Users\фыа\AppData\Local\Programs\Python\Python314\Lib\site-packages\fastapi\middleware\asyncexitstack.py", line 18, in __call__
    await self.app(scope, receive, send)
  File "C:\Users\фыа\AppData\Local\Programs\Python\Python314\Lib\site-packages\starlette\routing.py", line 670, in __call__
    await self.middleware_stack(scope, receive, send)
  File "C:\Users\фыа\AppData\Local\Programs\Python\Python314\Lib\site-packages\fastapi\routing.py", line 2734, in app
    await route.handle(scope, receive, send)
  File "C:\Users\фыа\AppData\Local\Programs\Python\Python314\Lib\site-packages\fastapi\routing.py", line 1780, in handle
    await self.original_router.handle(scope, receive, send)
  File "C:\Users\фыа\AppData\Local\Programs\Python\Python314\Lib\site-packages\fastapi\routing.py", line 2789, in handle
    await included_router._handle_selected(scope, receive, send)
  File "C:\Users\фыа\AppData\Local\Programs\Python\Python314\Lib\site-packages\fastapi\routing.py", line 1800, in _handle_selected
    await original_route.handle(scope, receive, send)
  File "C:\Users\фыа\AppData\Local\Programs\Python\Python314\Lib\site-packages\fastapi\routing.py", line 1279, in handle
    await app(scope, receive, send)
  File "C:\Users\фыа\AppData\Local\Programs\Python\Python314\Lib\site-packages\fastapi\routing.py", line 158, in app
    await wrap_app_handling_exceptions(app, request)(scope, receive, send)
  File "C:\Users\фыа\AppData\Local\Programs\Python\Python314\Lib\site-packages\starlette\_exception_handler.py", line 53, in wrapped_app
    raise exc
  File "C:\Users\фыа\AppData\Local\Programs\Python\Python314\Lib\site-packages\starlette\_exception_handler.py", line 42, in wrapped_app
    await app(scope, receive, sender)
  File "C:\Users\фыа\AppData\Local\Programs\Python\Python314\Lib\site-packages\fastapi\routing.py", line 144, in app
    response = await f(request)
               ^^^^^^^^^^^^^^^^
  File "C:\Users\фыа\AppData\Local\Programs\Python\Python314\Lib\site-packages\fastapi\routing.py", line 706, in app
    raw_response = await run_endpoint_function(
                   ^^^^^^^^^^^^^^^^^^^^^^^^^^^^
    ...<3 lines>...
    )
    ^
  File "C:\Users\фыа\AppData\Local\Programs\Python\Python314\Lib\site-packages\fastapi\routing.py", line 354, in run_endpoint_function
    return await run_in_threadpool(dependant.call, **values)
           ^^^^^^^^^^^^^^^^^^^^^^^^^^^^^^^^^^^^^^^^^^^^^^^^^
  File "C:\Users\фыа\AppData\Local\Programs\Python\Python314\Lib\site-packages\starlette\concurrency.py", line 34, in run_in_threadpool
    return await anyio.to_thread.run_sync(func)
           ^^^^^^^^^^^^^^^^^^^^^^^^^^^^^^^^^^^^
  File "C:\Users\фыа\AppData\Local\Programs\Python\Python314\Lib\site-packages\anyio\to_thread.py", line 63, in run_sync
    return await get_async_backend().run_sync_in_worker_thread(
           ^^^^^^^^^^^^^^^^^^^^^^^^^^^^^^^^^^^^^^^^^^^^^^^^^^^^
        func, args, abandon_on_cancel=abandon_on_cancel, limiter=limiter
        ^^^^^^^^^^^^^^^^^^^^^^^^^^^^^^^^^^^^^^^^^^^^^^^^^^^^^^^^^^^^^^^^
    )
    ^
  File "C:\Users\фыа\AppData\Local\Programs\Python\Python314\Lib\site-packages\anyio\_backends\_asyncio.py", line 2596, in run_sync_in_worker_thread
    return await future
           ^^^^^^^^^^^^
  File "C:\Users\фыа\AppData\Local\Programs\Python\Python314\Lib\site-packages\anyio\_backends\_asyncio.py", line 1029, in run
    result = context.run(func, *args)
  File "C:\Users\фыа\Documents\Obsidian Vault\Programs\JobMatrix\api\routes\notifications.py", line 24, in list_events
    q = q.filter(Event.read_at.is_(None))
  File "<string>", line 2, in filter
  File "C:\Users\фыа\AppData\Local\Programs\Python\Python314\Lib\site-packages\sqlalchemy\sql\base.py", line 284, in _generative
    x = fn(self, *args, **kw)
  File "<string>", line 2, in filter
  File "C:\Users\фыа\AppData\Local\Programs\Python\Python314\Lib\site-packages\sqlalchemy\orm\base.py", line 303, in generate
    assertion(self, fn.__name__)
    ~~~~~~~~~^^^^^^^^^^^^^^^^^^^
  File "C:\Users\фыа\AppData\Local\Programs\Python\Python314\Lib\site-packages\sqlalchemy\orm\query.py", line 444, in _no_limit_offset
    raise sa_exc.InvalidRequestError(
    ...<3 lines>...
    )
sqlalchemy.exc.InvalidRequestError: Query.filter() being called on a Query which already has LIMIT or OFFSET applied.  Call filter() before limit() or offset() are applied.
INFO:     127.0.0.1:59869 - "GET /api/vacancies HTTP/1.1" 200 OK
INFO:     127.0.0.1:59869 - "GET /favicon.ico HTTP/1.1" 404 Not Found
INFO:     127.0.0.1:51679 - "GET /api/notifications?unread=1 HTTP/1.1" 500 Internal Server Error
ERROR:    Exception in ASGI application
Traceback (most recent call last):
  File "C:\Users\фыа\AppData\Local\Programs\Python\Python314\Lib\site-packages\uvicorn\protocols\http\httptools_impl.py", line 422, in run_asgi
    result = await app(  # type: ignore[func-returns-value]
             ^^^^^^^^^^^^^^^^^^^^^^^^^^^^^^^^^^^^^^^^^^^^^^
        self.scope, self.receive, self.send
        ^^^^^^^^^^^^^^^^^^^^^^^^^^^^^^^^^^^
    )
    ^
  File "C:\Users\фыа\AppData\Local\Programs\Python\Python314\Lib\site-packages\uvicorn\middleware\proxy_headers.py", line 63, in __call__
    return await self.app(scope, receive, send)
           ^^^^^^^^^^^^^^^^^^^^^^^^^^^^^^^^^^^^
  File "C:\Users\фыа\AppData\Local\Programs\Python\Python314\Lib\site-packages\fastapi\applications.py", line 1163, in __call__
    await super().__call__(scope, receive, send)
  File "C:\Users\фыа\AppData\Local\Programs\Python\Python314\Lib\site-packages\starlette\applications.py", line 96, in __call__
    await self.middleware_stack(scope, receive, send)
  File "C:\Users\фыа\AppData\Local\Programs\Python\Python314\Lib\site-packages\starlette\middleware\errors.py", line 186, in __call__
    raise exc
  File "C:\Users\фыа\AppData\Local\Programs\Python\Python314\Lib\site-packages\starlette\middleware\errors.py", line 164, in __call__
    await self.app(scope, receive, _send)
  File "C:\Users\фыа\AppData\Local\Programs\Python\Python314\Lib\site-packages\starlette\middleware\cors.py", line 88, in __call__
    await self.app(scope, receive, send)
  File "C:\Users\фыа\AppData\Local\Programs\Python\Python314\Lib\site-packages\starlette\middleware\exceptions.py", line 63, in __call__
    await wrap_app_handling_exceptions(self.app, conn)(scope, receive, send)
  File "C:\Users\фыа\AppData\Local\Programs\Python\Python314\Lib\site-packages\starlette\_exception_handler.py", line 53, in wrapped_app
    raise exc
  File "C:\Users\фыа\AppData\Local\Programs\Python\Python314\Lib\site-packages\starlette\_exception_handler.py", line 42, in wrapped_app
    await app(scope, receive, sender)
  File "C:\Users\фыа\AppData\Local\Programs\Python\Python314\Lib\site-packages\fastapi\middleware\asyncexitstack.py", line 18, in __call__
    await self.app(scope, receive, send)
  File "C:\Users\фыа\AppData\Local\Programs\Python\Python314\Lib\site-packages\starlette\routing.py", line 670, in __call__
    await self.middleware_stack(scope, receive, send)
  File "C:\Users\фыа\AppData\Local\Programs\Python\Python314\Lib\site-packages\fastapi\routing.py", line 2734, in app
    await route.handle(scope, receive, send)
  File "C:\Users\фыа\AppData\Local\Programs\Python\Python314\Lib\site-packages\fastapi\routing.py", line 1780, in handle
    await self.original_router.handle(scope, receive, send)
  File "C:\Users\фыа\AppData\Local\Programs\Python\Python314\Lib\site-packages\fastapi\routing.py", line 2789, in handle
    await included_router._handle_selected(scope, receive, send)
  File "C:\Users\фыа\AppData\Local\Programs\Python\Python314\Lib\site-packages\fastapi\routing.py", line 1800, in _handle_selected
    await original_route.handle(scope, receive, send)
  File "C:\Users\фыа\AppData\Local\Programs\Python\Python314\Lib\site-packages\fastapi\routing.py", line 1279, in handle
    await app(scope, receive, send)
  File "C:\Users\фыа\AppData\Local\Programs\Python\Python314\Lib\site-packages\fastapi\routing.py", line 158, in app
    await wrap_app_handling_exceptions(app, request)(scope, receive, send)
  File "C:\Users\фыа\AppData\Local\Programs\Python\Python314\Lib\site-packages\starlette\_exception_handler.py", line 53, in wrapped_app
    raise exc
  File "C:\Users\фыа\AppData\Local\Programs\Python\Python314\Lib\site-packages\starlette\_exception_handler.py", line 42, in wrapped_app
    await app(scope, receive, sender)
  File "C:\Users\фыа\AppData\Local\Programs\Python\Python314\Lib\site-packages\fastapi\routing.py", line 144, in app
    response = await f(request)
               ^^^^^^^^^^^^^^^^
  File "C:\Users\фыа\AppData\Local\Programs\Python\Python314\Lib\site-packages\fastapi\routing.py", line 706, in app
    raw_response = await run_endpoint_function(
                   ^^^^^^^^^^^^^^^^^^^^^^^^^^^^
    ...<3 lines>...
    )
    ^
  File "C:\Users\фыа\AppData\Local\Programs\Python\Python314\Lib\site-packages\fastapi\routing.py", line 354, in run_endpoint_function
    return await run_in_threadpool(dependant.call, **values)
           ^^^^^^^^^^^^^^^^^^^^^^^^^^^^^^^^^^^^^^^^^^^^^^^^^
  File "C:\Users\фыа\AppData\Local\Programs\Python\Python314\Lib\site-packages\starlette\concurrency.py", line 34, in run_in_threadpool
    return await anyio.to_thread.run_sync(func)
           ^^^^^^^^^^^^^^^^^^^^^^^^^^^^^^^^^^^^
  File "C:\Users\фыа\AppData\Local\Programs\Python\Python314\Lib\site-packages\anyio\to_thread.py", line 63, in run_sync
    return await get_async_backend().run_sync_in_worker_thread(
           ^^^^^^^^^^^^^^^^^^^^^^^^^^^^^^^^^^^^^^^^^^^^^^^^^^^^
        func, args, abandon_on_cancel=abandon_on_cancel, limiter=limiter
        ^^^^^^^^^^^^^^^^^^^^^^^^^^^^^^^^^^^^^^^^^^^^^^^^^^^^^^^^^^^^^^^^
    )
    ^
  File "C:\Users\фыа\AppData\Local\Programs\Python\Python314\Lib\site-packages\anyio\_backends\_asyncio.py", line 2596, in run_sync_in_worker_thread
    return await future
           ^^^^^^^^^^^^
  File "C:\Users\фыа\AppData\Local\Programs\Python\Python314\Lib\site-packages\anyio\_backends\_asyncio.py", line 1029, in run
    result = context.run(func, *args)
  File "C:\Users\фыа\Documents\Obsidian Vault\Programs\JobMatrix\api\routes\notifications.py", line 24, in list_events
    q = q.filter(Event.read_at.is_(None))
  File "<string>", line 2, in filter
  File "C:\Users\фыа\AppData\Local\Programs\Python\Python314\Lib\site-packages\sqlalchemy\sql\base.py", line 284, in _generative
    x = fn(self, *args, **kw)
  File "<string>", line 2, in filter
  File "C:\Users\фыа\AppData\Local\Programs\Python\Python314\Lib\site-packages\sqlalchemy\orm\base.py", line 303, in generate
    assertion(self, fn.__name__)
    ~~~~~~~~~^^^^^^^^^^^^^^^^^^^
  File "C:\Users\фыа\AppData\Local\Programs\Python\Python314\Lib\site-packages\sqlalchemy\orm\query.py", line 444, in _no_limit_offset
    raise sa_exc.InvalidRequestError(
    ...<3 lines>...
    )
sqlalchemy.exc.InvalidRequestError: Query.filter() being called on a Query which already has LIMIT or OFFSET applied.  Call filter() before limit() or offset() are applied.
2026-08-19 07:51:40,637 INFO jobmatrix: Сбор: проверено 11, новых событий 6
INFO:     127.0.0.1:55927 - "GET /api/notifications?unread=1 HTTP/1.1" 500 Internal Server Error
ERROR:    Exception in ASGI application
Traceback (most recent call last):
  File "C:\Users\фыа\AppData\Local\Programs\Python\Python314\Lib\site-packages\uvicorn\protocols\http\httptools_impl.py", line 422, in run_asgi
    result = await app(  # type: ignore[func-returns-value]
             ^^^^^^^^^^^^^^^^^^^^^^^^^^^^^^^^^^^^^^^^^^^^^^
        self.scope, self.receive, self.send
        ^^^^^^^^^^^^^^^^^^^^^^^^^^^^^^^^^^^
    )
    ^
  File "C:\Users\фыа\AppData\Local\Programs\Python\Python314\Lib\site-packages\uvicorn\middleware\proxy_headers.py", line 63, in __call__
    return await self.app(scope, receive, send)
           ^^^^^^^^^^^^^^^^^^^^^^^^^^^^^^^^^^^^
  File "C:\Users\фыа\AppData\Local\Programs\Python\Python314\Lib\site-packages\fastapi\applications.py", line 1163, in __call__
    await super().__call__(scope, receive, send)
  File "C:\Users\фыа\AppData\Local\Programs\Python\Python314\Lib\site-packages\starlette\applications.py", line 96, in __call__
    await self.middleware_stack(scope, receive, send)
  File "C:\Users\фыа\AppData\Local\Programs\Python\Python314\Lib\site-packages\starlette\middleware\errors.py", line 186, in __call__
    raise exc
  File "C:\Users\фыа\AppData\Local\Programs\Python\Python314\Lib\site-packages\starlette\middleware\errors.py", line 164, in __call__
    await self.app(scope, receive, _send)
  File "C:\Users\фыа\AppData\Local\Programs\Python\Python314\Lib\site-packages\starlette\middleware\cors.py", line 88, in __call__
    await self.app(scope, receive, send)
  File "C:\Users\фыа\AppData\Local\Programs\Python\Python314\Lib\site-packages\starlette\middleware\exceptions.py", line 63, in __call__
    await wrap_app_handling_exceptions(self.app, conn)(scope, receive, send)
  File "C:\Users\фыа\AppData\Local\Programs\Python\Python314\Lib\site-packages\starlette\_exception_handler.py", line 53, in wrapped_app
    raise exc
  File "C:\Users\фыа\AppData\Local\Programs\Python\Python314\Lib\site-packages\starlette\_exception_handler.py", line 42, in wrapped_app
    await app(scope, receive, sender)
  File "C:\Users\фыа\AppData\Local\Programs\Python\Python314\Lib\site-packages\fastapi\middleware\asyncexitstack.py", line 18, in __call__
    await self.app(scope, receive, send)
  File "C:\Users\фыа\AppData\Local\Programs\Python\Python314\Lib\site-packages\starlette\routing.py", line 670, in __call__
    await self.middleware_stack(scope, receive, send)
  File "C:\Users\фыа\AppData\Local\Programs\Python\Python314\Lib\site-packages\fastapi\routing.py", line 2734, in app
    await route.handle(scope, receive, send)
  File "C:\Users\фыа\AppData\Local\Programs\Python\Python314\Lib\site-packages\fastapi\routing.py", line 1780, in handle
    await self.original_router.handle(scope, receive, send)
  File "C:\Users\фыа\AppData\Local\Programs\Python\Python314\Lib\site-packages\fastapi\routing.py", line 2789, in handle
    await included_router._handle_selected(scope, receive, send)
  File "C:\Users\фыа\AppData\Local\Programs\Python\Python314\Lib\site-packages\fastapi\routing.py", line 1800, in _handle_selected
    await original_route.handle(scope, receive, send)
  File "C:\Users\фыа\AppData\Local\Programs\Python\Python314\Lib\site-packages\fastapi\routing.py", line 1279, in handle
    await app(scope, receive, send)
  File "C:\Users\фыа\AppData\Local\Programs\Python\Python314\Lib\site-packages\fastapi\routing.py", line 158, in app
    await wrap_app_handling_exceptions(app, request)(scope, receive, send)
  File "C:\Users\фыа\AppData\Local\Programs\Python\Python314\Lib\site-packages\starlette\_exception_handler.py", line 53, in wrapped_app
    raise exc
  File "C:\Users\фыа\AppData\Local\Programs\Python\Python314\Lib\site-packages\starlette\_exception_handler.py", line 42, in wrapped_app
    await app(scope, receive, sender)
  File "C:\Users\фыа\AppData\Local\Programs\Python\Python314\Lib\site-packages\fastapi\routing.py", line 144, in app
    response = await f(request)
               ^^^^^^^^^^^^^^^^
  File "C:\Users\фыа\AppData\Local\Programs\Python\Python314\Lib\site-packages\fastapi\routing.py", line 706, in app
    raw_response = await run_endpoint_function(
                   ^^^^^^^^^^^^^^^^^^^^^^^^^^^^
    ...<3 lines>...
    )
    ^
  File "C:\Users\фыа\AppData\Local\Programs\Python\Python314\Lib\site-packages\fastapi\routing.py", line 354, in run_endpoint_function
    return await run_in_threadpool(dependant.call, **values)
           ^^^^^^^^^^^^^^^^^^^^^^^^^^^^^^^^^^^^^^^^^^^^^^^^^
  File "C:\Users\фыа\AppData\Local\Programs\Python\Python314\Lib\site-packages\starlette\concurrency.py", line 34, in run_in_threadpool
    return await anyio.to_thread.run_sync(func)
           ^^^^^^^^^^^^^^^^^^^^^^^^^^^^^^^^^^^^
  File "C:\Users\фыа\AppData\Local\Programs\Python\Python314\Lib\site-packages\anyio\to_thread.py", line 63, in run_sync
    return await get_async_backend().run_sync_in_worker_thread(
           ^^^^^^^^^^^^^^^^^^^^^^^^^^^^^^^^^^^^^^^^^^^^^^^^^^^^
        func, args, abandon_on_cancel=abandon_on_cancel, limiter=limiter
        ^^^^^^^^^^^^^^^^^^^^^^^^^^^^^^^^^^^^^^^^^^^^^^^^^^^^^^^^^^^^^^^^
    )
    ^
  File "C:\Users\фыа\AppData\Local\Programs\Python\Python314\Lib\site-packages\anyio\_backends\_asyncio.py", line 2596, in run_sync_in_worker_thread
    return await future
           ^^^^^^^^^^^^
  File "C:\Users\фыа\AppData\Local\Programs\Python\Python314\Lib\site-packages\anyio\_backends\_asyncio.py", line 1029, in run
    result = context.run(func, *args)
  File "C:\Users\фыа\Documents\Obsidian Vault\Programs\JobMatrix\api\routes\notifications.py", line 24, in list_events
    q = q.filter(Event.read_at.is_(None))
  File "<string>", line 2, in filter
  File "C:\Users\фыа\AppData\Local\Programs\Python\Python314\Lib\site-packages\sqlalchemy\sql\base.py", line 284, in _generative
    x = fn(self, *args, **kw)
  File "<string>", line 2, in filter
  File "C:\Users\фыа\AppData\Local\Programs\Python\Python314\Lib\site-packages\sqlalchemy\orm\base.py", line 303, in generate
    assertion(self, fn.__name__)
    ~~~~~~~~~^^^^^^^^^^^^^^^^^^^
  File "C:\Users\фыа\AppData\Local\Programs\Python\Python314\Lib\site-packages\sqlalchemy\orm\query.py", line 444, in _no_limit_offset
    raise sa_exc.InvalidRequestError(
    ...<3 lines>...
    )
sqlalchemy.exc.InvalidRequestError: Query.filter() being called on a Query which already has LIMIT or OFFSET applied.  Call filter() before limit() or offset() are applied.
INFO:     127.0.0.1:52787 - "GET /api/vacancies HTTP/1.1" 200 OK
INFO:     127.0.0.1:53792 - "GET /api/notifications?unread=1 HTTP/1.1" 500 Internal Server Error
ERROR:    Exception in ASGI application
Traceback (most recent call last):
  File "C:\Users\фыа\AppData\Local\Programs\Python\Python314\Lib\site-packages\uvicorn\protocols\http\httptools_impl.py", line 422, in run_asgi
    result = await app(  # type: ignore[func-returns-value]
             ^^^^^^^^^^^^^^^^^^^^^^^^^^^^^^^^^^^^^^^^^^^^^^
        self.scope, self.receive, self.send
        ^^^^^^^^^^^^^^^^^^^^^^^^^^^^^^^^^^^
    )
    ^
  File "C:\Users\фыа\AppData\Local\Programs\Python\Python314\Lib\site-packages\uvicorn\middleware\proxy_headers.py", line 63, in __call__
    return await self.app(scope, receive, send)
           ^^^^^^^^^^^^^^^^^^^^^^^^^^^^^^^^^^^^
  File "C:\Users\фыа\AppData\Local\Programs\Python\Python314\Lib\site-packages\fastapi\applications.py", line 1163, in __call__
    await super().__call__(scope, receive, send)
  File "C:\Users\фыа\AppData\Local\Programs\Python\Python314\Lib\site-packages\starlette\applications.py", line 96, in __call__
    await self.middleware_stack(scope, receive, send)
  File "C:\Users\фыа\AppData\Local\Programs\Python\Python314\Lib\site-packages\starlette\middleware\errors.py", line 186, in __call__
    raise exc
  File "C:\Users\фыа\AppData\Local\Programs\Python\Python314\Lib\site-packages\starlette\middleware\errors.py", line 164, in __call__
    await self.app(scope, receive, _send)
  File "C:\Users\фыа\AppData\Local\Programs\Python\Python314\Lib\site-packages\starlette\middleware\cors.py", line 88, in __call__
    await self.app(scope, receive, send)
  File "C:\Users\фыа\AppData\Local\Programs\Python\Python314\Lib\site-packages\starlette\middleware\exceptions.py", line 63, in __call__
    await wrap_app_handling_exceptions(self.app, conn)(scope, receive, send)
  File "C:\Users\фыа\AppData\Local\Programs\Python\Python314\Lib\site-packages\starlette\_exception_handler.py", line 53, in wrapped_app
    raise exc
  File "C:\Users\фыа\AppData\Local\Programs\Python\Python314\Lib\site-packages\starlette\_exception_handler.py", line 42, in wrapped_app
    await app(scope, receive, sender)
  File "C:\Users\фыа\AppData\Local\Programs\Python\Python314\Lib\site-packages\fastapi\middleware\asyncexitstack.py", line 18, in __call__
    await self.app(scope, receive, send)
  File "C:\Users\фыа\AppData\Local\Programs\Python\Python314\Lib\site-packages\starlette\routing.py", line 670, in __call__
    await self.middleware_stack(scope, receive, send)
  File "C:\Users\фыа\AppData\Local\Programs\Python\Python314\Lib\site-packages\fastapi\routing.py", line 2734, in app
    await route.handle(scope, receive, send)
  File "C:\Users\фыа\AppData\Local\Programs\Python\Python314\Lib\site-packages\fastapi\routing.py", line 1780, in handle
    await self.original_router.handle(scope, receive, send)
  File "C:\Users\фыа\AppData\Local\Programs\Python\Python314\Lib\site-packages\fastapi\routing.py", line 2789, in handle
    await included_router._handle_selected(scope, receive, send)
  File "C:\Users\фыа\AppData\Local\Programs\Python\Python314\Lib\site-packages\fastapi\routing.py", line 1800, in _handle_selected
    await original_route.handle(scope, receive, send)
  File "C:\Users\фыа\AppData\Local\Programs\Python\Python314\Lib\site-packages\fastapi\routing.py", line 1279, in handle
    await app(scope, receive, send)
  File "C:\Users\фыа\AppData\Local\Programs\Python\Python314\Lib\site-packages\fastapi\routing.py", line 158, in app
    await wrap_app_handling_exceptions(app, request)(scope, receive, send)
  File "C:\Users\фыа\AppData\Local\Programs\Python\Python314\Lib\site-packages\starlette\_exception_handler.py", line 53, in wrapped_app
    raise exc
  File "C:\Users\фыа\AppData\Local\Programs\Python\Python314\Lib\site-packages\starlette\_exception_handler.py", line 42, in wrapped_app
    await app(scope, receive, sender)
  File "C:\Users\фыа\AppData\Local\Programs\Python\Python314\Lib\site-packages\fastapi\routing.py", line 144, in app
    response = await f(request)
               ^^^^^^^^^^^^^^^^
  File "C:\Users\фыа\AppData\Local\Programs\Python\Python314\Lib\site-packages\fastapi\routing.py", line 706, in app
    raw_response = await run_endpoint_function(
                   ^^^^^^^^^^^^^^^^^^^^^^^^^^^^
    ...<3 lines>...
    )
    ^
  File "C:\Users\фыа\AppData\Local\Programs\Python\Python314\Lib\site-packages\fastapi\routing.py", line 354, in run_endpoint_function
    return await run_in_threadpool(dependant.call, **values)
           ^^^^^^^^^^^^^^^^^^^^^^^^^^^^^^^^^^^^^^^^^^^^^^^^^
  File "C:\Users\фыа\AppData\Local\Programs\Python\Python314\Lib\site-packages\starlette\concurrency.py", line 34, in run_in_threadpool
    return await anyio.to_thread.run_sync(func)
           ^^^^^^^^^^^^^^^^^^^^^^^^^^^^^^^^^^^^
  File "C:\Users\фыа\AppData\Local\Programs\Python\Python314\Lib\site-packages\anyio\to_thread.py", line 63, in run_sync
    return await get_async_backend().run_sync_in_worker_thread(
           ^^^^^^^^^^^^^^^^^^^^^^^^^^^^^^^^^^^^^^^^^^^^^^^^^^^^
        func, args, abandon_on_cancel=abandon_on_cancel, limiter=limiter
        ^^^^^^^^^^^^^^^^^^^^^^^^^^^^^^^^^^^^^^^^^^^^^^^^^^^^^^^^^^^^^^^^
    )
    ^
  File "C:\Users\фыа\AppData\Local\Programs\Python\Python314\Lib\site-packages\anyio\_backends\_asyncio.py", line 2596, in run_sync_in_worker_thread
    return await future
           ^^^^^^^^^^^^
  File "C:\Users\фыа\AppData\Local\Programs\Python\Python314\Lib\site-packages\anyio\_backends\_asyncio.py", line 1029, in run
    result = context.run(func, *args)
  File "C:\Users\фыа\Documents\Obsidian Vault\Programs\JobMatrix\api\routes\notifications.py", line 24, in list_events
    q = q.filter(Event.read_at.is_(None))
  File "<string>", line 2, in filter
  File "C:\Users\фыа\AppData\Local\Programs\Python\Python314\Lib\site-packages\sqlalchemy\sql\base.py", line 284, in _generative
    x = fn(self, *args, **kw)
  File "<string>", line 2, in filter
  File "C:\Users\фыа\AppData\Local\Programs\Python\Python314\Lib\site-packages\sqlalchemy\orm\base.py", line 303, in generate
    assertion(self, fn.__name__)
    ~~~~~~~~~^^^^^^^^^^^^^^^^^^^
  File "C:\Users\фыа\AppData\Local\Programs\Python\Python314\Lib\site-packages\sqlalchemy\orm\query.py", line 444, in _no_limit_offset
    raise sa_exc.InvalidRequestError(
    ...<3 lines>...
    )
sqlalchemy.exc.InvalidRequestError: Query.filter() being called on a Query which already has LIMIT or OFFSET applied.  Call filter() before limit() or offset() are applied.
INFO:     127.0.0.1:53388 - "GET /api/vacancies HTTP/1.1" 200 OK
INFO:     127.0.0.1:52787 - "GET /api/notifications?unread=1 HTTP/1.1" 500 Internal Server Error
ERROR:    Exception in ASGI application
Traceback (most recent call last):
  File "C:\Users\фыа\AppData\Local\Programs\Python\Python314\Lib\site-packages\uvicorn\protocols\http\httptools_impl.py", line 422, in run_asgi
    result = await app(  # type: ignore[func-returns-value]
             ^^^^^^^^^^^^^^^^^^^^^^^^^^^^^^^^^^^^^^^^^^^^^^
        self.scope, self.receive, self.send
        ^^^^^^^^^^^^^^^^^^^^^^^^^^^^^^^^^^^
    )
    ^
  File "C:\Users\фыа\AppData\Local\Programs\Python\Python314\Lib\site-packages\uvicorn\middleware\proxy_headers.py", line 63, in __call__
    return await self.app(scope, receive, send)
           ^^^^^^^^^^^^^^^^^^^^^^^^^^^^^^^^^^^^
  File "C:\Users\фыа\AppData\Local\Programs\Python\Python314\Lib\site-packages\fastapi\applications.py", line 1163, in __call__
    await super().__call__(scope, receive, send)
  File "C:\Users\фыа\AppData\Local\Programs\Python\Python314\Lib\site-packages\starlette\applications.py", line 96, in __call__
    await self.middleware_stack(scope, receive, send)
  File "C:\Users\фыа\AppData\Local\Programs\Python\Python314\Lib\site-packages\starlette\middleware\errors.py", line 186, in __call__
    raise exc
  File "C:\Users\фыа\AppData\Local\Programs\Python\Python314\Lib\site-packages\starlette\middleware\errors.py", line 164, in __call__
    await self.app(scope, receive, _send)
  File "C:\Users\фыа\AppData\Local\Programs\Python\Python314\Lib\site-packages\starlette\middleware\cors.py", line 88, in __call__
    await self.app(scope, receive, send)
  File "C:\Users\фыа\AppData\Local\Programs\Python\Python314\Lib\site-packages\starlette\middleware\exceptions.py", line 63, in __call__
    await wrap_app_handling_exceptions(self.app, conn)(scope, receive, send)
  File "C:\Users\фыа\AppData\Local\Programs\Python\Python314\Lib\site-packages\starlette\_exception_handler.py", line 53, in wrapped_app
    raise exc
  File "C:\Users\фыа\AppData\Local\Programs\Python\Python314\Lib\site-packages\starlette\_exception_handler.py", line 42, in wrapped_app
    await app(scope, receive, sender)
  File "C:\Users\фыа\AppData\Local\Programs\Python\Python314\Lib\site-packages\fastapi\middleware\asyncexitstack.py", line 18, in __call__
    await self.app(scope, receive, send)
  File "C:\Users\фыа\AppData\Local\Programs\Python\Python314\Lib\site-packages\starlette\routing.py", line 670, in __call__
    await self.middleware_stack(scope, receive, send)
  File "C:\Users\фыа\AppData\Local\Programs\Python\Python314\Lib\site-packages\fastapi\routing.py", line 2734, in app
    await route.handle(scope, receive, send)
  File "C:\Users\фыа\AppData\Local\Programs\Python\Python314\Lib\site-packages\fastapi\routing.py", line 1780, in handle
    await self.original_router.handle(scope, receive, send)
  File "C:\Users\фыа\AppData\Local\Programs\Python\Python314\Lib\site-packages\fastapi\routing.py", line 2789, in handle
    await included_router._handle_selected(scope, receive, send)
  File "C:\Users\фыа\AppData\Local\Programs\Python\Python314\Lib\site-packages\fastapi\routing.py", line 1800, in _handle_selected
    await original_route.handle(scope, receive, send)
  File "C:\Users\фыа\AppData\Local\Programs\Python\Python314\Lib\site-packages\fastapi\routing.py", line 1279, in handle
    await app(scope, receive, send)
  File "C:\Users\фыа\AppData\Local\Programs\Python\Python314\Lib\site-packages\fastapi\routing.py", line 158, in app
    await wrap_app_handling_exceptions(app, request)(scope, receive, send)
  File "C:\Users\фыа\AppData\Local\Programs\Python\Python314\Lib\site-packages\starlette\_exception_handler.py", line 53, in wrapped_app
    raise exc
  File "C:\Users\фыа\AppData\Local\Programs\Python\Python314\Lib\site-packages\starlette\_exception_handler.py", line 42, in wrapped_app
    await app(scope, receive, sender)
  File "C:\Users\фыа\AppData\Local\Programs\Python\Python314\Lib\site-packages\fastapi\routing.py", line 144, in app
    response = await f(request)
               ^^^^^^^^^^^^^^^^
  File "C:\Users\фыа\AppData\Local\Programs\Python\Python314\Lib\site-packages\fastapi\routing.py", line 706, in app
    raw_response = await run_endpoint_function(
                   ^^^^^^^^^^^^^^^^^^^^^^^^^^^^
    ...<3 lines>...
    )
    ^
  File "C:\Users\фыа\AppData\Local\Programs\Python\Python314\Lib\site-packages\fastapi\routing.py", line 354, in run_endpoint_function
    return await run_in_threadpool(dependant.call, **values)
           ^^^^^^^^^^^^^^^^^^^^^^^^^^^^^^^^^^^^^^^^^^^^^^^^^
  File "C:\Users\фыа\AppData\Local\Programs\Python\Python314\Lib\site-packages\starlette\concurrency.py", line 34, in run_in_threadpool
    return await anyio.to_thread.run_sync(func)
           ^^^^^^^^^^^^^^^^^^^^^^^^^^^^^^^^^^^^
  File "C:\Users\фыа\AppData\Local\Programs\Python\Python314\Lib\site-packages\anyio\to_thread.py", line 63, in run_sync
    return await get_async_backend().run_sync_in_worker_thread(
           ^^^^^^^^^^^^^^^^^^^^^^^^^^^^^^^^^^^^^^^^^^^^^^^^^^^^
        func, args, abandon_on_cancel=abandon_on_cancel, limiter=limiter
        ^^^^^^^^^^^^^^^^^^^^^^^^^^^^^^^^^^^^^^^^^^^^^^^^^^^^^^^^^^^^^^^^
    )
    ^
  File "C:\Users\фыа\AppData\Local\Programs\Python\Python314\Lib\site-packages\anyio\_backends\_asyncio.py", line 2596, in run_sync_in_worker_thread
    return await future
           ^^^^^^^^^^^^
  File "C:\Users\фыа\AppData\Local\Programs\Python\Python314\Lib\site-packages\anyio\_backends\_asyncio.py", line 1029, in run
    result = context.run(func, *args)
  File "C:\Users\фыа\Documents\Obsidian Vault\Programs\JobMatrix\api\routes\notifications.py", line 24, in list_events
    q = q.filter(Event.read_at.is_(None))
  File "<string>", line 2, in filter
  File "C:\Users\фыа\AppData\Local\Programs\Python\Python314\Lib\site-packages\sqlalchemy\sql\base.py", line 284, in _generative
    x = fn(self, *args, **kw)
  File "<string>", line 2, in filter
  File "C:\Users\фыа\AppData\Local\Programs\Python\Python314\Lib\site-packages\sqlalchemy\orm\base.py", line 303, in generate
    assertion(self, fn.__name__)
    ~~~~~~~~~^^^^^^^^^^^^^^^^^^^
  File "C:\Users\фыа\AppData\Local\Programs\Python\Python314\Lib\site-packages\sqlalchemy\orm\query.py", line 444, in _no_limit_offset
    raise sa_exc.InvalidRequestError(
    ...<3 lines>...
    )
sqlalchemy.exc.InvalidRequestError: Query.filter() being called on a Query which already has LIMIT or OFFSET applied.  Call filter() before limit() or offset() are applied.
INFO:     127.0.0.1:55140 - "GET /api/vacancies HTTP/1.1" 200 OK
INFO:     127.0.0.1:54588 - "GET /api/notifications?unread=1 HTTP/1.1" 500 Internal Server Error
ERROR:    Exception in ASGI application
Traceback (most recent call last):
  File "C:\Users\фыа\AppData\Local\Programs\Python\Python314\Lib\site-packages\uvicorn\protocols\http\httptools_impl.py", line 422, in run_asgi
    result = await app(  # type: ignore[func-returns-value]
             ^^^^^^^^^^^^^^^^^^^^^^^^^^^^^^^^^^^^^^^^^^^^^^
        self.scope, self.receive, self.send
        ^^^^^^^^^^^^^^^^^^^^^^^^^^^^^^^^^^^
    )
    ^
  File "C:\Users\фыа\AppData\Local\Programs\Python\Python314\Lib\site-packages\uvicorn\middleware\proxy_headers.py", line 63, in __call__
    return await self.app(scope, receive, send)
           ^^^^^^^^^^^^^^^^^^^^^^^^^^^^^^^^^^^^
  File "C:\Users\фыа\AppData\Local\Programs\Python\Python314\Lib\site-packages\fastapi\applications.py", line 1163, in __call__
    await super().__call__(scope, receive, send)
  File "C:\Users\фыа\AppData\Local\Programs\Python\Python314\Lib\site-packages\starlette\applications.py", line 96, in __call__
    await self.middleware_stack(scope, receive, send)
  File "C:\Users\фыа\AppData\Local\Programs\Python\Python314\Lib\site-packages\starlette\middleware\errors.py", line 186, in __call__
    raise exc
  File "C:\Users\фыа\AppData\Local\Programs\Python\Python314\Lib\site-packages\starlette\middleware\errors.py", line 164, in __call__
    await self.app(scope, receive, _send)
  File "C:\Users\фыа\AppData\Local\Programs\Python\Python314\Lib\site-packages\starlette\middleware\cors.py", line 88, in __call__
    await self.app(scope, receive, send)
  File "C:\Users\фыа\AppData\Local\Programs\Python\Python314\Lib\site-packages\starlette\middleware\exceptions.py", line 63, in __call__
    await wrap_app_handling_exceptions(self.app, conn)(scope, receive, send)
  File "C:\Users\фыа\AppData\Local\Programs\Python\Python314\Lib\site-packages\starlette\_exception_handler.py", line 53, in wrapped_app
    raise exc
  File "C:\Users\фыа\AppData\Local\Programs\Python\Python314\Lib\site-packages\starlette\_exception_handler.py", line 42, in wrapped_app
    await app(scope, receive, sender)
  File "C:\Users\фыа\AppData\Local\Programs\Python\Python314\Lib\site-packages\fastapi\middleware\asyncexitstack.py", line 18, in __call__
    await self.app(scope, receive, send)
  File "C:\Users\фыа\AppData\Local\Programs\Python\Python314\Lib\site-packages\starlette\routing.py", line 670, in __call__
    await self.middleware_stack(scope, receive, send)
  File "C:\Users\фыа\AppData\Local\Programs\Python\Python314\Lib\site-packages\fastapi\routing.py", line 2734, in app
    await route.handle(scope, receive, send)
  File "C:\Users\фыа\AppData\Local\Programs\Python\Python314\Lib\site-packages\fastapi\routing.py", line 1780, in handle
    await self.original_router.handle(scope, receive, send)
  File "C:\Users\фыа\AppData\Local\Programs\Python\Python314\Lib\site-packages\fastapi\routing.py", line 2789, in handle
    await included_router._handle_selected(scope, receive, send)
  File "C:\Users\фыа\AppData\Local\Programs\Python\Python314\Lib\site-packages\fastapi\routing.py", line 1800, in _handle_selected
    await original_route.handle(scope, receive, send)
  File "C:\Users\фыа\AppData\Local\Programs\Python\Python314\Lib\site-packages\fastapi\routing.py", line 1279, in handle
    await app(scope, receive, send)
  File "C:\Users\фыа\AppData\Local\Programs\Python\Python314\Lib\site-packages\fastapi\routing.py", line 158, in app
    await wrap_app_handling_exceptions(app, request)(scope, receive, send)
  File "C:\Users\фыа\AppData\Local\Programs\Python\Python314\Lib\site-packages\starlette\_exception_handler.py", line 53, in wrapped_app
    raise exc
  File "C:\Users\фыа\AppData\Local\Programs\Python\Python314\Lib\site-packages\starlette\_exception_handler.py", line 42, in wrapped_app
    await app(scope, receive, sender)
  File "C:\Users\фыа\AppData\Local\Programs\Python\Python314\Lib\site-packages\fastapi\routing.py", line 144, in app
    response = await f(request)
               ^^^^^^^^^^^^^^^^
  File "C:\Users\фыа\AppData\Local\Programs\Python\Python314\Lib\site-packages\fastapi\routing.py", line 706, in app
    raw_response = await run_endpoint_function(
                   ^^^^^^^^^^^^^^^^^^^^^^^^^^^^
    ...<3 lines>...
    )
    ^
  File "C:\Users\фыа\AppData\Local\Programs\Python\Python314\Lib\site-packages\fastapi\routing.py", line 354, in run_endpoint_function
    return await run_in_threadpool(dependant.call, **values)
           ^^^^^^^^^^^^^^^^^^^^^^^^^^^^^^^^^^^^^^^^^^^^^^^^^
  File "C:\Users\фыа\AppData\Local\Programs\Python\Python314\Lib\site-packages\starlette\concurrency.py", line 34, in run_in_threadpool
    return await anyio.to_thread.run_sync(func)
           ^^^^^^^^^^^^^^^^^^^^^^^^^^^^^^^^^^^^
  File "C:\Users\фыа\AppData\Local\Programs\Python\Python314\Lib\site-packages\anyio\to_thread.py", line 63, in run_sync
    return await get_async_backend().run_sync_in_worker_thread(
           ^^^^^^^^^^^^^^^^^^^^^^^^^^^^^^^^^^^^^^^^^^^^^^^^^^^^
        func, args, abandon_on_cancel=abandon_on_cancel, limiter=limiter
        ^^^^^^^^^^^^^^^^^^^^^^^^^^^^^^^^^^^^^^^^^^^^^^^^^^^^^^^^^^^^^^^^
    )
    ^
  File "C:\Users\фыа\AppData\Local\Programs\Python\Python314\Lib\site-packages\anyio\_backends\_asyncio.py", line 2596, in run_sync_in_worker_thread
    return await future
           ^^^^^^^^^^^^
  File "C:\Users\фыа\AppData\Local\Programs\Python\Python314\Lib\site-packages\anyio\_backends\_asyncio.py", line 1029, in run
    result = context.run(func, *args)
  File "C:\Users\фыа\Documents\Obsidian Vault\Programs\JobMatrix\api\routes\notifications.py", line 24, in list_events
    q = q.filter(Event.read_at.is_(None))
  File "<string>", line 2, in filter
  File "C:\Users\фыа\AppData\Local\Programs\Python\Python314\Lib\site-packages\sqlalchemy\sql\base.py", line 284, in _generative
    x = fn(self, *args, **kw)
  File "<string>", line 2, in filter
  File "C:\Users\фыа\AppData\Local\Programs\Python\Python314\Lib\site-packages\sqlalchemy\orm\base.py", line 303, in generate
    assertion(self, fn.__name__)
    ~~~~~~~~~^^^^^^^^^^^^^^^^^^^
  File "C:\Users\фыа\AppData\Local\Programs\Python\Python314\Lib\site-packages\sqlalchemy\orm\query.py", line 444, in _no_limit_offset
    raise sa_exc.InvalidRequestError(
    ...<3 lines>...
    )
sqlalchemy.exc.InvalidRequestError: Query.filter() being called on a Query which already has LIMIT or OFFSET applied.  Call filter() before limit() or offset() are applied.
INFO:     127.0.0.1:55140 - "GET /api/notifications?unread=1 HTTP/1.1" 500 Internal Server Error
ERROR:    Exception in ASGI application
Traceback (most recent call last):
  File "C:\Users\фыа\AppData\Local\Programs\Python\Python314\Lib\site-packages\uvicorn\protocols\http\httptools_impl.py", line 422, in run_asgi
    result = await app(  # type: ignore[func-returns-value]
             ^^^^^^^^^^^^^^^^^^^^^^^^^^^^^^^^^^^^^^^^^^^^^^
        self.scope, self.receive, self.send
        ^^^^^^^^^^^^^^^^^^^^^^^^^^^^^^^^^^^
    )
    ^
  File "C:\Users\фыа\AppData\Local\Programs\Python\Python314\Lib\site-packages\uvicorn\middleware\proxy_headers.py", line 63, in __call__
    return await self.app(scope, receive, send)
           ^^^^^^^^^^^^^^^^^^^^^^^^^^^^^^^^^^^^
  File "C:\Users\фыа\AppData\Local\Programs\Python\Python314\Lib\site-packages\fastapi\applications.py", line 1163, in __call__
    await super().__call__(scope, receive, send)
  File "C:\Users\фыа\AppData\Local\Programs\Python\Python314\Lib\site-packages\starlette\applications.py", line 96, in __call__
    await self.middleware_stack(scope, receive, send)
  File "C:\Users\фыа\AppData\Local\Programs\Python\Python314\Lib\site-packages\starlette\middleware\errors.py", line 186, in __call__
    raise exc
  File "C:\Users\фыа\AppData\Local\Programs\Python\Python314\Lib\site-packages\starlette\middleware\errors.py", line 164, in __call__
    await self.app(scope, receive, _send)
  File "C:\Users\фыа\AppData\Local\Programs\Python\Python314\Lib\site-packages\starlette\middleware\cors.py", line 88, in __call__
    await self.app(scope, receive, send)
  File "C:\Users\фыа\AppData\Local\Programs\Python\Python314\Lib\site-packages\starlette\middleware\exceptions.py", line 63, in __call__
    await wrap_app_handling_exceptions(self.app, conn)(scope, receive, send)
  File "C:\Users\фыа\AppData\Local\Programs\Python\Python314\Lib\site-packages\starlette\_exception_handler.py", line 53, in wrapped_app
    raise exc
  File "C:\Users\фыа\AppData\Local\Programs\Python\Python314\Lib\site-packages\starlette\_exception_handler.py", line 42, in wrapped_app
    await app(scope, receive, sender)
  File "C:\Users\фыа\AppData\Local\Programs\Python\Python314\Lib\site-packages\fastapi\middleware\asyncexitstack.py", line 18, in __call__
    await self.app(scope, receive, send)
  File "C:\Users\фыа\AppData\Local\Programs\Python\Python314\Lib\site-packages\starlette\routing.py", line 670, in __call__
    await self.middleware_stack(scope, receive, send)
  File "C:\Users\фыа\AppData\Local\Programs\Python\Python314\Lib\site-packages\fastapi\routing.py", line 2734, in app
    await route.handle(scope, receive, send)
  File "C:\Users\фыа\AppData\Local\Programs\Python\Python314\Lib\site-packages\fastapi\routing.py", line 1780, in handle
    await self.original_router.handle(scope, receive, send)
  File "C:\Users\фыа\AppData\Local\Programs\Python\Python314\Lib\site-packages\fastapi\routing.py", line 2789, in handle
    await included_router._handle_selected(scope, receive, send)
  File "C:\Users\фыа\AppData\Local\Programs\Python\Python314\Lib\site-packages\fastapi\routing.py", line 1800, in _handle_selected
    await original_route.handle(scope, receive, send)
  File "C:\Users\фыа\AppData\Local\Programs\Python\Python314\Lib\site-packages\fastapi\routing.py", line 1279, in handle
    await app(scope, receive, send)
  File "C:\Users\фыа\AppData\Local\Programs\Python\Python314\Lib\site-packages\fastapi\routing.py", line 158, in app
    await wrap_app_handling_exceptions(app, request)(scope, receive, send)
  File "C:\Users\фыа\AppData\Local\Programs\Python\Python314\Lib\site-packages\starlette\_exception_handler.py", line 53, in wrapped_app
    raise exc
  File "C:\Users\фыа\AppData\Local\Programs\Python\Python314\Lib\site-packages\starlette\_exception_handler.py", line 42, in wrapped_app
    await app(scope, receive, sender)
  File "C:\Users\фыа\AppData\Local\Programs\Python\Python314\Lib\site-packages\fastapi\routing.py", line 144, in app
    response = await f(request)
               ^^^^^^^^^^^^^^^^
  File "C:\Users\фыа\AppData\Local\Programs\Python\Python314\Lib\site-packages\fastapi\routing.py", line 706, in app
    raw_response = await run_endpoint_function(
                   ^^^^^^^^^^^^^^^^^^^^^^^^^^^^
    ...<3 lines>...
    )
    ^
  File "C:\Users\фыа\AppData\Local\Programs\Python\Python314\Lib\site-packages\fastapi\routing.py", line 354, in run_endpoint_function
    return await run_in_threadpool(dependant.call, **values)
           ^^^^^^^^^^^^^^^^^^^^^^^^^^^^^^^^^^^^^^^^^^^^^^^^^
  File "C:\Users\фыа\AppData\Local\Programs\Python\Python314\Lib\site-packages\starlette\concurrency.py", line 34, in run_in_threadpool
    return await anyio.to_thread.run_sync(func)
           ^^^^^^^^^^^^^^^^^^^^^^^^^^^^^^^^^^^^
  File "C:\Users\фыа\AppData\Local\Programs\Python\Python314\Lib\site-packages\anyio\to_thread.py", line 63, in run_sync
    return await get_async_backend().run_sync_in_worker_thread(
           ^^^^^^^^^^^^^^^^^^^^^^^^^^^^^^^^^^^^^^^^^^^^^^^^^^^^
        func, args, abandon_on_cancel=abandon_on_cancel, limiter=limiter
        ^^^^^^^^^^^^^^^^^^^^^^^^^^^^^^^^^^^^^^^^^^^^^^^^^^^^^^^^^^^^^^^^
    )
    ^
  File "C:\Users\фыа\AppData\Local\Programs\Python\Python314\Lib\site-packages\anyio\_backends\_asyncio.py", line 2596, in run_sync_in_worker_thread
    return await future
           ^^^^^^^^^^^^
  File "C:\Users\фыа\AppData\Local\Programs\Python\Python314\Lib\site-packages\anyio\_backends\_asyncio.py", line 1029, in run
    result = context.run(func, *args)
  File "C:\Users\фыа\Documents\Obsidian Vault\Programs\JobMatrix\api\routes\notifications.py", line 24, in list_events
    q = q.filter(Event.read_at.is_(None))
  File "<string>", line 2, in filter
  File "C:\Users\фыа\AppData\Local\Programs\Python\Python314\Lib\site-packages\sqlalchemy\sql\base.py", line 284, in _generative
    x = fn(self, *args, **kw)
  File "<string>", line 2, in filter
  File "C:\Users\фыа\AppData\Local\Programs\Python\Python314\Lib\site-packages\sqlalchemy\orm\base.py", line 303, in generate
    assertion(self, fn.__name__)
    ~~~~~~~~~^^^^^^^^^^^^^^^^^^^
  File "C:\Users\фыа\AppData\Local\Programs\Python\Python314\Lib\site-packages\sqlalchemy\orm\query.py", line 444, in _no_limit_offset
    raise sa_exc.InvalidRequestError(
    ...<3 lines>...
    )
sqlalchemy.exc.InvalidRequestError: Query.filter() being called on a Query which already has LIMIT or OFFSET applied.  Call filter() before limit() or offset() are applied.
INFO:     127.0.0.1:53388 - "GET /api/vacancies HTTP/1.1" 200 OK
INFO:     127.0.0.1:55373 - "GET /api/notifications?unread=1 HTTP/1.1" 500 Internal Server Error
ERROR:    Exception in ASGI application
Traceback (most recent call last):
  File "C:\Users\фыа\AppData\Local\Programs\Python\Python314\Lib\site-packages\uvicorn\protocols\http\httptools_impl.py", line 422, in run_asgi
    result = await app(  # type: ignore[func-returns-value]
             ^^^^^^^^^^^^^^^^^^^^^^^^^^^^^^^^^^^^^^^^^^^^^^
        self.scope, self.receive, self.send
        ^^^^^^^^^^^^^^^^^^^^^^^^^^^^^^^^^^^
    )
    ^
  File "C:\Users\фыа\AppData\Local\Programs\Python\Python314\Lib\site-packages\uvicorn\middleware\proxy_headers.py", line 63, in __call__
    return await self.app(scope, receive, send)
           ^^^^^^^^^^^^^^^^^^^^^^^^^^^^^^^^^^^^
  File "C:\Users\фыа\AppData\Local\Programs\Python\Python314\Lib\site-packages\fastapi\applications.py", line 1163, in __call__
    await super().__call__(scope, receive, send)
  File "C:\Users\фыа\AppData\Local\Programs\Python\Python314\Lib\site-packages\starlette\applications.py", line 96, in __call__
    await self.middleware_stack(scope, receive, send)
  File "C:\Users\фыа\AppData\Local\Programs\Python\Python314\Lib\site-packages\starlette\middleware\errors.py", line 186, in __call__
    raise exc
  File "C:\Users\фыа\AppData\Local\Programs\Python\Python314\Lib\site-packages\starlette\middleware\errors.py", line 164, in __call__
    await self.app(scope, receive, _send)
  File "C:\Users\фыа\AppData\Local\Programs\Python\Python314\Lib\site-packages\starlette\middleware\cors.py", line 88, in __call__
    await self.app(scope, receive, send)
  File "C:\Users\фыа\AppData\Local\Programs\Python\Python314\Lib\site-packages\starlette\middleware\exceptions.py", line 63, in __call__
    await wrap_app_handling_exceptions(self.app, conn)(scope, receive, send)
  File "C:\Users\фыа\AppData\Local\Programs\Python\Python314\Lib\site-packages\starlette\_exception_handler.py", line 53, in wrapped_app
    raise exc
  File "C:\Users\фыа\AppData\Local\Programs\Python\Python314\Lib\site-packages\starlette\_exception_handler.py", line 42, in wrapped_app
    await app(scope, receive, sender)
  File "C:\Users\фыа\AppData\Local\Programs\Python\Python314\Lib\site-packages\fastapi\middleware\asyncexitstack.py", line 18, in __call__
    await self.app(scope, receive, send)
  File "C:\Users\фыа\AppData\Local\Programs\Python\Python314\Lib\site-packages\starlette\routing.py", line 670, in __call__
    await self.middleware_stack(scope, receive, send)
  File "C:\Users\фыа\AppData\Local\Programs\Python\Python314\Lib\site-packages\fastapi\routing.py", line 2734, in app
    await route.handle(scope, receive, send)
  File "C:\Users\фыа\AppData\Local\Programs\Python\Python314\Lib\site-packages\fastapi\routing.py", line 1780, in handle
    await self.original_router.handle(scope, receive, send)
  File "C:\Users\фыа\AppData\Local\Programs\Python\Python314\Lib\site-packages\fastapi\routing.py", line 2789, in handle
    await included_router._handle_selected(scope, receive, send)
  File "C:\Users\фыа\AppData\Local\Programs\Python\Python314\Lib\site-packages\fastapi\routing.py", line 1800, in _handle_selected
    await original_route.handle(scope, receive, send)
  File "C:\Users\фыа\AppData\Local\Programs\Python\Python314\Lib\site-packages\fastapi\routing.py", line 1279, in handle
    await app(scope, receive, send)
  File "C:\Users\фыа\AppData\Local\Programs\Python\Python314\Lib\site-packages\fastapi\routing.py", line 158, in app
    await wrap_app_handling_exceptions(app, request)(scope, receive, send)
  File "C:\Users\фыа\AppData\Local\Programs\Python\Python314\Lib\site-packages\starlette\_exception_handler.py", line 53, in wrapped_app
    raise exc
  File "C:\Users\фыа\AppData\Local\Programs\Python\Python314\Lib\site-packages\starlette\_exception_handler.py", line 42, in wrapped_app
    await app(scope, receive, sender)
  File "C:\Users\фыа\AppData\Local\Programs\Python\Python314\Lib\site-packages\fastapi\routing.py", line 144, in app
    response = await f(request)
               ^^^^^^^^^^^^^^^^
  File "C:\Users\фыа\AppData\Local\Programs\Python\Python314\Lib\site-packages\fastapi\routing.py", line 706, in app
    raw_response = await run_endpoint_function(
                   ^^^^^^^^^^^^^^^^^^^^^^^^^^^^
    ...<3 lines>...
    )
    ^
  File "C:\Users\фыа\AppData\Local\Programs\Python\Python314\Lib\site-packages\fastapi\routing.py", line 354, in run_endpoint_function
    return await run_in_threadpool(dependant.call, **values)
           ^^^^^^^^^^^^^^^^^^^^^^^^^^^^^^^^^^^^^^^^^^^^^^^^^
  File "C:\Users\фыа\AppData\Local\Programs\Python\Python314\Lib\site-packages\starlette\concurrency.py", line 34, in run_in_threadpool
    return await anyio.to_thread.run_sync(func)
           ^^^^^^^^^^^^^^^^^^^^^^^^^^^^^^^^^^^^
  File "C:\Users\фыа\AppData\Local\Programs\Python\Python314\Lib\site-packages\anyio\to_thread.py", line 63, in run_sync
    return await get_async_backend().run_sync_in_worker_thread(
           ^^^^^^^^^^^^^^^^^^^^^^^^^^^^^^^^^^^^^^^^^^^^^^^^^^^^
        func, args, abandon_on_cancel=abandon_on_cancel, limiter=limiter
        ^^^^^^^^^^^^^^^^^^^^^^^^^^^^^^^^^^^^^^^^^^^^^^^^^^^^^^^^^^^^^^^^
    )
    ^
  File "C:\Users\фыа\AppData\Local\Programs\Python\Python314\Lib\site-packages\anyio\_backends\_asyncio.py", line 2596, in run_sync_in_worker_thread
    return await future
           ^^^^^^^^^^^^
  File "C:\Users\фыа\AppData\Local\Programs\Python\Python314\Lib\site-packages\anyio\_backends\_asyncio.py", line 1029, in run
    result = context.run(func, *args)
  File "C:\Users\фыа\Documents\Obsidian Vault\Programs\JobMatrix\api\routes\notifications.py", line 24, in list_events
    q = q.filter(Event.read_at.is_(None))
  File "<string>", line 2, in filter
  File "C:\Users\фыа\AppData\Local\Programs\Python\Python314\Lib\site-packages\sqlalchemy\sql\base.py", line 284, in _generative
    x = fn(self, *args, **kw)
  File "<string>", line 2, in filter
  File "C:\Users\фыа\AppData\Local\Programs\Python\Python314\Lib\site-packages\sqlalchemy\orm\base.py", line 303, in generate
    assertion(self, fn.__name__)
    ~~~~~~~~~^^^^^^^^^^^^^^^^^^^
  File "C:\Users\фыа\AppData\Local\Programs\Python\Python314\Lib\site-packages\sqlalchemy\orm\query.py", line 444, in _no_limit_offset
    raise sa_exc.InvalidRequestError(
    ...<3 lines>...
    )
sqlalchemy.exc.InvalidRequestError: Query.filter() being called on a Query which already has LIMIT or OFFSET applied.  Call filter() before limit() or offset() are applied.
INFO:     127.0.0.1:63118 - "GET /api/vacancies HTTP/1.1" 200 OK
INFO:     127.0.0.1:53388 - "GET /api/vacancies HTTP/1.1" 200 OK
INFO:     127.0.0.1:63118 - "GET /api/notifications?unread=1 HTTP/1.1" 500 Internal Server Error
ERROR:    Exception in ASGI application
Traceback (most recent call last):
  File "C:\Users\фыа\AppData\Local\Programs\Python\Python314\Lib\site-packages\uvicorn\protocols\http\httptools_impl.py", line 422, in run_asgi
    result = await app(  # type: ignore[func-returns-value]
             ^^^^^^^^^^^^^^^^^^^^^^^^^^^^^^^^^^^^^^^^^^^^^^
        self.scope, self.receive, self.send
        ^^^^^^^^^^^^^^^^^^^^^^^^^^^^^^^^^^^
    )
    ^
  File "C:\Users\фыа\AppData\Local\Programs\Python\Python314\Lib\site-packages\uvicorn\middleware\proxy_headers.py", line 63, in __call__
    return await self.app(scope, receive, send)
           ^^^^^^^^^^^^^^^^^^^^^^^^^^^^^^^^^^^^
  File "C:\Users\фыа\AppData\Local\Programs\Python\Python314\Lib\site-packages\fastapi\applications.py", line 1163, in __call__
    await super().__call__(scope, receive, send)
  File "C:\Users\фыа\AppData\Local\Programs\Python\Python314\Lib\site-packages\starlette\applications.py", line 96, in __call__
    await self.middleware_stack(scope, receive, send)
  File "C:\Users\фыа\AppData\Local\Programs\Python\Python314\Lib\site-packages\starlette\middleware\errors.py", line 186, in __call__
    raise exc
  File "C:\Users\фыа\AppData\Local\Programs\Python\Python314\Lib\site-packages\starlette\middleware\errors.py", line 164, in __call__
    await self.app(scope, receive, _send)
  File "C:\Users\фыа\AppData\Local\Programs\Python\Python314\Lib\site-packages\starlette\middleware\cors.py", line 88, in __call__
    await self.app(scope, receive, send)
  File "C:\Users\фыа\AppData\Local\Programs\Python\Python314\Lib\site-packages\starlette\middleware\exceptions.py", line 63, in __call__
    await wrap_app_handling_exceptions(self.app, conn)(scope, receive, send)
  File "C:\Users\фыа\AppData\Local\Programs\Python\Python314\Lib\site-packages\starlette\_exception_handler.py", line 53, in wrapped_app
    raise exc
  File "C:\Users\фыа\AppData\Local\Programs\Python\Python314\Lib\site-packages\starlette\_exception_handler.py", line 42, in wrapped_app
    await app(scope, receive, sender)
  File "C:\Users\фыа\AppData\Local\Programs\Python\Python314\Lib\site-packages\fastapi\middleware\asyncexitstack.py", line 18, in __call__
    await self.app(scope, receive, send)
  File "C:\Users\фыа\AppData\Local\Programs\Python\Python314\Lib\site-packages\starlette\routing.py", line 670, in __call__
    await self.middleware_stack(scope, receive, send)
  File "C:\Users\фыа\AppData\Local\Programs\Python\Python314\Lib\site-packages\fastapi\routing.py", line 2734, in app
    await route.handle(scope, receive, send)
  File "C:\Users\фыа\AppData\Local\Programs\Python\Python314\Lib\site-packages\fastapi\routing.py", line 1780, in handle
    await self.original_router.handle(scope, receive, send)
  File "C:\Users\фыа\AppData\Local\Programs\Python\Python314\Lib\site-packages\fastapi\routing.py", line 2789, in handle
    await included_router._handle_selected(scope, receive, send)
  File "C:\Users\фыа\AppData\Local\Programs\Python\Python314\Lib\site-packages\fastapi\routing.py", line 1800, in _handle_selected
    await original_route.handle(scope, receive, send)
  File "C:\Users\фыа\AppData\Local\Programs\Python\Python314\Lib\site-packages\fastapi\routing.py", line 1279, in handle
    await app(scope, receive, send)
  File "C:\Users\фыа\AppData\Local\Programs\Python\Python314\Lib\site-packages\fastapi\routing.py", line 158, in app
    await wrap_app_handling_exceptions(app, request)(scope, receive, send)
  File "C:\Users\фыа\AppData\Local\Programs\Python\Python314\Lib\site-packages\starlette\_exception_handler.py", line 53, in wrapped_app
    raise exc
  File "C:\Users\фыа\AppData\Local\Programs\Python\Python314\Lib\site-packages\starlette\_exception_handler.py", line 42, in wrapped_app
    await app(scope, receive, sender)
  File "C:\Users\фыа\AppData\Local\Programs\Python\Python314\Lib\site-packages\fastapi\routing.py", line 144, in app
    response = await f(request)
               ^^^^^^^^^^^^^^^^
  File "C:\Users\фыа\AppData\Local\Programs\Python\Python314\Lib\site-packages\fastapi\routing.py", line 706, in app
    raw_response = await run_endpoint_function(
                   ^^^^^^^^^^^^^^^^^^^^^^^^^^^^
    ...<3 lines>...
    )
    ^
  File "C:\Users\фыа\AppData\Local\Programs\Python\Python314\Lib\site-packages\fastapi\routing.py", line 354, in run_endpoint_function
    return await run_in_threadpool(dependant.call, **values)
           ^^^^^^^^^^^^^^^^^^^^^^^^^^^^^^^^^^^^^^^^^^^^^^^^^
  File "C:\Users\фыа\AppData\Local\Programs\Python\Python314\Lib\site-packages\starlette\concurrency.py", line 34, in run_in_threadpool
    return await anyio.to_thread.run_sync(func)
           ^^^^^^^^^^^^^^^^^^^^^^^^^^^^^^^^^^^^
  File "C:\Users\фыа\AppData\Local\Programs\Python\Python314\Lib\site-packages\anyio\to_thread.py", line 63, in run_sync
    return await get_async_backend().run_sync_in_worker_thread(
           ^^^^^^^^^^^^^^^^^^^^^^^^^^^^^^^^^^^^^^^^^^^^^^^^^^^^
        func, args, abandon_on_cancel=abandon_on_cancel, limiter=limiter
        ^^^^^^^^^^^^^^^^^^^^^^^^^^^^^^^^^^^^^^^^^^^^^^^^^^^^^^^^^^^^^^^^
    )
    ^
  File "C:\Users\фыа\AppData\Local\Programs\Python\Python314\Lib\site-packages\anyio\_backends\_asyncio.py", line 2596, in run_sync_in_worker_thread
    return await future
           ^^^^^^^^^^^^
  File "C:\Users\фыа\AppData\Local\Programs\Python\Python314\Lib\site-packages\anyio\_backends\_asyncio.py", line 1029, in run
    result = context.run(func, *args)
  File "C:\Users\фыа\Documents\Obsidian Vault\Programs\JobMatrix\api\routes\notifications.py", line 24, in list_events
    q = q.filter(Event.read_at.is_(None))
  File "<string>", line 2, in filter
  File "C:\Users\фыа\AppData\Local\Programs\Python\Python314\Lib\site-packages\sqlalchemy\sql\base.py", line 284, in _generative
    x = fn(self, *args, **kw)
  File "<string>", line 2, in filter
  File "C:\Users\фыа\AppData\Local\Programs\Python\Python314\Lib\site-packages\sqlalchemy\orm\base.py", line 303, in generate
    assertion(self, fn.__name__)
    ~~~~~~~~~^^^^^^^^^^^^^^^^^^^
  File "C:\Users\фыа\AppData\Local\Programs\Python\Python314\Lib\site-packages\sqlalchemy\orm\query.py", line 444, in _no_limit_offset
    raise sa_exc.InvalidRequestError(
    ...<3 lines>...
    )
sqlalchemy.exc.InvalidRequestError: Query.filter() being called on a Query which already has LIMIT or OFFSET applied.  Call filter() before limit() or offset() are applied.
INFO:     127.0.0.1:53388 - "GET /api/vacancies HTTP/1.1" 200 OK
INFO:     127.0.0.1:64128 - "GET /api/notifications?unread=1 HTTP/1.1" 500 Internal Server Error
ERROR:    Exception in ASGI application
Traceback (most recent call last):
  File "C:\Users\фыа\AppData\Local\Programs\Python\Python314\Lib\site-packages\uvicorn\protocols\http\httptools_impl.py", line 422, in run_asgi
    result = await app(  # type: ignore[func-returns-value]
             ^^^^^^^^^^^^^^^^^^^^^^^^^^^^^^^^^^^^^^^^^^^^^^
        self.scope, self.receive, self.send
        ^^^^^^^^^^^^^^^^^^^^^^^^^^^^^^^^^^^
    )
    ^
  File "C:\Users\фыа\AppData\Local\Programs\Python\Python314\Lib\site-packages\uvicorn\middleware\proxy_headers.py", line 63, in __call__
    return await self.app(scope, receive, send)
           ^^^^^^^^^^^^^^^^^^^^^^^^^^^^^^^^^^^^
  File "C:\Users\фыа\AppData\Local\Programs\Python\Python314\Lib\site-packages\fastapi\applications.py", line 1163, in __call__
    await super().__call__(scope, receive, send)
  File "C:\Users\фыа\AppData\Local\Programs\Python\Python314\Lib\site-packages\starlette\applications.py", line 96, in __call__
    await self.middleware_stack(scope, receive, send)
  File "C:\Users\фыа\AppData\Local\Programs\Python\Python314\Lib\site-packages\starlette\middleware\errors.py", line 186, in __call__
    raise exc
  File "C:\Users\фыа\AppData\Local\Programs\Python\Python314\Lib\site-packages\starlette\middleware\errors.py", line 164, in __call__
    await self.app(scope, receive, _send)
  File "C:\Users\фыа\AppData\Local\Programs\Python\Python314\Lib\site-packages\starlette\middleware\cors.py", line 88, in __call__
    await self.app(scope, receive, send)
  File "C:\Users\фыа\AppData\Local\Programs\Python\Python314\Lib\site-packages\starlette\middleware\exceptions.py", line 63, in __call__
    await wrap_app_handling_exceptions(self.app, conn)(scope, receive, send)
  File "C:\Users\фыа\AppData\Local\Programs\Python\Python314\Lib\site-packages\starlette\_exception_handler.py", line 53, in wrapped_app
    raise exc
  File "C:\Users\фыа\AppData\Local\Programs\Python\Python314\Lib\site-packages\starlette\_exception_handler.py", line 42, in wrapped_app
    await app(scope, receive, sender)
  File "C:\Users\фыа\AppData\Local\Programs\Python\Python314\Lib\site-packages\fastapi\middleware\asyncexitstack.py", line 18, in __call__
    await self.app(scope, receive, send)
  File "C:\Users\фыа\AppData\Local\Programs\Python\Python314\Lib\site-packages\starlette\routing.py", line 670, in __call__
    await self.middleware_stack(scope, receive, send)
  File "C:\Users\фыа\AppData\Local\Programs\Python\Python314\Lib\site-packages\fastapi\routing.py", line 2734, in app
    await route.handle(scope, receive, send)
  File "C:\Users\фыа\AppData\Local\Programs\Python\Python314\Lib\site-packages\fastapi\routing.py", line 1780, in handle
    await self.original_router.handle(scope, receive, send)
  File "C:\Users\фыа\AppData\Local\Programs\Python\Python314\Lib\site-packages\fastapi\routing.py", line 2789, in handle
    await included_router._handle_selected(scope, receive, send)
  File "C:\Users\фыа\AppData\Local\Programs\Python\Python314\Lib\site-packages\fastapi\routing.py", line 1800, in _handle_selected
    await original_route.handle(scope, receive, send)
  File "C:\Users\фыа\AppData\Local\Programs\Python\Python314\Lib\site-packages\fastapi\routing.py", line 1279, in handle
    await app(scope, receive, send)
  File "C:\Users\фыа\AppData\Local\Programs\Python\Python314\Lib\site-packages\fastapi\routing.py", line 158, in app
    await wrap_app_handling_exceptions(app, request)(scope, receive, send)
  File "C:\Users\фыа\AppData\Local\Programs\Python\Python314\Lib\site-packages\starlette\_exception_handler.py", line 53, in wrapped_app
    raise exc
  File "C:\Users\фыа\AppData\Local\Programs\Python\Python314\Lib\site-packages\starlette\_exception_handler.py", line 42, in wrapped_app
    await app(scope, receive, sender)
  File "C:\Users\фыа\AppData\Local\Programs\Python\Python314\Lib\site-packages\fastapi\routing.py", line 144, in app
    response = await f(request)
               ^^^^^^^^^^^^^^^^
  File "C:\Users\фыа\AppData\Local\Programs\Python\Python314\Lib\site-packages\fastapi\routing.py", line 706, in app
    raw_response = await run_endpoint_function(
                   ^^^^^^^^^^^^^^^^^^^^^^^^^^^^
    ...<3 lines>...
    )
    ^
  File "C:\Users\фыа\AppData\Local\Programs\Python\Python314\Lib\site-packages\fastapi\routing.py", line 354, in run_endpoint_function
    return await run_in_threadpool(dependant.call, **values)
           ^^^^^^^^^^^^^^^^^^^^^^^^^^^^^^^^^^^^^^^^^^^^^^^^^
  File "C:\Users\фыа\AppData\Local\Programs\Python\Python314\Lib\site-packages\starlette\concurrency.py", line 34, in run_in_threadpool
    return await anyio.to_thread.run_sync(func)
           ^^^^^^^^^^^^^^^^^^^^^^^^^^^^^^^^^^^^
  File "C:\Users\фыа\AppData\Local\Programs\Python\Python314\Lib\site-packages\anyio\to_thread.py", line 63, in run_sync
    return await get_async_backend().run_sync_in_worker_thread(
           ^^^^^^^^^^^^^^^^^^^^^^^^^^^^^^^^^^^^^^^^^^^^^^^^^^^^
        func, args, abandon_on_cancel=abandon_on_cancel, limiter=limiter
        ^^^^^^^^^^^^^^^^^^^^^^^^^^^^^^^^^^^^^^^^^^^^^^^^^^^^^^^^^^^^^^^^
    )
    ^
  File "C:\Users\фыа\AppData\Local\Programs\Python\Python314\Lib\site-packages\anyio\_backends\_asyncio.py", line 2596, in run_sync_in_worker_thread
    return await future
           ^^^^^^^^^^^^
  File "C:\Users\фыа\AppData\Local\Programs\Python\Python314\Lib\site-packages\anyio\_backends\_asyncio.py", line 1029, in run
    result = context.run(func, *args)
  File "C:\Users\фыа\Documents\Obsidian Vault\Programs\JobMatrix\api\routes\notifications.py", line 24, in list_events
    q = q.filter(Event.read_at.is_(None))
  File "<string>", line 2, in filter
  File "C:\Users\фыа\AppData\Local\Programs\Python\Python314\Lib\site-packages\sqlalchemy\sql\base.py", line 284, in _generative
    x = fn(self, *args, **kw)
  File "<string>", line 2, in filter
  File "C:\Users\фыа\AppData\Local\Programs\Python\Python314\Lib\site-packages\sqlalchemy\orm\base.py", line 303, in generate
    assertion(self, fn.__name__)
    ~~~~~~~~~^^^^^^^^^^^^^^^^^^^
  File "C:\Users\фыа\AppData\Local\Programs\Python\Python314\Lib\site-packages\sqlalchemy\orm\query.py", line 444, in _no_limit_offset
    raise sa_exc.InvalidRequestError(
    ...<3 lines>...
    )
sqlalchemy.exc.InvalidRequestError: Query.filter() being called on a Query which already has LIMIT or OFFSET applied.  Call filter() before limit() or offset() are applied.
INFO:     127.0.0.1:56474 - "GET /api/vacancies HTTP/1.1" 200 OK
INFO:     127.0.0.1:50912 - "GET /api/notifications?unread=1 HTTP/1.1" 500 Internal Server Error
ERROR:    Exception in ASGI application
Traceback (most recent call last):
  File "C:\Users\фыа\AppData\Local\Programs\Python\Python314\Lib\site-packages\uvicorn\protocols\http\httptools_impl.py", line 422, in run_asgi
    result = await app(  # type: ignore[func-returns-value]
             ^^^^^^^^^^^^^^^^^^^^^^^^^^^^^^^^^^^^^^^^^^^^^^
        self.scope, self.receive, self.send
        ^^^^^^^^^^^^^^^^^^^^^^^^^^^^^^^^^^^
    )
    ^
  File "C:\Users\фыа\AppData\Local\Programs\Python\Python314\Lib\site-packages\uvicorn\middleware\proxy_headers.py", line 63, in __call__
    return await self.app(scope, receive, send)
           ^^^^^^^^^^^^^^^^^^^^^^^^^^^^^^^^^^^^
  File "C:\Users\фыа\AppData\Local\Programs\Python\Python314\Lib\site-packages\fastapi\applications.py", line 1163, in __call__
    await super().__call__(scope, receive, send)
  File "C:\Users\фыа\AppData\Local\Programs\Python\Python314\Lib\site-packages\starlette\applications.py", line 96, in __call__
    await self.middleware_stack(scope, receive, send)
  File "C:\Users\фыа\AppData\Local\Programs\Python\Python314\Lib\site-packages\starlette\middleware\errors.py", line 186, in __call__
    raise exc
  File "C:\Users\фыа\AppData\Local\Programs\Python\Python314\Lib\site-packages\starlette\middleware\errors.py", line 164, in __call__
    await self.app(scope, receive, _send)
  File "C:\Users\фыа\AppData\Local\Programs\Python\Python314\Lib\site-packages\starlette\middleware\cors.py", line 88, in __call__
    await self.app(scope, receive, send)
  File "C:\Users\фыа\AppData\Local\Programs\Python\Python314\Lib\site-packages\starlette\middleware\exceptions.py", line 63, in __call__
    await wrap_app_handling_exceptions(self.app, conn)(scope, receive, send)
  File "C:\Users\фыа\AppData\Local\Programs\Python\Python314\Lib\site-packages\starlette\_exception_handler.py", line 53, in wrapped_app
    raise exc
  File "C:\Users\фыа\AppData\Local\Programs\Python\Python314\Lib\site-packages\starlette\_exception_handler.py", line 42, in wrapped_app
    await app(scope, receive, sender)
  File "C:\Users\фыа\AppData\Local\Programs\Python\Python314\Lib\site-packages\fastapi\middleware\asyncexitstack.py", line 18, in __call__
    await self.app(scope, receive, send)
  File "C:\Users\фыа\AppData\Local\Programs\Python\Python314\Lib\site-packages\starlette\routing.py", line 670, in __call__
    await self.middleware_stack(scope, receive, send)
  File "C:\Users\фыа\AppData\Local\Programs\Python\Python314\Lib\site-packages\fastapi\routing.py", line 2734, in app
    await route.handle(scope, receive, send)
  File "C:\Users\фыа\AppData\Local\Programs\Python\Python314\Lib\site-packages\fastapi\routing.py", line 1780, in handle
    await self.original_router.handle(scope, receive, send)
  File "C:\Users\фыа\AppData\Local\Programs\Python\Python314\Lib\site-packages\fastapi\routing.py", line 2789, in handle
    await included_router._handle_selected(scope, receive, send)
  File "C:\Users\фыа\AppData\Local\Programs\Python\Python314\Lib\site-packages\fastapi\routing.py", line 1800, in _handle_selected
    await original_route.handle(scope, receive, send)
  File "C:\Users\фыа\AppData\Local\Programs\Python\Python314\Lib\site-packages\fastapi\routing.py", line 1279, in handle
    await app(scope, receive, send)
  File "C:\Users\фыа\AppData\Local\Programs\Python\Python314\Lib\site-packages\fastapi\routing.py", line 158, in app
    await wrap_app_handling_exceptions(app, request)(scope, receive, send)
  File "C:\Users\фыа\AppData\Local\Programs\Python\Python314\Lib\site-packages\starlette\_exception_handler.py", line 53, in wrapped_app
    raise exc
  File "C:\Users\фыа\AppData\Local\Programs\Python\Python314\Lib\site-packages\starlette\_exception_handler.py", line 42, in wrapped_app
    await app(scope, receive, sender)
  File "C:\Users\фыа\AppData\Local\Programs\Python\Python314\Lib\site-packages\fastapi\routing.py", line 144, in app
    response = await f(request)
               ^^^^^^^^^^^^^^^^
  File "C:\Users\фыа\AppData\Local\Programs\Python\Python314\Lib\site-packages\fastapi\routing.py", line 706, in app
    raw_response = await run_endpoint_function(
                   ^^^^^^^^^^^^^^^^^^^^^^^^^^^^
    ...<3 lines>...
    )
    ^
  File "C:\Users\фыа\AppData\Local\Programs\Python\Python314\Lib\site-packages\fastapi\routing.py", line 354, in run_endpoint_function
    return await run_in_threadpool(dependant.call, **values)
           ^^^^^^^^^^^^^^^^^^^^^^^^^^^^^^^^^^^^^^^^^^^^^^^^^
  File "C:\Users\фыа\AppData\Local\Programs\Python\Python314\Lib\site-packages\starlette\concurrency.py", line 34, in run_in_threadpool
    return await anyio.to_thread.run_sync(func)
           ^^^^^^^^^^^^^^^^^^^^^^^^^^^^^^^^^^^^
  File "C:\Users\фыа\AppData\Local\Programs\Python\Python314\Lib\site-packages\anyio\to_thread.py", line 63, in run_sync
    return await get_async_backend().run_sync_in_worker_thread(
           ^^^^^^^^^^^^^^^^^^^^^^^^^^^^^^^^^^^^^^^^^^^^^^^^^^^^
        func, args, abandon_on_cancel=abandon_on_cancel, limiter=limiter
        ^^^^^^^^^^^^^^^^^^^^^^^^^^^^^^^^^^^^^^^^^^^^^^^^^^^^^^^^^^^^^^^^
    )
    ^
  File "C:\Users\фыа\AppData\Local\Programs\Python\Python314\Lib\site-packages\anyio\_backends\_asyncio.py", line 2596, in run_sync_in_worker_thread
    return await future
           ^^^^^^^^^^^^
  File "C:\Users\фыа\AppData\Local\Programs\Python\Python314\Lib\site-packages\anyio\_backends\_asyncio.py", line 1029, in run
    result = context.run(func, *args)
  File "C:\Users\фыа\Documents\Obsidian Vault\Programs\JobMatrix\api\routes\notifications.py", line 24, in list_events
    q = q.filter(Event.read_at.is_(None))
  File "<string>", line 2, in filter
  File "C:\Users\фыа\AppData\Local\Programs\Python\Python314\Lib\site-packages\sqlalchemy\sql\base.py", line 284, in _generative
    x = fn(self, *args, **kw)
  File "<string>", line 2, in filter
  File "C:\Users\фыа\AppData\Local\Programs\Python\Python314\Lib\site-packages\sqlalchemy\orm\base.py", line 303, in generate
    assertion(self, fn.__name__)
    ~~~~~~~~~^^^^^^^^^^^^^^^^^^^
  File "C:\Users\фыа\AppData\Local\Programs\Python\Python314\Lib\site-packages\sqlalchemy\orm\query.py", line 444, in _no_limit_offset
    raise sa_exc.InvalidRequestError(
    ...<3 lines>...
    )
sqlalchemy.exc.InvalidRequestError: Query.filter() being called on a Query which already has LIMIT or OFFSET applied.  Call filter() before limit() or offset() are applied.
INFO:     127.0.0.1:51112 - "GET /api/vacancies HTTP/1.1" 200 OK
INFO:     127.0.0.1:52488 - "GET /api/notifications?unread=1 HTTP/1.1" 500 Internal Server Error
ERROR:    Exception in ASGI application
Traceback (most recent call last):
  File "C:\Users\фыа\AppData\Local\Programs\Python\Python314\Lib\site-packages\uvicorn\protocols\http\httptools_impl.py", line 422, in run_asgi
    result = await app(  # type: ignore[func-returns-value]
             ^^^^^^^^^^^^^^^^^^^^^^^^^^^^^^^^^^^^^^^^^^^^^^
        self.scope, self.receive, self.send
        ^^^^^^^^^^^^^^^^^^^^^^^^^^^^^^^^^^^
    )
    ^
  File "C:\Users\фыа\AppData\Local\Programs\Python\Python314\Lib\site-packages\uvicorn\middleware\proxy_headers.py", line 63, in __call__
    return await self.app(scope, receive, send)
           ^^^^^^^^^^^^^^^^^^^^^^^^^^^^^^^^^^^^
  File "C:\Users\фыа\AppData\Local\Programs\Python\Python314\Lib\site-packages\fastapi\applications.py", line 1163, in __call__
    await super().__call__(scope, receive, send)
  File "C:\Users\фыа\AppData\Local\Programs\Python\Python314\Lib\site-packages\starlette\applications.py", line 96, in __call__
    await self.middleware_stack(scope, receive, send)
  File "C:\Users\фыа\AppData\Local\Programs\Python\Python314\Lib\site-packages\starlette\middleware\errors.py", line 186, in __call__
    raise exc
  File "C:\Users\фыа\AppData\Local\Programs\Python\Python314\Lib\site-packages\starlette\middleware\errors.py", line 164, in __call__
    await self.app(scope, receive, _send)
  File "C:\Users\фыа\AppData\Local\Programs\Python\Python314\Lib\site-packages\starlette\middleware\cors.py", line 88, in __call__
    await self.app(scope, receive, send)
  File "C:\Users\фыа\AppData\Local\Programs\Python\Python314\Lib\site-packages\starlette\middleware\exceptions.py", line 63, in __call__
    await wrap_app_handling_exceptions(self.app, conn)(scope, receive, send)
  File "C:\Users\фыа\AppData\Local\Programs\Python\Python314\Lib\site-packages\starlette\_exception_handler.py", line 53, in wrapped_app
    raise exc
  File "C:\Users\фыа\AppData\Local\Programs\Python\Python314\Lib\site-packages\starlette\_exception_handler.py", line 42, in wrapped_app
    await app(scope, receive, sender)
  File "C:\Users\фыа\AppData\Local\Programs\Python\Python314\Lib\site-packages\fastapi\middleware\asyncexitstack.py", line 18, in __call__
    await self.app(scope, receive, send)
  File "C:\Users\фыа\AppData\Local\Programs\Python\Python314\Lib\site-packages\starlette\routing.py", line 670, in __call__
    await self.middleware_stack(scope, receive, send)
  File "C:\Users\фыа\AppData\Local\Programs\Python\Python314\Lib\site-packages\fastapi\routing.py", line 2734, in app
    await route.handle(scope, receive, send)
  File "C:\Users\фыа\AppData\Local\Programs\Python\Python314\Lib\site-packages\fastapi\routing.py", line 1780, in handle
    await self.original_router.handle(scope, receive, send)
  File "C:\Users\фыа\AppData\Local\Programs\Python\Python314\Lib\site-packages\fastapi\routing.py", line 2789, in handle
    await included_router._handle_selected(scope, receive, send)
  File "C:\Users\фыа\AppData\Local\Programs\Python\Python314\Lib\site-packages\fastapi\routing.py", line 1800, in _handle_selected
    await original_route.handle(scope, receive, send)
  File "C:\Users\фыа\AppData\Local\Programs\Python\Python314\Lib\site-packages\fastapi\routing.py", line 1279, in handle
    await app(scope, receive, send)
  File "C:\Users\фыа\AppData\Local\Programs\Python\Python314\Lib\site-packages\fastapi\routing.py", line 158, in app
    await wrap_app_handling_exceptions(app, request)(scope, receive, send)
  File "C:\Users\фыа\AppData\Local\Programs\Python\Python314\Lib\site-packages\starlette\_exception_handler.py", line 53, in wrapped_app
    raise exc
  File "C:\Users\фыа\AppData\Local\Programs\Python\Python314\Lib\site-packages\starlette\_exception_handler.py", line 42, in wrapped_app
    await app(scope, receive, sender)
  File "C:\Users\фыа\AppData\Local\Programs\Python\Python314\Lib\site-packages\fastapi\routing.py", line 144, in app
    response = await f(request)
               ^^^^^^^^^^^^^^^^
  File "C:\Users\фыа\AppData\Local\Programs\Python\Python314\Lib\site-packages\fastapi\routing.py", line 706, in app
    raw_response = await run_endpoint_function(
                   ^^^^^^^^^^^^^^^^^^^^^^^^^^^^
    ...<3 lines>...
    )
    ^
  File "C:\Users\фыа\AppData\Local\Programs\Python\Python314\Lib\site-packages\fastapi\routing.py", line 354, in run_endpoint_function
    return await run_in_threadpool(dependant.call, **values)
           ^^^^^^^^^^^^^^^^^^^^^^^^^^^^^^^^^^^^^^^^^^^^^^^^^
  File "C:\Users\фыа\AppData\Local\Programs\Python\Python314\Lib\site-packages\starlette\concurrency.py", line 34, in run_in_threadpool
    return await anyio.to_thread.run_sync(func)
           ^^^^^^^^^^^^^^^^^^^^^^^^^^^^^^^^^^^^
  File "C:\Users\фыа\AppData\Local\Programs\Python\Python314\Lib\site-packages\anyio\to_thread.py", line 63, in run_sync
    return await get_async_backend().run_sync_in_worker_thread(
           ^^^^^^^^^^^^^^^^^^^^^^^^^^^^^^^^^^^^^^^^^^^^^^^^^^^^
        func, args, abandon_on_cancel=abandon_on_cancel, limiter=limiter
        ^^^^^^^^^^^^^^^^^^^^^^^^^^^^^^^^^^^^^^^^^^^^^^^^^^^^^^^^^^^^^^^^
    )
    ^
  File "C:\Users\фыа\AppData\Local\Programs\Python\Python314\Lib\site-packages\anyio\_backends\_asyncio.py", line 2596, in run_sync_in_worker_thread
    return await future
           ^^^^^^^^^^^^
  File "C:\Users\фыа\AppData\Local\Programs\Python\Python314\Lib\site-packages\anyio\_backends\_asyncio.py", line 1029, in run
    result = context.run(func, *args)
  File "C:\Users\фыа\Documents\Obsidian Vault\Programs\JobMatrix\api\routes\notifications.py", line 24, in list_events
    q = q.filter(Event.read_at.is_(None))
  File "<string>", line 2, in filter
  File "C:\Users\фыа\AppData\Local\Programs\Python\Python314\Lib\site-packages\sqlalchemy\sql\base.py", line 284, in _generative
    x = fn(self, *args, **kw)
  File "<string>", line 2, in filter
  File "C:\Users\фыа\AppData\Local\Programs\Python\Python314\Lib\site-packages\sqlalchemy\orm\base.py", line 303, in generate
    assertion(self, fn.__name__)
    ~~~~~~~~~^^^^^^^^^^^^^^^^^^^
  File "C:\Users\фыа\AppData\Local\Programs\Python\Python314\Lib\site-packages\sqlalchemy\orm\query.py", line 444, in _no_limit_offset
    raise sa_exc.InvalidRequestError(
    ...<3 lines>...
    )
sqlalchemy.exc.InvalidRequestError: Query.filter() being called on a Query which already has LIMIT or OFFSET applied.  Call filter() before limit() or offset() are applied.
INFO:     127.0.0.1:62268 - "GET /api/vacancies HTTP/1.1" 200 OK
2026-08-19 07:53:14,807 INFO httpx: HTTP Request: HEAD https://hh.ru "HTTP/1.1 200 OK"
INFO:     127.0.0.1:62268 - "POST /api/sites/check HTTP/1.1" 200 OK
2026-08-19 07:53:40,763 INFO jobmatrix: Сбор: проверено 11, новых событий 4
INFO:     127.0.0.1:64659 - "GET /api/notifications?unread=1 HTTP/1.1" 500 Internal Server Error
ERROR:    Exception in ASGI application
Traceback (most recent call last):
  File "C:\Users\фыа\AppData\Local\Programs\Python\Python314\Lib\site-packages\uvicorn\protocols\http\httptools_impl.py", line 422, in run_asgi
    result = await app(  # type: ignore[func-returns-value]
             ^^^^^^^^^^^^^^^^^^^^^^^^^^^^^^^^^^^^^^^^^^^^^^
        self.scope, self.receive, self.send
        ^^^^^^^^^^^^^^^^^^^^^^^^^^^^^^^^^^^
    )
    ^
  File "C:\Users\фыа\AppData\Local\Programs\Python\Python314\Lib\site-packages\uvicorn\middleware\proxy_headers.py", line 63, in __call__
    return await self.app(scope, receive, send)
           ^^^^^^^^^^^^^^^^^^^^^^^^^^^^^^^^^^^^
  File "C:\Users\фыа\AppData\Local\Programs\Python\Python314\Lib\site-packages\fastapi\applications.py", line 1163, in __call__
    await super().__call__(scope, receive, send)
  File "C:\Users\фыа\AppData\Local\Programs\Python\Python314\Lib\site-packages\starlette\applications.py", line 96, in __call__
    await self.middleware_stack(scope, receive, send)
  File "C:\Users\фыа\AppData\Local\Programs\Python\Python314\Lib\site-packages\starlette\middleware\errors.py", line 186, in __call__
    raise exc
  File "C:\Users\фыа\AppData\Local\Programs\Python\Python314\Lib\site-packages\starlette\middleware\errors.py", line 164, in __call__
    await self.app(scope, receive, _send)
  File "C:\Users\фыа\AppData\Local\Programs\Python\Python314\Lib\site-packages\starlette\middleware\cors.py", line 88, in __call__
    await self.app(scope, receive, send)
  File "C:\Users\фыа\AppData\Local\Programs\Python\Python314\Lib\site-packages\starlette\middleware\exceptions.py", line 63, in __call__
    await wrap_app_handling_exceptions(self.app, conn)(scope, receive, send)
  File "C:\Users\фыа\AppData\Local\Programs\Python\Python314\Lib\site-packages\starlette\_exception_handler.py", line 53, in wrapped_app
    raise exc
  File "C:\Users\фыа\AppData\Local\Programs\Python\Python314\Lib\site-packages\starlette\_exception_handler.py", line 42, in wrapped_app
    await app(scope, receive, sender)
  File "C:\Users\фыа\AppData\Local\Programs\Python\Python314\Lib\site-packages\fastapi\middleware\asyncexitstack.py", line 18, in __call__
    await self.app(scope, receive, send)
  File "C:\Users\фыа\AppData\Local\Programs\Python\Python314\Lib\site-packages\starlette\routing.py", line 670, in __call__
    await self.middleware_stack(scope, receive, send)
  File "C:\Users\фыа\AppData\Local\Programs\Python\Python314\Lib\site-packages\fastapi\routing.py", line 2734, in app
    await route.handle(scope, receive, send)
  File "C:\Users\фыа\AppData\Local\Programs\Python\Python314\Lib\site-packages\fastapi\routing.py", line 1780, in handle
    await self.original_router.handle(scope, receive, send)
  File "C:\Users\фыа\AppData\Local\Programs\Python\Python314\Lib\site-packages\fastapi\routing.py", line 2789, in handle
    await included_router._handle_selected(scope, receive, send)
  File "C:\Users\фыа\AppData\Local\Programs\Python\Python314\Lib\site-packages\fastapi\routing.py", line 1800, in _handle_selected
    await original_route.handle(scope, receive, send)
  File "C:\Users\фыа\AppData\Local\Programs\Python\Python314\Lib\site-packages\fastapi\routing.py", line 1279, in handle
    await app(scope, receive, send)
  File "C:\Users\фыа\AppData\Local\Programs\Python\Python314\Lib\site-packages\fastapi\routing.py", line 158, in app
    await wrap_app_handling_exceptions(app, request)(scope, receive, send)
  File "C:\Users\фыа\AppData\Local\Programs\Python\Python314\Lib\site-packages\starlette\_exception_handler.py", line 53, in wrapped_app
    raise exc
  File "C:\Users\фыа\AppData\Local\Programs\Python\Python314\Lib\site-packages\starlette\_exception_handler.py", line 42, in wrapped_app
    await app(scope, receive, sender)
  File "C:\Users\фыа\AppData\Local\Programs\Python\Python314\Lib\site-packages\fastapi\routing.py", line 144, in app
    response = await f(request)
               ^^^^^^^^^^^^^^^^
  File "C:\Users\фыа\AppData\Local\Programs\Python\Python314\Lib\site-packages\fastapi\routing.py", line 706, in app
    raw_response = await run_endpoint_function(
                   ^^^^^^^^^^^^^^^^^^^^^^^^^^^^
    ...<3 lines>...
    )
    ^
  File "C:\Users\фыа\AppData\Local\Programs\Python\Python314\Lib\site-packages\fastapi\routing.py", line 354, in run_endpoint_function
    return await run_in_threadpool(dependant.call, **values)
           ^^^^^^^^^^^^^^^^^^^^^^^^^^^^^^^^^^^^^^^^^^^^^^^^^
  File "C:\Users\фыа\AppData\Local\Programs\Python\Python314\Lib\site-packages\starlette\concurrency.py", line 34, in run_in_threadpool
    return await anyio.to_thread.run_sync(func)
           ^^^^^^^^^^^^^^^^^^^^^^^^^^^^^^^^^^^^
  File "C:\Users\фыа\AppData\Local\Programs\Python\Python314\Lib\site-packages\anyio\to_thread.py", line 63, in run_sync
    return await get_async_backend().run_sync_in_worker_thread(
           ^^^^^^^^^^^^^^^^^^^^^^^^^^^^^^^^^^^^^^^^^^^^^^^^^^^^
        func, args, abandon_on_cancel=abandon_on_cancel, limiter=limiter
        ^^^^^^^^^^^^^^^^^^^^^^^^^^^^^^^^^^^^^^^^^^^^^^^^^^^^^^^^^^^^^^^^
    )
    ^
  File "C:\Users\фыа\AppData\Local\Programs\Python\Python314\Lib\site-packages\anyio\_backends\_asyncio.py", line 2596, in run_sync_in_worker_thread
    return await future
           ^^^^^^^^^^^^
  File "C:\Users\фыа\AppData\Local\Programs\Python\Python314\Lib\site-packages\anyio\_backends\_asyncio.py", line 1029, in run
    result = context.run(func, *args)
  File "C:\Users\фыа\Documents\Obsidian Vault\Programs\JobMatrix\api\routes\notifications.py", line 24, in list_events
    q = q.filter(Event.read_at.is_(None))
  File "<string>", line 2, in filter
  File "C:\Users\фыа\AppData\Local\Programs\Python\Python314\Lib\site-packages\sqlalchemy\sql\base.py", line 284, in _generative
    x = fn(self, *args, **kw)
  File "<string>", line 2, in filter
  File "C:\Users\фыа\AppData\Local\Programs\Python\Python314\Lib\site-packages\sqlalchemy\orm\base.py", line 303, in generate
    assertion(self, fn.__name__)
    ~~~~~~~~~^^^^^^^^^^^^^^^^^^^
  File "C:\Users\фыа\AppData\Local\Programs\Python\Python314\Lib\site-packages\sqlalchemy\orm\query.py", line 444, in _no_limit_offset
    raise sa_exc.InvalidRequestError(
    ...<3 lines>...
    )
sqlalchemy.exc.InvalidRequestError: Query.filter() being called on a Query which already has LIMIT or OFFSET applied.  Call filter() before limit() or offset() are applied.
INFO:     127.0.0.1:64628 - "GET /api/vacancies HTTP/1.1" 200 OK
INFO:     127.0.0.1:58211 - "GET /api/notifications?unread=1 HTTP/1.1" 500 Internal Server Error
ERROR:    Exception in ASGI application
Traceback (most recent call last):
  File "C:\Users\фыа\AppData\Local\Programs\Python\Python314\Lib\site-packages\uvicorn\protocols\http\httptools_impl.py", line 422, in run_asgi
    result = await app(  # type: ignore[func-returns-value]
             ^^^^^^^^^^^^^^^^^^^^^^^^^^^^^^^^^^^^^^^^^^^^^^
        self.scope, self.receive, self.send
        ^^^^^^^^^^^^^^^^^^^^^^^^^^^^^^^^^^^
    )
    ^
  File "C:\Users\фыа\AppData\Local\Programs\Python\Python314\Lib\site-packages\uvicorn\middleware\proxy_headers.py", line 63, in __call__
    return await self.app(scope, receive, send)
           ^^^^^^^^^^^^^^^^^^^^^^^^^^^^^^^^^^^^
  File "C:\Users\фыа\AppData\Local\Programs\Python\Python314\Lib\site-packages\fastapi\applications.py", line 1163, in __call__
    await super().__call__(scope, receive, send)
  File "C:\Users\фыа\AppData\Local\Programs\Python\Python314\Lib\site-packages\starlette\applications.py", line 96, in __call__
    await self.middleware_stack(scope, receive, send)
  File "C:\Users\фыа\AppData\Local\Programs\Python\Python314\Lib\site-packages\starlette\middleware\errors.py", line 186, in __call__
    raise exc
  File "C:\Users\фыа\AppData\Local\Programs\Python\Python314\Lib\site-packages\starlette\middleware\errors.py", line 164, in __call__
    await self.app(scope, receive, _send)
  File "C:\Users\фыа\AppData\Local\Programs\Python\Python314\Lib\site-packages\starlette\middleware\cors.py", line 88, in __call__
    await self.app(scope, receive, send)
  File "C:\Users\фыа\AppData\Local\Programs\Python\Python314\Lib\site-packages\starlette\middleware\exceptions.py", line 63, in __call__
    await wrap_app_handling_exceptions(self.app, conn)(scope, receive, send)
  File "C:\Users\фыа\AppData\Local\Programs\Python\Python314\Lib\site-packages\starlette\_exception_handler.py", line 53, in wrapped_app
    raise exc
  File "C:\Users\фыа\AppData\Local\Programs\Python\Python314\Lib\site-packages\starlette\_exception_handler.py", line 42, in wrapped_app
    await app(scope, receive, sender)
  File "C:\Users\фыа\AppData\Local\Programs\Python\Python314\Lib\site-packages\fastapi\middleware\asyncexitstack.py", line 18, in __call__
    await self.app(scope, receive, send)
  File "C:\Users\фыа\AppData\Local\Programs\Python\Python314\Lib\site-packages\starlette\routing.py", line 670, in __call__
    await self.middleware_stack(scope, receive, send)
  File "C:\Users\фыа\AppData\Local\Programs\Python\Python314\Lib\site-packages\fastapi\routing.py", line 2734, in app
    await route.handle(scope, receive, send)
  File "C:\Users\фыа\AppData\Local\Programs\Python\Python314\Lib\site-packages\fastapi\routing.py", line 1780, in handle
    await self.original_router.handle(scope, receive, send)
  File "C:\Users\фыа\AppData\Local\Programs\Python\Python314\Lib\site-packages\fastapi\routing.py", line 2789, in handle
    await included_router._handle_selected(scope, receive, send)
  File "C:\Users\фыа\AppData\Local\Programs\Python\Python314\Lib\site-packages\fastapi\routing.py", line 1800, in _handle_selected
    await original_route.handle(scope, receive, send)
  File "C:\Users\фыа\AppData\Local\Programs\Python\Python314\Lib\site-packages\fastapi\routing.py", line 1279, in handle
    await app(scope, receive, send)
  File "C:\Users\фыа\AppData\Local\Programs\Python\Python314\Lib\site-packages\fastapi\routing.py", line 158, in app
    await wrap_app_handling_exceptions(app, request)(scope, receive, send)
  File "C:\Users\фыа\AppData\Local\Programs\Python\Python314\Lib\site-packages\starlette\_exception_handler.py", line 53, in wrapped_app
    raise exc
  File "C:\Users\фыа\AppData\Local\Programs\Python\Python314\Lib\site-packages\starlette\_exception_handler.py", line 42, in wrapped_app
    await app(scope, receive, sender)
  File "C:\Users\фыа\AppData\Local\Programs\Python\Python314\Lib\site-packages\fastapi\routing.py", line 144, in app
    response = await f(request)
               ^^^^^^^^^^^^^^^^
  File "C:\Users\фыа\AppData\Local\Programs\Python\Python314\Lib\site-packages\fastapi\routing.py", line 706, in app
    raw_response = await run_endpoint_function(
                   ^^^^^^^^^^^^^^^^^^^^^^^^^^^^
    ...<3 lines>...
    )
    ^
  File "C:\Users\фыа\AppData\Local\Programs\Python\Python314\Lib\site-packages\fastapi\routing.py", line 354, in run_endpoint_function
    return await run_in_threadpool(dependant.call, **values)
           ^^^^^^^^^^^^^^^^^^^^^^^^^^^^^^^^^^^^^^^^^^^^^^^^^
  File "C:\Users\фыа\AppData\Local\Programs\Python\Python314\Lib\site-packages\starlette\concurrency.py", line 34, in run_in_threadpool
    return await anyio.to_thread.run_sync(func)
           ^^^^^^^^^^^^^^^^^^^^^^^^^^^^^^^^^^^^
  File "C:\Users\фыа\AppData\Local\Programs\Python\Python314\Lib\site-packages\anyio\to_thread.py", line 63, in run_sync
    return await get_async_backend().run_sync_in_worker_thread(
           ^^^^^^^^^^^^^^^^^^^^^^^^^^^^^^^^^^^^^^^^^^^^^^^^^^^^
        func, args, abandon_on_cancel=abandon_on_cancel, limiter=limiter
        ^^^^^^^^^^^^^^^^^^^^^^^^^^^^^^^^^^^^^^^^^^^^^^^^^^^^^^^^^^^^^^^^
    )
    ^
  File "C:\Users\фыа\AppData\Local\Programs\Python\Python314\Lib\site-packages\anyio\_backends\_asyncio.py", line 2596, in run_sync_in_worker_thread
    return await future
           ^^^^^^^^^^^^
  File "C:\Users\фыа\AppData\Local\Programs\Python\Python314\Lib\site-packages\anyio\_backends\_asyncio.py", line 1029, in run
    result = context.run(func, *args)
  File "C:\Users\фыа\Documents\Obsidian Vault\Programs\JobMatrix\api\routes\notifications.py", line 24, in list_events
    q = q.filter(Event.read_at.is_(None))
  File "<string>", line 2, in filter
  File "C:\Users\фыа\AppData\Local\Programs\Python\Python314\Lib\site-packages\sqlalchemy\sql\base.py", line 284, in _generative
    x = fn(self, *args, **kw)
  File "<string>", line 2, in filter
  File "C:\Users\фыа\AppData\Local\Programs\Python\Python314\Lib\site-packages\sqlalchemy\orm\base.py", line 303, in generate
    assertion(self, fn.__name__)
    ~~~~~~~~~^^^^^^^^^^^^^^^^^^^
  File "C:\Users\фыа\AppData\Local\Programs\Python\Python314\Lib\site-packages\sqlalchemy\orm\query.py", line 444, in _no_limit_offset
    raise sa_exc.InvalidRequestError(
    ...<3 lines>...
    )
sqlalchemy.exc.InvalidRequestError: Query.filter() being called on a Query which already has LIMIT or OFFSET applied.  Call filter() before limit() or offset() are applied.
INFO:     127.0.0.1:54815 - "GET /api/vacancies HTTP/1.1" 200 OK
INFO:     127.0.0.1:64628 - "GET /api/notifications?unread=1 HTTP/1.1" 500 Internal Server Error
ERROR:    Exception in ASGI application
Traceback (most recent call last):
  File "C:\Users\фыа\AppData\Local\Programs\Python\Python314\Lib\site-packages\uvicorn\protocols\http\httptools_impl.py", line 422, in run_asgi
    result = await app(  # type: ignore[func-returns-value]
             ^^^^^^^^^^^^^^^^^^^^^^^^^^^^^^^^^^^^^^^^^^^^^^
        self.scope, self.receive, self.send
        ^^^^^^^^^^^^^^^^^^^^^^^^^^^^^^^^^^^
    )
    ^
  File "C:\Users\фыа\AppData\Local\Programs\Python\Python314\Lib\site-packages\uvicorn\middleware\proxy_headers.py", line 63, in __call__
    return await self.app(scope, receive, send)
           ^^^^^^^^^^^^^^^^^^^^^^^^^^^^^^^^^^^^
  File "C:\Users\фыа\AppData\Local\Programs\Python\Python314\Lib\site-packages\fastapi\applications.py", line 1163, in __call__
    await super().__call__(scope, receive, send)
  File "C:\Users\фыа\AppData\Local\Programs\Python\Python314\Lib\site-packages\starlette\applications.py", line 96, in __call__
    await self.middleware_stack(scope, receive, send)
  File "C:\Users\фыа\AppData\Local\Programs\Python\Python314\Lib\site-packages\starlette\middleware\errors.py", line 186, in __call__
    raise exc
  File "C:\Users\фыа\AppData\Local\Programs\Python\Python314\Lib\site-packages\starlette\middleware\errors.py", line 164, in __call__
    await self.app(scope, receive, _send)
  File "C:\Users\фыа\AppData\Local\Programs\Python\Python314\Lib\site-packages\starlette\middleware\cors.py", line 88, in __call__
    await self.app(scope, receive, send)
  File "C:\Users\фыа\AppData\Local\Programs\Python\Python314\Lib\site-packages\starlette\middleware\exceptions.py", line 63, in __call__
    await wrap_app_handling_exceptions(self.app, conn)(scope, receive, send)
  File "C:\Users\фыа\AppData\Local\Programs\Python\Python314\Lib\site-packages\starlette\_exception_handler.py", line 53, in wrapped_app
    raise exc
  File "C:\Users\фыа\AppData\Local\Programs\Python\Python314\Lib\site-packages\starlette\_exception_handler.py", line 42, in wrapped_app
    await app(scope, receive, sender)
  File "C:\Users\фыа\AppData\Local\Programs\Python\Python314\Lib\site-packages\fastapi\middleware\asyncexitstack.py", line 18, in __call__
    await self.app(scope, receive, send)
  File "C:\Users\фыа\AppData\Local\Programs\Python\Python314\Lib\site-packages\starlette\routing.py", line 670, in __call__
    await self.middleware_stack(scope, receive, send)
  File "C:\Users\фыа\AppData\Local\Programs\Python\Python314\Lib\site-packages\fastapi\routing.py", line 2734, in app
    await route.handle(scope, receive, send)
  File "C:\Users\фыа\AppData\Local\Programs\Python\Python314\Lib\site-packages\fastapi\routing.py", line 1780, in handle
    await self.original_router.handle(scope, receive, send)
  File "C:\Users\фыа\AppData\Local\Programs\Python\Python314\Lib\site-packages\fastapi\routing.py", line 2789, in handle
    await included_router._handle_selected(scope, receive, send)
  File "C:\Users\фыа\AppData\Local\Programs\Python\Python314\Lib\site-packages\fastapi\routing.py", line 1800, in _handle_selected
    await original_route.handle(scope, receive, send)
  File "C:\Users\фыа\AppData\Local\Programs\Python\Python314\Lib\site-packages\fastapi\routing.py", line 1279, in handle
    await app(scope, receive, send)
  File "C:\Users\фыа\AppData\Local\Programs\Python\Python314\Lib\site-packages\fastapi\routing.py", line 158, in app
    await wrap_app_handling_exceptions(app, request)(scope, receive, send)
  File "C:\Users\фыа\AppData\Local\Programs\Python\Python314\Lib\site-packages\starlette\_exception_handler.py", line 53, in wrapped_app
    raise exc
  File "C:\Users\фыа\AppData\Local\Programs\Python\Python314\Lib\site-packages\starlette\_exception_handler.py", line 42, in wrapped_app
    await app(scope, receive, sender)
  File "C:\Users\фыа\AppData\Local\Programs\Python\Python314\Lib\site-packages\fastapi\routing.py", line 144, in app
    response = await f(request)
               ^^^^^^^^^^^^^^^^
  File "C:\Users\фыа\AppData\Local\Programs\Python\Python314\Lib\site-packages\fastapi\routing.py", line 706, in app
    raw_response = await run_endpoint_function(
                   ^^^^^^^^^^^^^^^^^^^^^^^^^^^^
    ...<3 lines>...
    )
    ^
  File "C:\Users\фыа\AppData\Local\Programs\Python\Python314\Lib\site-packages\fastapi\routing.py", line 354, in run_endpoint_function
    return await run_in_threadpool(dependant.call, **values)
           ^^^^^^^^^^^^^^^^^^^^^^^^^^^^^^^^^^^^^^^^^^^^^^^^^
  File "C:\Users\фыа\AppData\Local\Programs\Python\Python314\Lib\site-packages\starlette\concurrency.py", line 34, in run_in_threadpool
    return await anyio.to_thread.run_sync(func)
           ^^^^^^^^^^^^^^^^^^^^^^^^^^^^^^^^^^^^
  File "C:\Users\фыа\AppData\Local\Programs\Python\Python314\Lib\site-packages\anyio\to_thread.py", line 63, in run_sync
    return await get_async_backend().run_sync_in_worker_thread(
           ^^^^^^^^^^^^^^^^^^^^^^^^^^^^^^^^^^^^^^^^^^^^^^^^^^^^
        func, args, abandon_on_cancel=abandon_on_cancel, limiter=limiter
        ^^^^^^^^^^^^^^^^^^^^^^^^^^^^^^^^^^^^^^^^^^^^^^^^^^^^^^^^^^^^^^^^
    )
    ^
  File "C:\Users\фыа\AppData\Local\Programs\Python\Python314\Lib\site-packages\anyio\_backends\_asyncio.py", line 2596, in run_sync_in_worker_thread
    return await future
           ^^^^^^^^^^^^
  File "C:\Users\фыа\AppData\Local\Programs\Python\Python314\Lib\site-packages\anyio\_backends\_asyncio.py", line 1029, in run
    result = context.run(func, *args)
  File "C:\Users\фыа\Documents\Obsidian Vault\Programs\JobMatrix\api\routes\notifications.py", line 24, in list_events
    q = q.filter(Event.read_at.is_(None))
  File "<string>", line 2, in filter
  File "C:\Users\фыа\AppData\Local\Programs\Python\Python314\Lib\site-packages\sqlalchemy\sql\base.py", line 284, in _generative
    x = fn(self, *args, **kw)
  File "<string>", line 2, in filter
  File "C:\Users\фыа\AppData\Local\Programs\Python\Python314\Lib\site-packages\sqlalchemy\orm\base.py", line 303, in generate
    assertion(self, fn.__name__)
    ~~~~~~~~~^^^^^^^^^^^^^^^^^^^
  File "C:\Users\фыа\AppData\Local\Programs\Python\Python314\Lib\site-packages\sqlalchemy\orm\query.py", line 444, in _no_limit_offset
    raise sa_exc.InvalidRequestError(
    ...<3 lines>...
    )
sqlalchemy.exc.InvalidRequestError: Query.filter() being called on a Query which already has LIMIT or OFFSET applied.  Call filter() before limit() or offset() are applied.
INFO:     127.0.0.1:58190 - "GET /api/vacancies HTTP/1.1" 200 OK
INFO:     127.0.0.1:54815 - "GET /api/notifications?unread=1 HTTP/1.1" 500 Internal Server Error
ERROR:    Exception in ASGI application
Traceback (most recent call last):
  File "C:\Users\фыа\AppData\Local\Programs\Python\Python314\Lib\site-packages\uvicorn\protocols\http\httptools_impl.py", line 422, in run_asgi
    result = await app(  # type: ignore[func-returns-value]
             ^^^^^^^^^^^^^^^^^^^^^^^^^^^^^^^^^^^^^^^^^^^^^^
        self.scope, self.receive, self.send
        ^^^^^^^^^^^^^^^^^^^^^^^^^^^^^^^^^^^
    )
    ^
  File "C:\Users\фыа\AppData\Local\Programs\Python\Python314\Lib\site-packages\uvicorn\middleware\proxy_headers.py", line 63, in __call__
    return await self.app(scope, receive, send)
           ^^^^^^^^^^^^^^^^^^^^^^^^^^^^^^^^^^^^
  File "C:\Users\фыа\AppData\Local\Programs\Python\Python314\Lib\site-packages\fastapi\applications.py", line 1163, in __call__
    await super().__call__(scope, receive, send)
  File "C:\Users\фыа\AppData\Local\Programs\Python\Python314\Lib\site-packages\starlette\applications.py", line 96, in __call__
    await self.middleware_stack(scope, receive, send)
  File "C:\Users\фыа\AppData\Local\Programs\Python\Python314\Lib\site-packages\starlette\middleware\errors.py", line 186, in __call__
    raise exc
  File "C:\Users\фыа\AppData\Local\Programs\Python\Python314\Lib\site-packages\starlette\middleware\errors.py", line 164, in __call__
    await self.app(scope, receive, _send)
  File "C:\Users\фыа\AppData\Local\Programs\Python\Python314\Lib\site-packages\starlette\middleware\cors.py", line 88, in __call__
    await self.app(scope, receive, send)
  File "C:\Users\фыа\AppData\Local\Programs\Python\Python314\Lib\site-packages\starlette\middleware\exceptions.py", line 63, in __call__
    await wrap_app_handling_exceptions(self.app, conn)(scope, receive, send)
  File "C:\Users\фыа\AppData\Local\Programs\Python\Python314\Lib\site-packages\starlette\_exception_handler.py", line 53, in wrapped_app
    raise exc
  File "C:\Users\фыа\AppData\Local\Programs\Python\Python314\Lib\site-packages\starlette\_exception_handler.py", line 42, in wrapped_app
    await app(scope, receive, sender)
  File "C:\Users\фыа\AppData\Local\Programs\Python\Python314\Lib\site-packages\fastapi\middleware\asyncexitstack.py", line 18, in __call__
    await self.app(scope, receive, send)
  File "C:\Users\фыа\AppData\Local\Programs\Python\Python314\Lib\site-packages\starlette\routing.py", line 670, in __call__
    await self.middleware_stack(scope, receive, send)
  File "C:\Users\фыа\AppData\Local\Programs\Python\Python314\Lib\site-packages\fastapi\routing.py", line 2734, in app
    await route.handle(scope, receive, send)
  File "C:\Users\фыа\AppData\Local\Programs\Python\Python314\Lib\site-packages\fastapi\routing.py", line 1780, in handle
    await self.original_router.handle(scope, receive, send)
  File "C:\Users\фыа\AppData\Local\Programs\Python\Python314\Lib\site-packages\fastapi\routing.py", line 2789, in handle
    await included_router._handle_selected(scope, receive, send)
  File "C:\Users\фыа\AppData\Local\Programs\Python\Python314\Lib\site-packages\fastapi\routing.py", line 1800, in _handle_selected
    await original_route.handle(scope, receive, send)
  File "C:\Users\фыа\AppData\Local\Programs\Python\Python314\Lib\site-packages\fastapi\routing.py", line 1279, in handle
    await app(scope, receive, send)
  File "C:\Users\фыа\AppData\Local\Programs\Python\Python314\Lib\site-packages\fastapi\routing.py", line 158, in app
    await wrap_app_handling_exceptions(app, request)(scope, receive, send)
  File "C:\Users\фыа\AppData\Local\Programs\Python\Python314\Lib\site-packages\starlette\_exception_handler.py", line 53, in wrapped_app
    raise exc
  File "C:\Users\фыа\AppData\Local\Programs\Python\Python314\Lib\site-packages\starlette\_exception_handler.py", line 42, in wrapped_app
    await app(scope, receive, sender)
  File "C:\Users\фыа\AppData\Local\Programs\Python\Python314\Lib\site-packages\fastapi\routing.py", line 144, in app
    response = await f(request)
               ^^^^^^^^^^^^^^^^
  File "C:\Users\фыа\AppData\Local\Programs\Python\Python314\Lib\site-packages\fastapi\routing.py", line 706, in app
    raw_response = await run_endpoint_function(
                   ^^^^^^^^^^^^^^^^^^^^^^^^^^^^
    ...<3 lines>...
    )
    ^
  File "C:\Users\фыа\AppData\Local\Programs\Python\Python314\Lib\site-packages\fastapi\routing.py", line 354, in run_endpoint_function
    return await run_in_threadpool(dependant.call, **values)
           ^^^^^^^^^^^^^^^^^^^^^^^^^^^^^^^^^^^^^^^^^^^^^^^^^
  File "C:\Users\фыа\AppData\Local\Programs\Python\Python314\Lib\site-packages\starlette\concurrency.py", line 34, in run_in_threadpool
    return await anyio.to_thread.run_sync(func)
           ^^^^^^^^^^^^^^^^^^^^^^^^^^^^^^^^^^^^
  File "C:\Users\фыа\AppData\Local\Programs\Python\Python314\Lib\site-packages\anyio\to_thread.py", line 63, in run_sync
    return await get_async_backend().run_sync_in_worker_thread(
           ^^^^^^^^^^^^^^^^^^^^^^^^^^^^^^^^^^^^^^^^^^^^^^^^^^^^
        func, args, abandon_on_cancel=abandon_on_cancel, limiter=limiter
        ^^^^^^^^^^^^^^^^^^^^^^^^^^^^^^^^^^^^^^^^^^^^^^^^^^^^^^^^^^^^^^^^
    )
    ^
  File "C:\Users\фыа\AppData\Local\Programs\Python\Python314\Lib\site-packages\anyio\_backends\_asyncio.py", line 2596, in run_sync_in_worker_thread
    return await future
           ^^^^^^^^^^^^
  File "C:\Users\фыа\AppData\Local\Programs\Python\Python314\Lib\site-packages\anyio\_backends\_asyncio.py", line 1029, in run
    result = context.run(func, *args)
  File "C:\Users\фыа\Documents\Obsidian Vault\Programs\JobMatrix\api\routes\notifications.py", line 24, in list_events
    q = q.filter(Event.read_at.is_(None))
  File "<string>", line 2, in filter
  File "C:\Users\фыа\AppData\Local\Programs\Python\Python314\Lib\site-packages\sqlalchemy\sql\base.py", line 284, in _generative
    x = fn(self, *args, **kw)
  File "<string>", line 2, in filter
  File "C:\Users\фыа\AppData\Local\Programs\Python\Python314\Lib\site-packages\sqlalchemy\orm\base.py", line 303, in generate
    assertion(self, fn.__name__)
    ~~~~~~~~~^^^^^^^^^^^^^^^^^^^
  File "C:\Users\фыа\AppData\Local\Programs\Python\Python314\Lib\site-packages\sqlalchemy\orm\query.py", line 444, in _no_limit_offset
    raise sa_exc.InvalidRequestError(
    ...<3 lines>...
    )
sqlalchemy.exc.InvalidRequestError: Query.filter() being called on a Query which already has LIMIT or OFFSET applied.  Call filter() before limit() or offset() are applied.
INFO:     127.0.0.1:60284 - "GET /api/vacancies HTTP/1.1" 200 OK
INFO:     127.0.0.1:58190 - "GET /api/notifications?unread=1 HTTP/1.1" 500 Internal Server Error
ERROR:    Exception in ASGI application
Traceback (most recent call last):
  File "C:\Users\фыа\AppData\Local\Programs\Python\Python314\Lib\site-packages\uvicorn\protocols\http\httptools_impl.py", line 422, in run_asgi
    result = await app(  # type: ignore[func-returns-value]
             ^^^^^^^^^^^^^^^^^^^^^^^^^^^^^^^^^^^^^^^^^^^^^^
        self.scope, self.receive, self.send
        ^^^^^^^^^^^^^^^^^^^^^^^^^^^^^^^^^^^
    )
    ^
  File "C:\Users\фыа\AppData\Local\Programs\Python\Python314\Lib\site-packages\uvicorn\middleware\proxy_headers.py", line 63, in __call__
    return await self.app(scope, receive, send)
           ^^^^^^^^^^^^^^^^^^^^^^^^^^^^^^^^^^^^
  File "C:\Users\фыа\AppData\Local\Programs\Python\Python314\Lib\site-packages\fastapi\applications.py", line 1163, in __call__
    await super().__call__(scope, receive, send)
  File "C:\Users\фыа\AppData\Local\Programs\Python\Python314\Lib\site-packages\starlette\applications.py", line 96, in __call__
    await self.middleware_stack(scope, receive, send)
  File "C:\Users\фыа\AppData\Local\Programs\Python\Python314\Lib\site-packages\starlette\middleware\errors.py", line 186, in __call__
    raise exc
  File "C:\Users\фыа\AppData\Local\Programs\Python\Python314\Lib\site-packages\starlette\middleware\errors.py", line 164, in __call__
    await self.app(scope, receive, _send)
  File "C:\Users\фыа\AppData\Local\Programs\Python\Python314\Lib\site-packages\starlette\middleware\cors.py", line 88, in __call__
    await self.app(scope, receive, send)
  File "C:\Users\фыа\AppData\Local\Programs\Python\Python314\Lib\site-packages\starlette\middleware\exceptions.py", line 63, in __call__
    await wrap_app_handling_exceptions(self.app, conn)(scope, receive, send)
  File "C:\Users\фыа\AppData\Local\Programs\Python\Python314\Lib\site-packages\starlette\_exception_handler.py", line 53, in wrapped_app
    raise exc
  File "C:\Users\фыа\AppData\Local\Programs\Python\Python314\Lib\site-packages\starlette\_exception_handler.py", line 42, in wrapped_app
    await app(scope, receive, sender)
  File "C:\Users\фыа\AppData\Local\Programs\Python\Python314\Lib\site-packages\fastapi\middleware\asyncexitstack.py", line 18, in __call__
    await self.app(scope, receive, send)
  File "C:\Users\фыа\AppData\Local\Programs\Python\Python314\Lib\site-packages\starlette\routing.py", line 670, in __call__
    await self.middleware_stack(scope, receive, send)
  File "C:\Users\фыа\AppData\Local\Programs\Python\Python314\Lib\site-packages\fastapi\routing.py", line 2734, in app
    await route.handle(scope, receive, send)
  File "C:\Users\фыа\AppData\Local\Programs\Python\Python314\Lib\site-packages\fastapi\routing.py", line 1780, in handle
    await self.original_router.handle(scope, receive, send)
  File "C:\Users\фыа\AppData\Local\Programs\Python\Python314\Lib\site-packages\fastapi\routing.py", line 2789, in handle
    await included_router._handle_selected(scope, receive, send)
  File "C:\Users\фыа\AppData\Local\Programs\Python\Python314\Lib\site-packages\fastapi\routing.py", line 1800, in _handle_selected
    await original_route.handle(scope, receive, send)
  File "C:\Users\фыа\AppData\Local\Programs\Python\Python314\Lib\site-packages\fastapi\routing.py", line 1279, in handle
    await app(scope, receive, send)
  File "C:\Users\фыа\AppData\Local\Programs\Python\Python314\Lib\site-packages\fastapi\routing.py", line 158, in app
    await wrap_app_handling_exceptions(app, request)(scope, receive, send)
  File "C:\Users\фыа\AppData\Local\Programs\Python\Python314\Lib\site-packages\starlette\_exception_handler.py", line 53, in wrapped_app
    raise exc
  File "C:\Users\фыа\AppData\Local\Programs\Python\Python314\Lib\site-packages\starlette\_exception_handler.py", line 42, in wrapped_app
    await app(scope, receive, sender)
  File "C:\Users\фыа\AppData\Local\Programs\Python\Python314\Lib\site-packages\fastapi\routing.py", line 144, in app
    response = await f(request)
               ^^^^^^^^^^^^^^^^
  File "C:\Users\фыа\AppData\Local\Programs\Python\Python314\Lib\site-packages\fastapi\routing.py", line 706, in app
    raw_response = await run_endpoint_function(
                   ^^^^^^^^^^^^^^^^^^^^^^^^^^^^
    ...<3 lines>...
    )
    ^
  File "C:\Users\фыа\AppData\Local\Programs\Python\Python314\Lib\site-packages\fastapi\routing.py", line 354, in run_endpoint_function
    return await run_in_threadpool(dependant.call, **values)
           ^^^^^^^^^^^^^^^^^^^^^^^^^^^^^^^^^^^^^^^^^^^^^^^^^
  File "C:\Users\фыа\AppData\Local\Programs\Python\Python314\Lib\site-packages\starlette\concurrency.py", line 34, in run_in_threadpool
    return await anyio.to_thread.run_sync(func)
           ^^^^^^^^^^^^^^^^^^^^^^^^^^^^^^^^^^^^
  File "C:\Users\фыа\AppData\Local\Programs\Python\Python314\Lib\site-packages\anyio\to_thread.py", line 63, in run_sync
    return await get_async_backend().run_sync_in_worker_thread(
           ^^^^^^^^^^^^^^^^^^^^^^^^^^^^^^^^^^^^^^^^^^^^^^^^^^^^
        func, args, abandon_on_cancel=abandon_on_cancel, limiter=limiter
        ^^^^^^^^^^^^^^^^^^^^^^^^^^^^^^^^^^^^^^^^^^^^^^^^^^^^^^^^^^^^^^^^
    )
    ^
  File "C:\Users\фыа\AppData\Local\Programs\Python\Python314\Lib\site-packages\anyio\_backends\_asyncio.py", line 2596, in run_sync_in_worker_thread
    return await future
           ^^^^^^^^^^^^
  File "C:\Users\фыа\AppData\Local\Programs\Python\Python314\Lib\site-packages\anyio\_backends\_asyncio.py", line 1029, in run
    result = context.run(func, *args)
  File "C:\Users\фыа\Documents\Obsidian Vault\Programs\JobMatrix\api\routes\notifications.py", line 24, in list_events
    q = q.filter(Event.read_at.is_(None))
  File "<string>", line 2, in filter
  File "C:\Users\фыа\AppData\Local\Programs\Python\Python314\Lib\site-packages\sqlalchemy\sql\base.py", line 284, in _generative
    x = fn(self, *args, **kw)
  File "<string>", line 2, in filter
  File "C:\Users\фыа\AppData\Local\Programs\Python\Python314\Lib\site-packages\sqlalchemy\orm\base.py", line 303, in generate
    assertion(self, fn.__name__)
    ~~~~~~~~~^^^^^^^^^^^^^^^^^^^
  File "C:\Users\фыа\AppData\Local\Programs\Python\Python314\Lib\site-packages\sqlalchemy\orm\query.py", line 444, in _no_limit_offset
    raise sa_exc.InvalidRequestError(
    ...<3 lines>...
    )
sqlalchemy.exc.InvalidRequestError: Query.filter() being called on a Query which already has LIMIT or OFFSET applied.  Call filter() before limit() or offset() are applied.
INFO:     127.0.0.1:60284 - "GET /api/vacancies HTTP/1.1" 200 OK
INFO:     127.0.0.1:57624 - "POST /api/demo/new-response HTTP/1.1" 200 OK
INFO:     127.0.0.1:50852 - "GET /api/notifications?unread=1 HTTP/1.1" 500 Internal Server Error
ERROR:    Exception in ASGI application
Traceback (most recent call last):
  File "C:\Users\фыа\AppData\Local\Programs\Python\Python314\Lib\site-packages\uvicorn\protocols\http\httptools_impl.py", line 422, in run_asgi
    result = await app(  # type: ignore[func-returns-value]
             ^^^^^^^^^^^^^^^^^^^^^^^^^^^^^^^^^^^^^^^^^^^^^^
        self.scope, self.receive, self.send
        ^^^^^^^^^^^^^^^^^^^^^^^^^^^^^^^^^^^
    )
    ^
  File "C:\Users\фыа\AppData\Local\Programs\Python\Python314\Lib\site-packages\uvicorn\middleware\proxy_headers.py", line 63, in __call__
    return await self.app(scope, receive, send)
           ^^^^^^^^^^^^^^^^^^^^^^^^^^^^^^^^^^^^
  File "C:\Users\фыа\AppData\Local\Programs\Python\Python314\Lib\site-packages\fastapi\applications.py", line 1163, in __call__
    await super().__call__(scope, receive, send)
  File "C:\Users\фыа\AppData\Local\Programs\Python\Python314\Lib\site-packages\starlette\applications.py", line 96, in __call__
    await self.middleware_stack(scope, receive, send)
  File "C:\Users\фыа\AppData\Local\Programs\Python\Python314\Lib\site-packages\starlette\middleware\errors.py", line 186, in __call__
    raise exc
  File "C:\Users\фыа\AppData\Local\Programs\Python\Python314\Lib\site-packages\starlette\middleware\errors.py", line 164, in __call__
    await self.app(scope, receive, _send)
  File "C:\Users\фыа\AppData\Local\Programs\Python\Python314\Lib\site-packages\starlette\middleware\cors.py", line 88, in __call__
    await self.app(scope, receive, send)
  File "C:\Users\фыа\AppData\Local\Programs\Python\Python314\Lib\site-packages\starlette\middleware\exceptions.py", line 63, in __call__
    await wrap_app_handling_exceptions(self.app, conn)(scope, receive, send)
  File "C:\Users\фыа\AppData\Local\Programs\Python\Python314\Lib\site-packages\starlette\_exception_handler.py", line 53, in wrapped_app
    raise exc
  File "C:\Users\фыа\AppData\Local\Programs\Python\Python314\Lib\site-packages\starlette\_exception_handler.py", line 42, in wrapped_app
    await app(scope, receive, sender)
  File "C:\Users\фыа\AppData\Local\Programs\Python\Python314\Lib\site-packages\fastapi\middleware\asyncexitstack.py", line 18, in __call__
    await self.app(scope, receive, send)
  File "C:\Users\фыа\AppData\Local\Programs\Python\Python314\Lib\site-packages\starlette\routing.py", line 670, in __call__
    await self.middleware_stack(scope, receive, send)
  File "C:\Users\фыа\AppData\Local\Programs\Python\Python314\Lib\site-packages\fastapi\routing.py", line 2734, in app
    await route.handle(scope, receive, send)
  File "C:\Users\фыа\AppData\Local\Programs\Python\Python314\Lib\site-packages\fastapi\routing.py", line 1780, in handle
    await self.original_router.handle(scope, receive, send)
  File "C:\Users\фыа\AppData\Local\Programs\Python\Python314\Lib\site-packages\fastapi\routing.py", line 2789, in handle
    await included_router._handle_selected(scope, receive, send)
  File "C:\Users\фыа\AppData\Local\Programs\Python\Python314\Lib\site-packages\fastapi\routing.py", line 1800, in _handle_selected
    await original_route.handle(scope, receive, send)
  File "C:\Users\фыа\AppData\Local\Programs\Python\Python314\Lib\site-packages\fastapi\routing.py", line 1279, in handle
    await app(scope, receive, send)
  File "C:\Users\фыа\AppData\Local\Programs\Python\Python314\Lib\site-packages\fastapi\routing.py", line 158, in app
    await wrap_app_handling_exceptions(app, request)(scope, receive, send)
  File "C:\Users\фыа\AppData\Local\Programs\Python\Python314\Lib\site-packages\starlette\_exception_handler.py", line 53, in wrapped_app
    raise exc
  File "C:\Users\фыа\AppData\Local\Programs\Python\Python314\Lib\site-packages\starlette\_exception_handler.py", line 42, in wrapped_app
    await app(scope, receive, sender)
  File "C:\Users\фыа\AppData\Local\Programs\Python\Python314\Lib\site-packages\fastapi\routing.py", line 144, in app
    response = await f(request)
               ^^^^^^^^^^^^^^^^
  File "C:\Users\фыа\AppData\Local\Programs\Python\Python314\Lib\site-packages\fastapi\routing.py", line 706, in app
    raw_response = await run_endpoint_function(
                   ^^^^^^^^^^^^^^^^^^^^^^^^^^^^
    ...<3 lines>...
    )
    ^
  File "C:\Users\фыа\AppData\Local\Programs\Python\Python314\Lib\site-packages\fastapi\routing.py", line 354, in run_endpoint_function
    return await run_in_threadpool(dependant.call, **values)
           ^^^^^^^^^^^^^^^^^^^^^^^^^^^^^^^^^^^^^^^^^^^^^^^^^
  File "C:\Users\фыа\AppData\Local\Programs\Python\Python314\Lib\site-packages\starlette\concurrency.py", line 34, in run_in_threadpool
    return await anyio.to_thread.run_sync(func)
           ^^^^^^^^^^^^^^^^^^^^^^^^^^^^^^^^^^^^
  File "C:\Users\фыа\AppData\Local\Programs\Python\Python314\Lib\site-packages\anyio\to_thread.py", line 63, in run_sync
    return await get_async_backend().run_sync_in_worker_thread(
           ^^^^^^^^^^^^^^^^^^^^^^^^^^^^^^^^^^^^^^^^^^^^^^^^^^^^
        func, args, abandon_on_cancel=abandon_on_cancel, limiter=limiter
        ^^^^^^^^^^^^^^^^^^^^^^^^^^^^^^^^^^^^^^^^^^^^^^^^^^^^^^^^^^^^^^^^
    )
    ^
  File "C:\Users\фыа\AppData\Local\Programs\Python\Python314\Lib\site-packages\anyio\_backends\_asyncio.py", line 2596, in run_sync_in_worker_thread
    return await future
           ^^^^^^^^^^^^
  File "C:\Users\фыа\AppData\Local\Programs\Python\Python314\Lib\site-packages\anyio\_backends\_asyncio.py", line 1029, in run
    result = context.run(func, *args)
  File "C:\Users\фыа\Documents\Obsidian Vault\Programs\JobMatrix\api\routes\notifications.py", line 24, in list_events
    q = q.filter(Event.read_at.is_(None))
  File "<string>", line 2, in filter
  File "C:\Users\фыа\AppData\Local\Programs\Python\Python314\Lib\site-packages\sqlalchemy\sql\base.py", line 284, in _generative
    x = fn(self, *args, **kw)
  File "<string>", line 2, in filter
  File "C:\Users\фыа\AppData\Local\Programs\Python\Python314\Lib\site-packages\sqlalchemy\orm\base.py", line 303, in generate
    assertion(self, fn.__name__)
    ~~~~~~~~~^^^^^^^^^^^^^^^^^^^
  File "C:\Users\фыа\AppData\Local\Programs\Python\Python314\Lib\site-packages\sqlalchemy\orm\query.py", line 444, in _no_limit_offset
    raise sa_exc.InvalidRequestError(
    ...<3 lines>...
    )
sqlalchemy.exc.InvalidRequestError: Query.filter() being called on a Query which already has LIMIT or OFFSET applied.  Call filter() before limit() or offset() are applied.
INFO:     127.0.0.1:57624 - "GET /api/vacancies HTTP/1.1" 200 OK
INFO:     127.0.0.1:56307 - "GET /api/notifications?unread=1 HTTP/1.1" 500 Internal Server Error
ERROR:    Exception in ASGI application
Traceback (most recent call last):
  File "C:\Users\фыа\AppData\Local\Programs\Python\Python314\Lib\site-packages\uvicorn\protocols\http\httptools_impl.py", line 422, in run_asgi
    result = await app(  # type: ignore[func-returns-value]
             ^^^^^^^^^^^^^^^^^^^^^^^^^^^^^^^^^^^^^^^^^^^^^^
        self.scope, self.receive, self.send
        ^^^^^^^^^^^^^^^^^^^^^^^^^^^^^^^^^^^
    )
    ^
  File "C:\Users\фыа\AppData\Local\Programs\Python\Python314\Lib\site-packages\uvicorn\middleware\proxy_headers.py", line 63, in __call__
    return await self.app(scope, receive, send)
           ^^^^^^^^^^^^^^^^^^^^^^^^^^^^^^^^^^^^
  File "C:\Users\фыа\AppData\Local\Programs\Python\Python314\Lib\site-packages\fastapi\applications.py", line 1163, in __call__
    await super().__call__(scope, receive, send)
  File "C:\Users\фыа\AppData\Local\Programs\Python\Python314\Lib\site-packages\starlette\applications.py", line 96, in __call__
    await self.middleware_stack(scope, receive, send)
  File "C:\Users\фыа\AppData\Local\Programs\Python\Python314\Lib\site-packages\starlette\middleware\errors.py", line 186, in __call__
    raise exc
  File "C:\Users\фыа\AppData\Local\Programs\Python\Python314\Lib\site-packages\starlette\middleware\errors.py", line 164, in __call__
    await self.app(scope, receive, _send)
  File "C:\Users\фыа\AppData\Local\Programs\Python\Python314\Lib\site-packages\starlette\middleware\cors.py", line 88, in __call__
    await self.app(scope, receive, send)
  File "C:\Users\фыа\AppData\Local\Programs\Python\Python314\Lib\site-packages\starlette\middleware\exceptions.py", line 63, in __call__
    await wrap_app_handling_exceptions(self.app, conn)(scope, receive, send)
  File "C:\Users\фыа\AppData\Local\Programs\Python\Python314\Lib\site-packages\starlette\_exception_handler.py", line 53, in wrapped_app
    raise exc
  File "C:\Users\фыа\AppData\Local\Programs\Python\Python314\Lib\site-packages\starlette\_exception_handler.py", line 42, in wrapped_app
    await app(scope, receive, sender)
  File "C:\Users\фыа\AppData\Local\Programs\Python\Python314\Lib\site-packages\fastapi\middleware\asyncexitstack.py", line 18, in __call__
    await self.app(scope, receive, send)
  File "C:\Users\фыа\AppData\Local\Programs\Python\Python314\Lib\site-packages\starlette\routing.py", line 670, in __call__
    await self.middleware_stack(scope, receive, send)
  File "C:\Users\фыа\AppData\Local\Programs\Python\Python314\Lib\site-packages\fastapi\routing.py", line 2734, in app
    await route.handle(scope, receive, send)
  File "C:\Users\фыа\AppData\Local\Programs\Python\Python314\Lib\site-packages\fastapi\routing.py", line 1780, in handle
    await self.original_router.handle(scope, receive, send)
  File "C:\Users\фыа\AppData\Local\Programs\Python\Python314\Lib\site-packages\fastapi\routing.py", line 2789, in handle
    await included_router._handle_selected(scope, receive, send)
  File "C:\Users\фыа\AppData\Local\Programs\Python\Python314\Lib\site-packages\fastapi\routing.py", line 1800, in _handle_selected
    await original_route.handle(scope, receive, send)
  File "C:\Users\фыа\AppData\Local\Programs\Python\Python314\Lib\site-packages\fastapi\routing.py", line 1279, in handle
    await app(scope, receive, send)
  File "C:\Users\фыа\AppData\Local\Programs\Python\Python314\Lib\site-packages\fastapi\routing.py", line 158, in app
    await wrap_app_handling_exceptions(app, request)(scope, receive, send)
  File "C:\Users\фыа\AppData\Local\Programs\Python\Python314\Lib\site-packages\starlette\_exception_handler.py", line 53, in wrapped_app
    raise exc
  File "C:\Users\фыа\AppData\Local\Programs\Python\Python314\Lib\site-packages\starlette\_exception_handler.py", line 42, in wrapped_app
    await app(scope, receive, sender)
  File "C:\Users\фыа\AppData\Local\Programs\Python\Python314\Lib\site-packages\fastapi\routing.py", line 144, in app
    response = await f(request)
               ^^^^^^^^^^^^^^^^
  File "C:\Users\фыа\AppData\Local\Programs\Python\Python314\Lib\site-packages\fastapi\routing.py", line 706, in app
    raw_response = await run_endpoint_function(
                   ^^^^^^^^^^^^^^^^^^^^^^^^^^^^
    ...<3 lines>...
    )
    ^
  File "C:\Users\фыа\AppData\Local\Programs\Python\Python314\Lib\site-packages\fastapi\routing.py", line 354, in run_endpoint_function
    return await run_in_threadpool(dependant.call, **values)
           ^^^^^^^^^^^^^^^^^^^^^^^^^^^^^^^^^^^^^^^^^^^^^^^^^
  File "C:\Users\фыа\AppData\Local\Programs\Python\Python314\Lib\site-packages\starlette\concurrency.py", line 34, in run_in_threadpool
    return await anyio.to_thread.run_sync(func)
           ^^^^^^^^^^^^^^^^^^^^^^^^^^^^^^^^^^^^
  File "C:\Users\фыа\AppData\Local\Programs\Python\Python314\Lib\site-packages\anyio\to_thread.py", line 63, in run_sync
    return await get_async_backend().run_sync_in_worker_thread(
           ^^^^^^^^^^^^^^^^^^^^^^^^^^^^^^^^^^^^^^^^^^^^^^^^^^^^
        func, args, abandon_on_cancel=abandon_on_cancel, limiter=limiter
        ^^^^^^^^^^^^^^^^^^^^^^^^^^^^^^^^^^^^^^^^^^^^^^^^^^^^^^^^^^^^^^^^
    )
    ^
  File "C:\Users\фыа\AppData\Local\Programs\Python\Python314\Lib\site-packages\anyio\_backends\_asyncio.py", line 2596, in run_sync_in_worker_thread
    return await future
           ^^^^^^^^^^^^
  File "C:\Users\фыа\AppData\Local\Programs\Python\Python314\Lib\site-packages\anyio\_backends\_asyncio.py", line 1029, in run
    result = context.run(func, *args)
  File "C:\Users\фыа\Documents\Obsidian Vault\Programs\JobMatrix\api\routes\notifications.py", line 24, in list_events
    q = q.filter(Event.read_at.is_(None))
  File "<string>", line 2, in filter
  File "C:\Users\фыа\AppData\Local\Programs\Python\Python314\Lib\site-packages\sqlalchemy\sql\base.py", line 284, in _generative
    x = fn(self, *args, **kw)
  File "<string>", line 2, in filter
  File "C:\Users\фыа\AppData\Local\Programs\Python\Python314\Lib\site-packages\sqlalchemy\orm\base.py", line 303, in generate
    assertion(self, fn.__name__)
    ~~~~~~~~~^^^^^^^^^^^^^^^^^^^
  File "C:\Users\фыа\AppData\Local\Programs\Python\Python314\Lib\site-packages\sqlalchemy\orm\query.py", line 444, in _no_limit_offset
    raise sa_exc.InvalidRequestError(
    ...<3 lines>...
    )
sqlalchemy.exc.InvalidRequestError: Query.filter() being called on a Query which already has LIMIT or OFFSET applied.  Call filter() before limit() or offset() are applied.
INFO:     127.0.0.1:49398 - "GET /api/vacancies HTTP/1.1" 200 OK
INFO:     127.0.0.1:60673 - "GET /api/notifications?unread=1 HTTP/1.1" 500 Internal Server Error
ERROR:    Exception in ASGI application
Traceback (most recent call last):
  File "C:\Users\фыа\AppData\Local\Programs\Python\Python314\Lib\site-packages\uvicorn\protocols\http\httptools_impl.py", line 422, in run_asgi
    result = await app(  # type: ignore[func-returns-value]
             ^^^^^^^^^^^^^^^^^^^^^^^^^^^^^^^^^^^^^^^^^^^^^^
        self.scope, self.receive, self.send
        ^^^^^^^^^^^^^^^^^^^^^^^^^^^^^^^^^^^
    )
    ^
  File "C:\Users\фыа\AppData\Local\Programs\Python\Python314\Lib\site-packages\uvicorn\middleware\proxy_headers.py", line 63, in __call__
    return await self.app(scope, receive, send)
           ^^^^^^^^^^^^^^^^^^^^^^^^^^^^^^^^^^^^
  File "C:\Users\фыа\AppData\Local\Programs\Python\Python314\Lib\site-packages\fastapi\applications.py", line 1163, in __call__
    await super().__call__(scope, receive, send)
  File "C:\Users\фыа\AppData\Local\Programs\Python\Python314\Lib\site-packages\starlette\applications.py", line 96, in __call__
    await self.middleware_stack(scope, receive, send)
  File "C:\Users\фыа\AppData\Local\Programs\Python\Python314\Lib\site-packages\starlette\middleware\errors.py", line 186, in __call__
    raise exc
  File "C:\Users\фыа\AppData\Local\Programs\Python\Python314\Lib\site-packages\starlette\middleware\errors.py", line 164, in __call__
    await self.app(scope, receive, _send)
  File "C:\Users\фыа\AppData\Local\Programs\Python\Python314\Lib\site-packages\starlette\middleware\cors.py", line 88, in __call__
    await self.app(scope, receive, send)
  File "C:\Users\фыа\AppData\Local\Programs\Python\Python314\Lib\site-packages\starlette\middleware\exceptions.py", line 63, in __call__
    await wrap_app_handling_exceptions(self.app, conn)(scope, receive, send)
  File "C:\Users\фыа\AppData\Local\Programs\Python\Python314\Lib\site-packages\starlette\_exception_handler.py", line 53, in wrapped_app
    raise exc
  File "C:\Users\фыа\AppData\Local\Programs\Python\Python314\Lib\site-packages\starlette\_exception_handler.py", line 42, in wrapped_app
    await app(scope, receive, sender)
  File "C:\Users\фыа\AppData\Local\Programs\Python\Python314\Lib\site-packages\fastapi\middleware\asyncexitstack.py", line 18, in __call__
    await self.app(scope, receive, send)
  File "C:\Users\фыа\AppData\Local\Programs\Python\Python314\Lib\site-packages\starlette\routing.py", line 670, in __call__
    await self.middleware_stack(scope, receive, send)
  File "C:\Users\фыа\AppData\Local\Programs\Python\Python314\Lib\site-packages\fastapi\routing.py", line 2734, in app
    await route.handle(scope, receive, send)
  File "C:\Users\фыа\AppData\Local\Programs\Python\Python314\Lib\site-packages\fastapi\routing.py", line 1780, in handle
    await self.original_router.handle(scope, receive, send)
  File "C:\Users\фыа\AppData\Local\Programs\Python\Python314\Lib\site-packages\fastapi\routing.py", line 2789, in handle
    await included_router._handle_selected(scope, receive, send)
  File "C:\Users\фыа\AppData\Local\Programs\Python\Python314\Lib\site-packages\fastapi\routing.py", line 1800, in _handle_selected
    await original_route.handle(scope, receive, send)
  File "C:\Users\фыа\AppData\Local\Programs\Python\Python314\Lib\site-packages\fastapi\routing.py", line 1279, in handle
    await app(scope, receive, send)
  File "C:\Users\фыа\AppData\Local\Programs\Python\Python314\Lib\site-packages\fastapi\routing.py", line 158, in app
    await wrap_app_handling_exceptions(app, request)(scope, receive, send)
  File "C:\Users\фыа\AppData\Local\Programs\Python\Python314\Lib\site-packages\starlette\_exception_handler.py", line 53, in wrapped_app
    raise exc
  File "C:\Users\фыа\AppData\Local\Programs\Python\Python314\Lib\site-packages\starlette\_exception_handler.py", line 42, in wrapped_app
    await app(scope, receive, sender)
  File "C:\Users\фыа\AppData\Local\Programs\Python\Python314\Lib\site-packages\fastapi\routing.py", line 144, in app
    response = await f(request)
               ^^^^^^^^^^^^^^^^
  File "C:\Users\фыа\AppData\Local\Programs\Python\Python314\Lib\site-packages\fastapi\routing.py", line 706, in app
    raw_response = await run_endpoint_function(
                   ^^^^^^^^^^^^^^^^^^^^^^^^^^^^
    ...<3 lines>...
    )
    ^
  File "C:\Users\фыа\AppData\Local\Programs\Python\Python314\Lib\site-packages\fastapi\routing.py", line 354, in run_endpoint_function
    return await run_in_threadpool(dependant.call, **values)
           ^^^^^^^^^^^^^^^^^^^^^^^^^^^^^^^^^^^^^^^^^^^^^^^^^
  File "C:\Users\фыа\AppData\Local\Programs\Python\Python314\Lib\site-packages\starlette\concurrency.py", line 34, in run_in_threadpool
    return await anyio.to_thread.run_sync(func)
           ^^^^^^^^^^^^^^^^^^^^^^^^^^^^^^^^^^^^
  File "C:\Users\фыа\AppData\Local\Programs\Python\Python314\Lib\site-packages\anyio\to_thread.py", line 63, in run_sync
    return await get_async_backend().run_sync_in_worker_thread(
           ^^^^^^^^^^^^^^^^^^^^^^^^^^^^^^^^^^^^^^^^^^^^^^^^^^^^
        func, args, abandon_on_cancel=abandon_on_cancel, limiter=limiter
        ^^^^^^^^^^^^^^^^^^^^^^^^^^^^^^^^^^^^^^^^^^^^^^^^^^^^^^^^^^^^^^^^
    )
    ^
  File "C:\Users\фыа\AppData\Local\Programs\Python\Python314\Lib\site-packages\anyio\_backends\_asyncio.py", line 2596, in run_sync_in_worker_thread
    return await future
           ^^^^^^^^^^^^
  File "C:\Users\фыа\AppData\Local\Programs\Python\Python314\Lib\site-packages\anyio\_backends\_asyncio.py", line 1029, in run
    result = context.run(func, *args)
  File "C:\Users\фыа\Documents\Obsidian Vault\Programs\JobMatrix\api\routes\notifications.py", line 24, in list_events
    q = q.filter(Event.read_at.is_(None))
  File "<string>", line 2, in filter
  File "C:\Users\фыа\AppData\Local\Programs\Python\Python314\Lib\site-packages\sqlalchemy\sql\base.py", line 284, in _generative
    x = fn(self, *args, **kw)
  File "<string>", line 2, in filter
  File "C:\Users\фыа\AppData\Local\Programs\Python\Python314\Lib\site-packages\sqlalchemy\orm\base.py", line 303, in generate
    assertion(self, fn.__name__)
    ~~~~~~~~~^^^^^^^^^^^^^^^^^^^
  File "C:\Users\фыа\AppData\Local\Programs\Python\Python314\Lib\site-packages\sqlalchemy\orm\query.py", line 444, in _no_limit_offset
    raise sa_exc.InvalidRequestError(
    ...<3 lines>...
    )
sqlalchemy.exc.InvalidRequestError: Query.filter() being called on a Query which already has LIMIT or OFFSET applied.  Call filter() before limit() or offset() are applied.
INFO:     127.0.0.1:52864 - "GET /api/vacancies HTTP/1.1" 200 OK
INFO:     127.0.0.1:59472 - "GET /api/notifications?unread=1 HTTP/1.1" 500 Internal Server Error
ERROR:    Exception in ASGI application
Traceback (most recent call last):
  File "C:\Users\фыа\AppData\Local\Programs\Python\Python314\Lib\site-packages\uvicorn\protocols\http\httptools_impl.py", line 422, in run_asgi
    result = await app(  # type: ignore[func-returns-value]
             ^^^^^^^^^^^^^^^^^^^^^^^^^^^^^^^^^^^^^^^^^^^^^^
        self.scope, self.receive, self.send
        ^^^^^^^^^^^^^^^^^^^^^^^^^^^^^^^^^^^
    )
    ^
  File "C:\Users\фыа\AppData\Local\Programs\Python\Python314\Lib\site-packages\uvicorn\middleware\proxy_headers.py", line 63, in __call__
    return await self.app(scope, receive, send)
           ^^^^^^^^^^^^^^^^^^^^^^^^^^^^^^^^^^^^
  File "C:\Users\фыа\AppData\Local\Programs\Python\Python314\Lib\site-packages\fastapi\applications.py", line 1163, in __call__
    await super().__call__(scope, receive, send)
  File "C:\Users\фыа\AppData\Local\Programs\Python\Python314\Lib\site-packages\starlette\applications.py", line 96, in __call__
    await self.middleware_stack(scope, receive, send)
  File "C:\Users\фыа\AppData\Local\Programs\Python\Python314\Lib\site-packages\starlette\middleware\errors.py", line 186, in __call__
    raise exc
  File "C:\Users\фыа\AppData\Local\Programs\Python\Python314\Lib\site-packages\starlette\middleware\errors.py", line 164, in __call__
    await self.app(scope, receive, _send)
  File "C:\Users\фыа\AppData\Local\Programs\Python\Python314\Lib\site-packages\starlette\middleware\cors.py", line 88, in __call__
    await self.app(scope, receive, send)
  File "C:\Users\фыа\AppData\Local\Programs\Python\Python314\Lib\site-packages\starlette\middleware\exceptions.py", line 63, in __call__
    await wrap_app_handling_exceptions(self.app, conn)(scope, receive, send)
  File "C:\Users\фыа\AppData\Local\Programs\Python\Python314\Lib\site-packages\starlette\_exception_handler.py", line 53, in wrapped_app
    raise exc
  File "C:\Users\фыа\AppData\Local\Programs\Python\Python314\Lib\site-packages\starlette\_exception_handler.py", line 42, in wrapped_app
    await app(scope, receive, sender)
  File "C:\Users\фыа\AppData\Local\Programs\Python\Python314\Lib\site-packages\fastapi\middleware\asyncexitstack.py", line 18, in __call__
    await self.app(scope, receive, send)
  File "C:\Users\фыа\AppData\Local\Programs\Python\Python314\Lib\site-packages\starlette\routing.py", line 670, in __call__
    await self.middleware_stack(scope, receive, send)
  File "C:\Users\фыа\AppData\Local\Programs\Python\Python314\Lib\site-packages\fastapi\routing.py", line 2734, in app
    await route.handle(scope, receive, send)
  File "C:\Users\фыа\AppData\Local\Programs\Python\Python314\Lib\site-packages\fastapi\routing.py", line 1780, in handle
    await self.original_router.handle(scope, receive, send)
  File "C:\Users\фыа\AppData\Local\Programs\Python\Python314\Lib\site-packages\fastapi\routing.py", line 2789, in handle
    await included_router._handle_selected(scope, receive, send)
  File "C:\Users\фыа\AppData\Local\Programs\Python\Python314\Lib\site-packages\fastapi\routing.py", line 1800, in _handle_selected
    await original_route.handle(scope, receive, send)
  File "C:\Users\фыа\AppData\Local\Programs\Python\Python314\Lib\site-packages\fastapi\routing.py", line 1279, in handle
    await app(scope, receive, send)
  File "C:\Users\фыа\AppData\Local\Programs\Python\Python314\Lib\site-packages\fastapi\routing.py", line 158, in app
    await wrap_app_handling_exceptions(app, request)(scope, receive, send)
  File "C:\Users\фыа\AppData\Local\Programs\Python\Python314\Lib\site-packages\starlette\_exception_handler.py", line 53, in wrapped_app
    raise exc
  File "C:\Users\фыа\AppData\Local\Programs\Python\Python314\Lib\site-packages\starlette\_exception_handler.py", line 42, in wrapped_app
    await app(scope, receive, sender)
  File "C:\Users\фыа\AppData\Local\Programs\Python\Python314\Lib\site-packages\fastapi\routing.py", line 144, in app
    response = await f(request)
               ^^^^^^^^^^^^^^^^
  File "C:\Users\фыа\AppData\Local\Programs\Python\Python314\Lib\site-packages\fastapi\routing.py", line 706, in app
    raw_response = await run_endpoint_function(
                   ^^^^^^^^^^^^^^^^^^^^^^^^^^^^
    ...<3 lines>...
    )
    ^
  File "C:\Users\фыа\AppData\Local\Programs\Python\Python314\Lib\site-packages\fastapi\routing.py", line 354, in run_endpoint_function
    return await run_in_threadpool(dependant.call, **values)
           ^^^^^^^^^^^^^^^^^^^^^^^^^^^^^^^^^^^^^^^^^^^^^^^^^
  File "C:\Users\фыа\AppData\Local\Programs\Python\Python314\Lib\site-packages\starlette\concurrency.py", line 34, in run_in_threadpool
    return await anyio.to_thread.run_sync(func)
           ^^^^^^^^^^^^^^^^^^^^^^^^^^^^^^^^^^^^
  File "C:\Users\фыа\AppData\Local\Programs\Python\Python314\Lib\site-packages\anyio\to_thread.py", line 63, in run_sync
    return await get_async_backend().run_sync_in_worker_thread(
           ^^^^^^^^^^^^^^^^^^^^^^^^^^^^^^^^^^^^^^^^^^^^^^^^^^^^
        func, args, abandon_on_cancel=abandon_on_cancel, limiter=limiter
        ^^^^^^^^^^^^^^^^^^^^^^^^^^^^^^^^^^^^^^^^^^^^^^^^^^^^^^^^^^^^^^^^
    )
    ^
  File "C:\Users\фыа\AppData\Local\Programs\Python\Python314\Lib\site-packages\anyio\_backends\_asyncio.py", line 2596, in run_sync_in_worker_thread
    return await future
           ^^^^^^^^^^^^
  File "C:\Users\фыа\AppData\Local\Programs\Python\Python314\Lib\site-packages\anyio\_backends\_asyncio.py", line 1029, in run
    result = context.run(func, *args)
  File "C:\Users\фыа\Documents\Obsidian Vault\Programs\JobMatrix\api\routes\notifications.py", line 24, in list_events
    q = q.filter(Event.read_at.is_(None))
  File "<string>", line 2, in filter
  File "C:\Users\фыа\AppData\Local\Programs\Python\Python314\Lib\site-packages\sqlalchemy\sql\base.py", line 284, in _generative
    x = fn(self, *args, **kw)
  File "<string>", line 2, in filter
  File "C:\Users\фыа\AppData\Local\Programs\Python\Python314\Lib\site-packages\sqlalchemy\orm\base.py", line 303, in generate
    assertion(self, fn.__name__)
    ~~~~~~~~~^^^^^^^^^^^^^^^^^^^
  File "C:\Users\фыа\AppData\Local\Programs\Python\Python314\Lib\site-packages\sqlalchemy\orm\query.py", line 444, in _no_limit_offset
    raise sa_exc.InvalidRequestError(
    ...<3 lines>...
    )
sqlalchemy.exc.InvalidRequestError: Query.filter() being called on a Query which already has LIMIT or OFFSET applied.  Call filter() before limit() or offset() are applied.
INFO:     127.0.0.1:52525 - "GET /api/vacancies HTTP/1.1" 200 OK
2026-08-19 07:55:40,906 INFO jobmatrix: Сбор: проверено 11, новых событий 6
INFO:     127.0.0.1:50072 - "GET /api/notifications?unread=1 HTTP/1.1" 500 Internal Server Error
ERROR:    Exception in ASGI application
Traceback (most recent call last):
  File "C:\Users\фыа\AppData\Local\Programs\Python\Python314\Lib\site-packages\uvicorn\protocols\http\httptools_impl.py", line 422, in run_asgi
    result = await app(  # type: ignore[func-returns-value]
             ^^^^^^^^^^^^^^^^^^^^^^^^^^^^^^^^^^^^^^^^^^^^^^
        self.scope, self.receive, self.send
        ^^^^^^^^^^^^^^^^^^^^^^^^^^^^^^^^^^^
    )
    ^
  File "C:\Users\фыа\AppData\Local\Programs\Python\Python314\Lib\site-packages\uvicorn\middleware\proxy_headers.py", line 63, in __call__
    return await self.app(scope, receive, send)
           ^^^^^^^^^^^^^^^^^^^^^^^^^^^^^^^^^^^^
  File "C:\Users\фыа\AppData\Local\Programs\Python\Python314\Lib\site-packages\fastapi\applications.py", line 1163, in __call__
    await super().__call__(scope, receive, send)
  File "C:\Users\фыа\AppData\Local\Programs\Python\Python314\Lib\site-packages\starlette\applications.py", line 96, in __call__
    await self.middleware_stack(scope, receive, send)
  File "C:\Users\фыа\AppData\Local\Programs\Python\Python314\Lib\site-packages\starlette\middleware\errors.py", line 186, in __call__
    raise exc
  File "C:\Users\фыа\AppData\Local\Programs\Python\Python314\Lib\site-packages\starlette\middleware\errors.py", line 164, in __call__
    await self.app(scope, receive, _send)
  File "C:\Users\фыа\AppData\Local\Programs\Python\Python314\Lib\site-packages\starlette\middleware\cors.py", line 88, in __call__
    await self.app(scope, receive, send)
  File "C:\Users\фыа\AppData\Local\Programs\Python\Python314\Lib\site-packages\starlette\middleware\exceptions.py", line 63, in __call__
    await wrap_app_handling_exceptions(self.app, conn)(scope, receive, send)
  File "C:\Users\фыа\AppData\Local\Programs\Python\Python314\Lib\site-packages\starlette\_exception_handler.py", line 53, in wrapped_app
    raise exc
  File "C:\Users\фыа\AppData\Local\Programs\Python\Python314\Lib\site-packages\starlette\_exception_handler.py", line 42, in wrapped_app
    await app(scope, receive, sender)
  File "C:\Users\фыа\AppData\Local\Programs\Python\Python314\Lib\site-packages\fastapi\middleware\asyncexitstack.py", line 18, in __call__
    await self.app(scope, receive, send)
  File "C:\Users\фыа\AppData\Local\Programs\Python\Python314\Lib\site-packages\starlette\routing.py", line 670, in __call__
    await self.middleware_stack(scope, receive, send)
  File "C:\Users\фыа\AppData\Local\Programs\Python\Python314\Lib\site-packages\fastapi\routing.py", line 2734, in app
    await route.handle(scope, receive, send)
  File "C:\Users\фыа\AppData\Local\Programs\Python\Python314\Lib\site-packages\fastapi\routing.py", line 1780, in handle
    await self.original_router.handle(scope, receive, send)
  File "C:\Users\фыа\AppData\Local\Programs\Python\Python314\Lib\site-packages\fastapi\routing.py", line 2789, in handle
    await included_router._handle_selected(scope, receive, send)
  File "C:\Users\фыа\AppData\Local\Programs\Python\Python314\Lib\site-packages\fastapi\routing.py", line 1800, in _handle_selected
    await original_route.handle(scope, receive, send)
  File "C:\Users\фыа\AppData\Local\Programs\Python\Python314\Lib\site-packages\fastapi\routing.py", line 1279, in handle
    await app(scope, receive, send)
  File "C:\Users\фыа\AppData\Local\Programs\Python\Python314\Lib\site-packages\fastapi\routing.py", line 158, in app
    await wrap_app_handling_exceptions(app, request)(scope, receive, send)
  File "C:\Users\фыа\AppData\Local\Programs\Python\Python314\Lib\site-packages\starlette\_exception_handler.py", line 53, in wrapped_app
    raise exc
  File "C:\Users\фыа\AppData\Local\Programs\Python\Python314\Lib\site-packages\starlette\_exception_handler.py", line 42, in wrapped_app
    await app(scope, receive, sender)
  File "C:\Users\фыа\AppData\Local\Programs\Python\Python314\Lib\site-packages\fastapi\routing.py", line 144, in app
    response = await f(request)
               ^^^^^^^^^^^^^^^^
  File "C:\Users\фыа\AppData\Local\Programs\Python\Python314\Lib\site-packages\fastapi\routing.py", line 706, in app
    raw_response = await run_endpoint_function(
                   ^^^^^^^^^^^^^^^^^^^^^^^^^^^^
    ...<3 lines>...
    )
    ^
  File "C:\Users\фыа\AppData\Local\Programs\Python\Python314\Lib\site-packages\fastapi\routing.py", line 354, in run_endpoint_function
    return await run_in_threadpool(dependant.call, **values)
           ^^^^^^^^^^^^^^^^^^^^^^^^^^^^^^^^^^^^^^^^^^^^^^^^^
  File "C:\Users\фыа\AppData\Local\Programs\Python\Python314\Lib\site-packages\starlette\concurrency.py", line 34, in run_in_threadpool
    return await anyio.to_thread.run_sync(func)
           ^^^^^^^^^^^^^^^^^^^^^^^^^^^^^^^^^^^^
  File "C:\Users\фыа\AppData\Local\Programs\Python\Python314\Lib\site-packages\anyio\to_thread.py", line 63, in run_sync
    return await get_async_backend().run_sync_in_worker_thread(
           ^^^^^^^^^^^^^^^^^^^^^^^^^^^^^^^^^^^^^^^^^^^^^^^^^^^^
        func, args, abandon_on_cancel=abandon_on_cancel, limiter=limiter
        ^^^^^^^^^^^^^^^^^^^^^^^^^^^^^^^^^^^^^^^^^^^^^^^^^^^^^^^^^^^^^^^^
    )
    ^
  File "C:\Users\фыа\AppData\Local\Programs\Python\Python314\Lib\site-packages\anyio\_backends\_asyncio.py", line 2596, in run_sync_in_worker_thread
    return await future
           ^^^^^^^^^^^^
  File "C:\Users\фыа\AppData\Local\Programs\Python\Python314\Lib\site-packages\anyio\_backends\_asyncio.py", line 1029, in run
    result = context.run(func, *args)
  File "C:\Users\фыа\Documents\Obsidian Vault\Programs\JobMatrix\api\routes\notifications.py", line 24, in list_events
    q = q.filter(Event.read_at.is_(None))
  File "<string>", line 2, in filter
  File "C:\Users\фыа\AppData\Local\Programs\Python\Python314\Lib\site-packages\sqlalchemy\sql\base.py", line 284, in _generative
    x = fn(self, *args, **kw)
  File "<string>", line 2, in filter
  File "C:\Users\фыа\AppData\Local\Programs\Python\Python314\Lib\site-packages\sqlalchemy\orm\base.py", line 303, in generate
    assertion(self, fn.__name__)
    ~~~~~~~~~^^^^^^^^^^^^^^^^^^^
  File "C:\Users\фыа\AppData\Local\Programs\Python\Python314\Lib\site-packages\sqlalchemy\orm\query.py", line 444, in _no_limit_offset
    raise sa_exc.InvalidRequestError(
    ...<3 lines>...
    )
sqlalchemy.exc.InvalidRequestError: Query.filter() being called on a Query which already has LIMIT or OFFSET applied.  Call filter() before limit() or offset() are applied.
INFO:     127.0.0.1:65213 - "GET /api/vacancies HTTP/1.1" 200 OK
INFO:     127.0.0.1:55914 - "GET /api/notifications?unread=1 HTTP/1.1" 500 Internal Server Error
ERROR:    Exception in ASGI application
Traceback (most recent call last):
  File "C:\Users\фыа\AppData\Local\Programs\Python\Python314\Lib\site-packages\uvicorn\protocols\http\httptools_impl.py", line 422, in run_asgi
    result = await app(  # type: ignore[func-returns-value]
             ^^^^^^^^^^^^^^^^^^^^^^^^^^^^^^^^^^^^^^^^^^^^^^
        self.scope, self.receive, self.send
        ^^^^^^^^^^^^^^^^^^^^^^^^^^^^^^^^^^^
    )
    ^
  File "C:\Users\фыа\AppData\Local\Programs\Python\Python314\Lib\site-packages\uvicorn\middleware\proxy_headers.py", line 63, in __call__
    return await self.app(scope, receive, send)
           ^^^^^^^^^^^^^^^^^^^^^^^^^^^^^^^^^^^^
  File "C:\Users\фыа\AppData\Local\Programs\Python\Python314\Lib\site-packages\fastapi\applications.py", line 1163, in __call__
    await super().__call__(scope, receive, send)
  File "C:\Users\фыа\AppData\Local\Programs\Python\Python314\Lib\site-packages\starlette\applications.py", line 96, in __call__
    await self.middleware_stack(scope, receive, send)
  File "C:\Users\фыа\AppData\Local\Programs\Python\Python314\Lib\site-packages\starlette\middleware\errors.py", line 186, in __call__
    raise exc
  File "C:\Users\фыа\AppData\Local\Programs\Python\Python314\Lib\site-packages\starlette\middleware\errors.py", line 164, in __call__
    await self.app(scope, receive, _send)
  File "C:\Users\фыа\AppData\Local\Programs\Python\Python314\Lib\site-packages\starlette\middleware\cors.py", line 88, in __call__
    await self.app(scope, receive, send)
  File "C:\Users\фыа\AppData\Local\Programs\Python\Python314\Lib\site-packages\starlette\middleware\exceptions.py", line 63, in __call__
    await wrap_app_handling_exceptions(self.app, conn)(scope, receive, send)
  File "C:\Users\фыа\AppData\Local\Programs\Python\Python314\Lib\site-packages\starlette\_exception_handler.py", line 53, in wrapped_app
    raise exc
  File "C:\Users\фыа\AppData\Local\Programs\Python\Python314\Lib\site-packages\starlette\_exception_handler.py", line 42, in wrapped_app
    await app(scope, receive, sender)
  File "C:\Users\фыа\AppData\Local\Programs\Python\Python314\Lib\site-packages\fastapi\middleware\asyncexitstack.py", line 18, in __call__
    await self.app(scope, receive, send)
  File "C:\Users\фыа\AppData\Local\Programs\Python\Python314\Lib\site-packages\starlette\routing.py", line 670, in __call__
    await self.middleware_stack(scope, receive, send)
  File "C:\Users\фыа\AppData\Local\Programs\Python\Python314\Lib\site-packages\fastapi\routing.py", line 2734, in app
    await route.handle(scope, receive, send)
  File "C:\Users\фыа\AppData\Local\Programs\Python\Python314\Lib\site-packages\fastapi\routing.py", line 1780, in handle
    await self.original_router.handle(scope, receive, send)
  File "C:\Users\фыа\AppData\Local\Programs\Python\Python314\Lib\site-packages\fastapi\routing.py", line 2789, in handle
    await included_router._handle_selected(scope, receive, send)
  File "C:\Users\фыа\AppData\Local\Programs\Python\Python314\Lib\site-packages\fastapi\routing.py", line 1800, in _handle_selected
    await original_route.handle(scope, receive, send)
  File "C:\Users\фыа\AppData\Local\Programs\Python\Python314\Lib\site-packages\fastapi\routing.py", line 1279, in handle
    await app(scope, receive, send)
  File "C:\Users\фыа\AppData\Local\Programs\Python\Python314\Lib\site-packages\fastapi\routing.py", line 158, in app
    await wrap_app_handling_exceptions(app, request)(scope, receive, send)
  File "C:\Users\фыа\AppData\Local\Programs\Python\Python314\Lib\site-packages\starlette\_exception_handler.py", line 53, in wrapped_app
    raise exc
  File "C:\Users\фыа\AppData\Local\Programs\Python\Python314\Lib\site-packages\starlette\_exception_handler.py", line 42, in wrapped_app
    await app(scope, receive, sender)
  File "C:\Users\фыа\AppData\Local\Programs\Python\Python314\Lib\site-packages\fastapi\routing.py", line 144, in app
    response = await f(request)
               ^^^^^^^^^^^^^^^^
  File "C:\Users\фыа\AppData\Local\Programs\Python\Python314\Lib\site-packages\fastapi\routing.py", line 706, in app
    raw_response = await run_endpoint_function(
                   ^^^^^^^^^^^^^^^^^^^^^^^^^^^^
    ...<3 lines>...
    )
    ^
  File "C:\Users\фыа\AppData\Local\Programs\Python\Python314\Lib\site-packages\fastapi\routing.py", line 354, in run_endpoint_function
    return await run_in_threadpool(dependant.call, **values)
           ^^^^^^^^^^^^^^^^^^^^^^^^^^^^^^^^^^^^^^^^^^^^^^^^^
  File "C:\Users\фыа\AppData\Local\Programs\Python\Python314\Lib\site-packages\starlette\concurrency.py", line 34, in run_in_threadpool
    return await anyio.to_thread.run_sync(func)
           ^^^^^^^^^^^^^^^^^^^^^^^^^^^^^^^^^^^^
  File "C:\Users\фыа\AppData\Local\Programs\Python\Python314\Lib\site-packages\anyio\to_thread.py", line 63, in run_sync
    return await get_async_backend().run_sync_in_worker_thread(
           ^^^^^^^^^^^^^^^^^^^^^^^^^^^^^^^^^^^^^^^^^^^^^^^^^^^^
        func, args, abandon_on_cancel=abandon_on_cancel, limiter=limiter
        ^^^^^^^^^^^^^^^^^^^^^^^^^^^^^^^^^^^^^^^^^^^^^^^^^^^^^^^^^^^^^^^^
    )
    ^
  File "C:\Users\фыа\AppData\Local\Programs\Python\Python314\Lib\site-packages\anyio\_backends\_asyncio.py", line 2596, in run_sync_in_worker_thread
    return await future
           ^^^^^^^^^^^^
  File "C:\Users\фыа\AppData\Local\Programs\Python\Python314\Lib\site-packages\anyio\_backends\_asyncio.py", line 1029, in run
    result = context.run(func, *args)
  File "C:\Users\фыа\Documents\Obsidian Vault\Programs\JobMatrix\api\routes\notifications.py", line 24, in list_events
    q = q.filter(Event.read_at.is_(None))
  File "<string>", line 2, in filter
  File "C:\Users\фыа\AppData\Local\Programs\Python\Python314\Lib\site-packages\sqlalchemy\sql\base.py", line 284, in _generative
    x = fn(self, *args, **kw)
  File "<string>", line 2, in filter
  File "C:\Users\фыа\AppData\Local\Programs\Python\Python314\Lib\site-packages\sqlalchemy\orm\base.py", line 303, in generate
    assertion(self, fn.__name__)
    ~~~~~~~~~^^^^^^^^^^^^^^^^^^^
  File "C:\Users\фыа\AppData\Local\Programs\Python\Python314\Lib\site-packages\sqlalchemy\orm\query.py", line 444, in _no_limit_offset
    raise sa_exc.InvalidRequestError(
    ...<3 lines>...
    )
sqlalchemy.exc.InvalidRequestError: Query.filter() being called on a Query which already has LIMIT or OFFSET applied.  Call filter() before limit() or offset() are applied.
INFO:     127.0.0.1:57400 - "GET /api/vacancies HTTP/1.1" 200 OK
INFO:     127.0.0.1:65213 - "GET /api/notifications?unread=1 HTTP/1.1" 500 Internal Server Error
ERROR:    Exception in ASGI application
Traceback (most recent call last):
  File "C:\Users\фыа\AppData\Local\Programs\Python\Python314\Lib\site-packages\uvicorn\protocols\http\httptools_impl.py", line 422, in run_asgi
    result = await app(  # type: ignore[func-returns-value]
             ^^^^^^^^^^^^^^^^^^^^^^^^^^^^^^^^^^^^^^^^^^^^^^
        self.scope, self.receive, self.send
        ^^^^^^^^^^^^^^^^^^^^^^^^^^^^^^^^^^^
    )
    ^
  File "C:\Users\фыа\AppData\Local\Programs\Python\Python314\Lib\site-packages\uvicorn\middleware\proxy_headers.py", line 63, in __call__
    return await self.app(scope, receive, send)
           ^^^^^^^^^^^^^^^^^^^^^^^^^^^^^^^^^^^^
  File "C:\Users\фыа\AppData\Local\Programs\Python\Python314\Lib\site-packages\fastapi\applications.py", line 1163, in __call__
    await super().__call__(scope, receive, send)
  File "C:\Users\фыа\AppData\Local\Programs\Python\Python314\Lib\site-packages\starlette\applications.py", line 96, in __call__
    await self.middleware_stack(scope, receive, send)
  File "C:\Users\фыа\AppData\Local\Programs\Python\Python314\Lib\site-packages\starlette\middleware\errors.py", line 186, in __call__
    raise exc
  File "C:\Users\фыа\AppData\Local\Programs\Python\Python314\Lib\site-packages\starlette\middleware\errors.py", line 164, in __call__
    await self.app(scope, receive, _send)
  File "C:\Users\фыа\AppData\Local\Programs\Python\Python314\Lib\site-packages\starlette\middleware\cors.py", line 88, in __call__
    await self.app(scope, receive, send)
  File "C:\Users\фыа\AppData\Local\Programs\Python\Python314\Lib\site-packages\starlette\middleware\exceptions.py", line 63, in __call__
    await wrap_app_handling_exceptions(self.app, conn)(scope, receive, send)
  File "C:\Users\фыа\AppData\Local\Programs\Python\Python314\Lib\site-packages\starlette\_exception_handler.py", line 53, in wrapped_app
    raise exc
  File "C:\Users\фыа\AppData\Local\Programs\Python\Python314\Lib\site-packages\starlette\_exception_handler.py", line 42, in wrapped_app
    await app(scope, receive, sender)
  File "C:\Users\фыа\AppData\Local\Programs\Python\Python314\Lib\site-packages\fastapi\middleware\asyncexitstack.py", line 18, in __call__
    await self.app(scope, receive, send)
  File "C:\Users\фыа\AppData\Local\Programs\Python\Python314\Lib\site-packages\starlette\routing.py", line 670, in __call__
    await self.middleware_stack(scope, receive, send)
  File "C:\Users\фыа\AppData\Local\Programs\Python\Python314\Lib\site-packages\fastapi\routing.py", line 2734, in app
    await route.handle(scope, receive, send)
  File "C:\Users\фыа\AppData\Local\Programs\Python\Python314\Lib\site-packages\fastapi\routing.py", line 1780, in handle
    await self.original_router.handle(scope, receive, send)
  File "C:\Users\фыа\AppData\Local\Programs\Python\Python314\Lib\site-packages\fastapi\routing.py", line 2789, in handle
    await included_router._handle_selected(scope, receive, send)
  File "C:\Users\фыа\AppData\Local\Programs\Python\Python314\Lib\site-packages\fastapi\routing.py", line 1800, in _handle_selected
    await original_route.handle(scope, receive, send)
  File "C:\Users\фыа\AppData\Local\Programs\Python\Python314\Lib\site-packages\fastapi\routing.py", line 1279, in handle
    await app(scope, receive, send)
  File "C:\Users\фыа\AppData\Local\Programs\Python\Python314\Lib\site-packages\fastapi\routing.py", line 158, in app
    await wrap_app_handling_exceptions(app, request)(scope, receive, send)
  File "C:\Users\фыа\AppData\Local\Programs\Python\Python314\Lib\site-packages\starlette\_exception_handler.py", line 53, in wrapped_app
    raise exc
  File "C:\Users\фыа\AppData\Local\Programs\Python\Python314\Lib\site-packages\starlette\_exception_handler.py", line 42, in wrapped_app
    await app(scope, receive, sender)
  File "C:\Users\фыа\AppData\Local\Programs\Python\Python314\Lib\site-packages\fastapi\routing.py", line 144, in app
    response = await f(request)
               ^^^^^^^^^^^^^^^^
  File "C:\Users\фыа\AppData\Local\Programs\Python\Python314\Lib\site-packages\fastapi\routing.py", line 706, in app
    raw_response = await run_endpoint_function(
                   ^^^^^^^^^^^^^^^^^^^^^^^^^^^^
    ...<3 lines>...
    )
    ^
  File "C:\Users\фыа\AppData\Local\Programs\Python\Python314\Lib\site-packages\fastapi\routing.py", line 354, in run_endpoint_function
    return await run_in_threadpool(dependant.call, **values)
           ^^^^^^^^^^^^^^^^^^^^^^^^^^^^^^^^^^^^^^^^^^^^^^^^^
  File "C:\Users\фыа\AppData\Local\Programs\Python\Python314\Lib\site-packages\starlette\concurrency.py", line 34, in run_in_threadpool
    return await anyio.to_thread.run_sync(func)
           ^^^^^^^^^^^^^^^^^^^^^^^^^^^^^^^^^^^^
  File "C:\Users\фыа\AppData\Local\Programs\Python\Python314\Lib\site-packages\anyio\to_thread.py", line 63, in run_sync
    return await get_async_backend().run_sync_in_worker_thread(
           ^^^^^^^^^^^^^^^^^^^^^^^^^^^^^^^^^^^^^^^^^^^^^^^^^^^^
        func, args, abandon_on_cancel=abandon_on_cancel, limiter=limiter
        ^^^^^^^^^^^^^^^^^^^^^^^^^^^^^^^^^^^^^^^^^^^^^^^^^^^^^^^^^^^^^^^^
    )
    ^
  File "C:\Users\фыа\AppData\Local\Programs\Python\Python314\Lib\site-packages\anyio\_backends\_asyncio.py", line 2596, in run_sync_in_worker_thread
    return await future
           ^^^^^^^^^^^^
  File "C:\Users\фыа\AppData\Local\Programs\Python\Python314\Lib\site-packages\anyio\_backends\_asyncio.py", line 1029, in run
    result = context.run(func, *args)
  File "C:\Users\фыа\Documents\Obsidian Vault\Programs\JobMatrix\api\routes\notifications.py", line 24, in list_events
    q = q.filter(Event.read_at.is_(None))
  File "<string>", line 2, in filter
  File "C:\Users\фыа\AppData\Local\Programs\Python\Python314\Lib\site-packages\sqlalchemy\sql\base.py", line 284, in _generative
    x = fn(self, *args, **kw)
  File "<string>", line 2, in filter
  File "C:\Users\фыа\AppData\Local\Programs\Python\Python314\Lib\site-packages\sqlalchemy\orm\base.py", line 303, in generate
    assertion(self, fn.__name__)
    ~~~~~~~~~^^^^^^^^^^^^^^^^^^^
  File "C:\Users\фыа\AppData\Local\Programs\Python\Python314\Lib\site-packages\sqlalchemy\orm\query.py", line 444, in _no_limit_offset
    raise sa_exc.InvalidRequestError(
    ...<3 lines>...
    )
sqlalchemy.exc.InvalidRequestError: Query.filter() being called on a Query which already has LIMIT or OFFSET applied.  Call filter() before limit() or offset() are applied.
INFO:     127.0.0.1:49843 - "GET /api/vacancies HTTP/1.1" 200 OK
INFO:     127.0.0.1:57400 - "GET /api/notifications?unread=1 HTTP/1.1" 500 Internal Server Error
ERROR:    Exception in ASGI application
Traceback (most recent call last):
  File "C:\Users\фыа\AppData\Local\Programs\Python\Python314\Lib\site-packages\uvicorn\protocols\http\httptools_impl.py", line 422, in run_asgi
    result = await app(  # type: ignore[func-returns-value]
             ^^^^^^^^^^^^^^^^^^^^^^^^^^^^^^^^^^^^^^^^^^^^^^
        self.scope, self.receive, self.send
        ^^^^^^^^^^^^^^^^^^^^^^^^^^^^^^^^^^^
    )
    ^
  File "C:\Users\фыа\AppData\Local\Programs\Python\Python314\Lib\site-packages\uvicorn\middleware\proxy_headers.py", line 63, in __call__
    return await self.app(scope, receive, send)
           ^^^^^^^^^^^^^^^^^^^^^^^^^^^^^^^^^^^^
  File "C:\Users\фыа\AppData\Local\Programs\Python\Python314\Lib\site-packages\fastapi\applications.py", line 1163, in __call__
    await super().__call__(scope, receive, send)
  File "C:\Users\фыа\AppData\Local\Programs\Python\Python314\Lib\site-packages\starlette\applications.py", line 96, in __call__
    await self.middleware_stack(scope, receive, send)
  File "C:\Users\фыа\AppData\Local\Programs\Python\Python314\Lib\site-packages\starlette\middleware\errors.py", line 186, in __call__
    raise exc
  File "C:\Users\фыа\AppData\Local\Programs\Python\Python314\Lib\site-packages\starlette\middleware\errors.py", line 164, in __call__
    await self.app(scope, receive, _send)
  File "C:\Users\фыа\AppData\Local\Programs\Python\Python314\Lib\site-packages\starlette\middleware\cors.py", line 88, in __call__
    await self.app(scope, receive, send)
  File "C:\Users\фыа\AppData\Local\Programs\Python\Python314\Lib\site-packages\starlette\middleware\exceptions.py", line 63, in __call__
    await wrap_app_handling_exceptions(self.app, conn)(scope, receive, send)
  File "C:\Users\фыа\AppData\Local\Programs\Python\Python314\Lib\site-packages\starlette\_exception_handler.py", line 53, in wrapped_app
    raise exc
  File "C:\Users\фыа\AppData\Local\Programs\Python\Python314\Lib\site-packages\starlette\_exception_handler.py", line 42, in wrapped_app
    await app(scope, receive, sender)
  File "C:\Users\фыа\AppData\Local\Programs\Python\Python314\Lib\site-packages\fastapi\middleware\asyncexitstack.py", line 18, in __call__
    await self.app(scope, receive, send)
  File "C:\Users\фыа\AppData\Local\Programs\Python\Python314\Lib\site-packages\starlette\routing.py", line 670, in __call__
    await self.middleware_stack(scope, receive, send)
  File "C:\Users\фыа\AppData\Local\Programs\Python\Python314\Lib\site-packages\fastapi\routing.py", line 2734, in app
    await route.handle(scope, receive, send)
  File "C:\Users\фыа\AppData\Local\Programs\Python\Python314\Lib\site-packages\fastapi\routing.py", line 1780, in handle
    await self.original_router.handle(scope, receive, send)
  File "C:\Users\фыа\AppData\Local\Programs\Python\Python314\Lib\site-packages\fastapi\routing.py", line 2789, in handle
    await included_router._handle_selected(scope, receive, send)
  File "C:\Users\фыа\AppData\Local\Programs\Python\Python314\Lib\site-packages\fastapi\routing.py", line 1800, in _handle_selected
    await original_route.handle(scope, receive, send)
  File "C:\Users\фыа\AppData\Local\Programs\Python\Python314\Lib\site-packages\fastapi\routing.py", line 1279, in handle
    await app(scope, receive, send)
  File "C:\Users\фыа\AppData\Local\Programs\Python\Python314\Lib\site-packages\fastapi\routing.py", line 158, in app
    await wrap_app_handling_exceptions(app, request)(scope, receive, send)
  File "C:\Users\фыа\AppData\Local\Programs\Python\Python314\Lib\site-packages\starlette\_exception_handler.py", line 53, in wrapped_app
    raise exc
  File "C:\Users\фыа\AppData\Local\Programs\Python\Python314\Lib\site-packages\starlette\_exception_handler.py", line 42, in wrapped_app
    await app(scope, receive, sender)
  File "C:\Users\фыа\AppData\Local\Programs\Python\Python314\Lib\site-packages\fastapi\routing.py", line 144, in app
    response = await f(request)
               ^^^^^^^^^^^^^^^^
  File "C:\Users\фыа\AppData\Local\Programs\Python\Python314\Lib\site-packages\fastapi\routing.py", line 706, in app
    raw_response = await run_endpoint_function(
                   ^^^^^^^^^^^^^^^^^^^^^^^^^^^^
    ...<3 lines>...
    )
    ^
  File "C:\Users\фыа\AppData\Local\Programs\Python\Python314\Lib\site-packages\fastapi\routing.py", line 354, in run_endpoint_function
    return await run_in_threadpool(dependant.call, **values)
           ^^^^^^^^^^^^^^^^^^^^^^^^^^^^^^^^^^^^^^^^^^^^^^^^^
  File "C:\Users\фыа\AppData\Local\Programs\Python\Python314\Lib\site-packages\starlette\concurrency.py", line 34, in run_in_threadpool
    return await anyio.to_thread.run_sync(func)
           ^^^^^^^^^^^^^^^^^^^^^^^^^^^^^^^^^^^^
  File "C:\Users\фыа\AppData\Local\Programs\Python\Python314\Lib\site-packages\anyio\to_thread.py", line 63, in run_sync
    return await get_async_backend().run_sync_in_worker_thread(
           ^^^^^^^^^^^^^^^^^^^^^^^^^^^^^^^^^^^^^^^^^^^^^^^^^^^^
        func, args, abandon_on_cancel=abandon_on_cancel, limiter=limiter
        ^^^^^^^^^^^^^^^^^^^^^^^^^^^^^^^^^^^^^^^^^^^^^^^^^^^^^^^^^^^^^^^^
    )
    ^
  File "C:\Users\фыа\AppData\Local\Programs\Python\Python314\Lib\site-packages\anyio\_backends\_asyncio.py", line 2596, in run_sync_in_worker_thread
    return await future
           ^^^^^^^^^^^^
  File "C:\Users\фыа\AppData\Local\Programs\Python\Python314\Lib\site-packages\anyio\_backends\_asyncio.py", line 1029, in run
    result = context.run(func, *args)
  File "C:\Users\фыа\Documents\Obsidian Vault\Programs\JobMatrix\api\routes\notifications.py", line 24, in list_events
    q = q.filter(Event.read_at.is_(None))
  File "<string>", line 2, in filter
  File "C:\Users\фыа\AppData\Local\Programs\Python\Python314\Lib\site-packages\sqlalchemy\sql\base.py", line 284, in _generative
    x = fn(self, *args, **kw)
  File "<string>", line 2, in filter
  File "C:\Users\фыа\AppData\Local\Programs\Python\Python314\Lib\site-packages\sqlalchemy\orm\base.py", line 303, in generate
    assertion(self, fn.__name__)
    ~~~~~~~~~^^^^^^^^^^^^^^^^^^^
  File "C:\Users\фыа\AppData\Local\Programs\Python\Python314\Lib\site-packages\sqlalchemy\orm\query.py", line 444, in _no_limit_offset
    raise sa_exc.InvalidRequestError(
    ...<3 lines>...
    )
sqlalchemy.exc.InvalidRequestError: Query.filter() being called on a Query which already has LIMIT or OFFSET applied.  Call filter() before limit() or offset() are applied.
INFO:     127.0.0.1:63355 - "GET /api/vacancies HTTP/1.1" 200 OK
INFO:     127.0.0.1:49843 - "GET /api/notifications?unread=1 HTTP/1.1" 500 Internal Server Error
ERROR:    Exception in ASGI application
Traceback (most recent call last):
  File "C:\Users\фыа\AppData\Local\Programs\Python\Python314\Lib\site-packages\uvicorn\protocols\http\httptools_impl.py", line 422, in run_asgi
    result = await app(  # type: ignore[func-returns-value]
             ^^^^^^^^^^^^^^^^^^^^^^^^^^^^^^^^^^^^^^^^^^^^^^
        self.scope, self.receive, self.send
        ^^^^^^^^^^^^^^^^^^^^^^^^^^^^^^^^^^^
    )
    ^
  File "C:\Users\фыа\AppData\Local\Programs\Python\Python314\Lib\site-packages\uvicorn\middleware\proxy_headers.py", line 63, in __call__
    return await self.app(scope, receive, send)
           ^^^^^^^^^^^^^^^^^^^^^^^^^^^^^^^^^^^^
  File "C:\Users\фыа\AppData\Local\Programs\Python\Python314\Lib\site-packages\fastapi\applications.py", line 1163, in __call__
    await super().__call__(scope, receive, send)
  File "C:\Users\фыа\AppData\Local\Programs\Python\Python314\Lib\site-packages\starlette\applications.py", line 96, in __call__
    await self.middleware_stack(scope, receive, send)
  File "C:\Users\фыа\AppData\Local\Programs\Python\Python314\Lib\site-packages\starlette\middleware\errors.py", line 186, in __call__
    raise exc
  File "C:\Users\фыа\AppData\Local\Programs\Python\Python314\Lib\site-packages\starlette\middleware\errors.py", line 164, in __call__
    await self.app(scope, receive, _send)
  File "C:\Users\фыа\AppData\Local\Programs\Python\Python314\Lib\site-packages\starlette\middleware\cors.py", line 88, in __call__
    await self.app(scope, receive, send)
  File "C:\Users\фыа\AppData\Local\Programs\Python\Python314\Lib\site-packages\starlette\middleware\exceptions.py", line 63, in __call__
    await wrap_app_handling_exceptions(self.app, conn)(scope, receive, send)
  File "C:\Users\фыа\AppData\Local\Programs\Python\Python314\Lib\site-packages\starlette\_exception_handler.py", line 53, in wrapped_app
    raise exc
  File "C:\Users\фыа\AppData\Local\Programs\Python\Python314\Lib\site-packages\starlette\_exception_handler.py", line 42, in wrapped_app
    await app(scope, receive, sender)
  File "C:\Users\фыа\AppData\Local\Programs\Python\Python314\Lib\site-packages\fastapi\middleware\asyncexitstack.py", line 18, in __call__
    await self.app(scope, receive, send)
  File "C:\Users\фыа\AppData\Local\Programs\Python\Python314\Lib\site-packages\starlette\routing.py", line 670, in __call__
    await self.middleware_stack(scope, receive, send)
  File "C:\Users\фыа\AppData\Local\Programs\Python\Python314\Lib\site-packages\fastapi\routing.py", line 2734, in app
    await route.handle(scope, receive, send)
  File "C:\Users\фыа\AppData\Local\Programs\Python\Python314\Lib\site-packages\fastapi\routing.py", line 1780, in handle
    await self.original_router.handle(scope, receive, send)
  File "C:\Users\фыа\AppData\Local\Programs\Python\Python314\Lib\site-packages\fastapi\routing.py", line 2789, in handle
    await included_router._handle_selected(scope, receive, send)
  File "C:\Users\фыа\AppData\Local\Programs\Python\Python314\Lib\site-packages\fastapi\routing.py", line 1800, in _handle_selected
    await original_route.handle(scope, receive, send)
  File "C:\Users\фыа\AppData\Local\Programs\Python\Python314\Lib\site-packages\fastapi\routing.py", line 1279, in handle
    await app(scope, receive, send)
  File "C:\Users\фыа\AppData\Local\Programs\Python\Python314\Lib\site-packages\fastapi\routing.py", line 158, in app
    await wrap_app_handling_exceptions(app, request)(scope, receive, send)
  File "C:\Users\фыа\AppData\Local\Programs\Python\Python314\Lib\site-packages\starlette\_exception_handler.py", line 53, in wrapped_app
    raise exc
  File "C:\Users\фыа\AppData\Local\Programs\Python\Python314\Lib\site-packages\starlette\_exception_handler.py", line 42, in wrapped_app
    await app(scope, receive, sender)
  File "C:\Users\фыа\AppData\Local\Programs\Python\Python314\Lib\site-packages\fastapi\routing.py", line 144, in app
    response = await f(request)
               ^^^^^^^^^^^^^^^^
  File "C:\Users\фыа\AppData\Local\Programs\Python\Python314\Lib\site-packages\fastapi\routing.py", line 706, in app
    raw_response = await run_endpoint_function(
                   ^^^^^^^^^^^^^^^^^^^^^^^^^^^^
    ...<3 lines>...
    )
    ^
  File "C:\Users\фыа\AppData\Local\Programs\Python\Python314\Lib\site-packages\fastapi\routing.py", line 354, in run_endpoint_function
    return await run_in_threadpool(dependant.call, **values)
           ^^^^^^^^^^^^^^^^^^^^^^^^^^^^^^^^^^^^^^^^^^^^^^^^^
  File "C:\Users\фыа\AppData\Local\Programs\Python\Python314\Lib\site-packages\starlette\concurrency.py", line 34, in run_in_threadpool
    return await anyio.to_thread.run_sync(func)
           ^^^^^^^^^^^^^^^^^^^^^^^^^^^^^^^^^^^^
  File "C:\Users\фыа\AppData\Local\Programs\Python\Python314\Lib\site-packages\anyio\to_thread.py", line 63, in run_sync
    return await get_async_backend().run_sync_in_worker_thread(
           ^^^^^^^^^^^^^^^^^^^^^^^^^^^^^^^^^^^^^^^^^^^^^^^^^^^^
        func, args, abandon_on_cancel=abandon_on_cancel, limiter=limiter
        ^^^^^^^^^^^^^^^^^^^^^^^^^^^^^^^^^^^^^^^^^^^^^^^^^^^^^^^^^^^^^^^^
    )
    ^
  File "C:\Users\фыа\AppData\Local\Programs\Python\Python314\Lib\site-packages\anyio\_backends\_asyncio.py", line 2596, in run_sync_in_worker_thread
    return await future
           ^^^^^^^^^^^^
  File "C:\Users\фыа\AppData\Local\Programs\Python\Python314\Lib\site-packages\anyio\_backends\_asyncio.py", line 1029, in run
    result = context.run(func, *args)
  File "C:\Users\фыа\Documents\Obsidian Vault\Programs\JobMatrix\api\routes\notifications.py", line 24, in list_events
    q = q.filter(Event.read_at.is_(None))
  File "<string>", line 2, in filter
  File "C:\Users\фыа\AppData\Local\Programs\Python\Python314\Lib\site-packages\sqlalchemy\sql\base.py", line 284, in _generative
    x = fn(self, *args, **kw)
  File "<string>", line 2, in filter
  File "C:\Users\фыа\AppData\Local\Programs\Python\Python314\Lib\site-packages\sqlalchemy\orm\base.py", line 303, in generate
    assertion(self, fn.__name__)
    ~~~~~~~~~^^^^^^^^^^^^^^^^^^^
  File "C:\Users\фыа\AppData\Local\Programs\Python\Python314\Lib\site-packages\sqlalchemy\orm\query.py", line 444, in _no_limit_offset
    raise sa_exc.InvalidRequestError(
    ...<3 lines>...
    )
sqlalchemy.exc.InvalidRequestError: Query.filter() being called on a Query which already has LIMIT or OFFSET applied.  Call filter() before limit() or offset() are applied.
INFO:     127.0.0.1:52106 - "GET /api/vacancies HTTP/1.1" 200 OK
INFO:     127.0.0.1:63355 - "GET /api/notifications?unread=1 HTTP/1.1" 500 Internal Server Error
ERROR:    Exception in ASGI application
Traceback (most recent call last):
  File "C:\Users\фыа\AppData\Local\Programs\Python\Python314\Lib\site-packages\uvicorn\protocols\http\httptools_impl.py", line 422, in run_asgi
    result = await app(  # type: ignore[func-returns-value]
             ^^^^^^^^^^^^^^^^^^^^^^^^^^^^^^^^^^^^^^^^^^^^^^
        self.scope, self.receive, self.send
        ^^^^^^^^^^^^^^^^^^^^^^^^^^^^^^^^^^^
    )
    ^
  File "C:\Users\фыа\AppData\Local\Programs\Python\Python314\Lib\site-packages\uvicorn\middleware\proxy_headers.py", line 63, in __call__
    return await self.app(scope, receive, send)
           ^^^^^^^^^^^^^^^^^^^^^^^^^^^^^^^^^^^^
  File "C:\Users\фыа\AppData\Local\Programs\Python\Python314\Lib\site-packages\fastapi\applications.py", line 1163, in __call__
    await super().__call__(scope, receive, send)
  File "C:\Users\фыа\AppData\Local\Programs\Python\Python314\Lib\site-packages\starlette\applications.py", line 96, in __call__
    await self.middleware_stack(scope, receive, send)
  File "C:\Users\фыа\AppData\Local\Programs\Python\Python314\Lib\site-packages\starlette\middleware\errors.py", line 186, in __call__
    raise exc
  File "C:\Users\фыа\AppData\Local\Programs\Python\Python314\Lib\site-packages\starlette\middleware\errors.py", line 164, in __call__
    await self.app(scope, receive, _send)
  File "C:\Users\фыа\AppData\Local\Programs\Python\Python314\Lib\site-packages\starlette\middleware\cors.py", line 88, in __call__
    await self.app(scope, receive, send)
  File "C:\Users\фыа\AppData\Local\Programs\Python\Python314\Lib\site-packages\starlette\middleware\exceptions.py", line 63, in __call__
    await wrap_app_handling_exceptions(self.app, conn)(scope, receive, send)
  File "C:\Users\фыа\AppData\Local\Programs\Python\Python314\Lib\site-packages\starlette\_exception_handler.py", line 53, in wrapped_app
    raise exc
  File "C:\Users\фыа\AppData\Local\Programs\Python\Python314\Lib\site-packages\starlette\_exception_handler.py", line 42, in wrapped_app
    await app(scope, receive, sender)
  File "C:\Users\фыа\AppData\Local\Programs\Python\Python314\Lib\site-packages\fastapi\middleware\asyncexitstack.py", line 18, in __call__
    await self.app(scope, receive, send)
  File "C:\Users\фыа\AppData\Local\Programs\Python\Python314\Lib\site-packages\starlette\routing.py", line 670, in __call__
    await self.middleware_stack(scope, receive, send)
  File "C:\Users\фыа\AppData\Local\Programs\Python\Python314\Lib\site-packages\fastapi\routing.py", line 2734, in app
    await route.handle(scope, receive, send)
  File "C:\Users\фыа\AppData\Local\Programs\Python\Python314\Lib\site-packages\fastapi\routing.py", line 1780, in handle
    await self.original_router.handle(scope, receive, send)
  File "C:\Users\фыа\AppData\Local\Programs\Python\Python314\Lib\site-packages\fastapi\routing.py", line 2789, in handle
    await included_router._handle_selected(scope, receive, send)
  File "C:\Users\фыа\AppData\Local\Programs\Python\Python314\Lib\site-packages\fastapi\routing.py", line 1800, in _handle_selected
    await original_route.handle(scope, receive, send)
  File "C:\Users\фыа\AppData\Local\Programs\Python\Python314\Lib\site-packages\fastapi\routing.py", line 1279, in handle
    await app(scope, receive, send)
  File "C:\Users\фыа\AppData\Local\Programs\Python\Python314\Lib\site-packages\fastapi\routing.py", line 158, in app
    await wrap_app_handling_exceptions(app, request)(scope, receive, send)
  File "C:\Users\фыа\AppData\Local\Programs\Python\Python314\Lib\site-packages\starlette\_exception_handler.py", line 53, in wrapped_app
    raise exc
  File "C:\Users\фыа\AppData\Local\Programs\Python\Python314\Lib\site-packages\starlette\_exception_handler.py", line 42, in wrapped_app
    await app(scope, receive, sender)
  File "C:\Users\фыа\AppData\Local\Programs\Python\Python314\Lib\site-packages\fastapi\routing.py", line 144, in app
    response = await f(request)
               ^^^^^^^^^^^^^^^^
  File "C:\Users\фыа\AppData\Local\Programs\Python\Python314\Lib\site-packages\fastapi\routing.py", line 706, in app
    raw_response = await run_endpoint_function(
                   ^^^^^^^^^^^^^^^^^^^^^^^^^^^^
    ...<3 lines>...
    )
    ^
  File "C:\Users\фыа\AppData\Local\Programs\Python\Python314\Lib\site-packages\fastapi\routing.py", line 354, in run_endpoint_function
    return await run_in_threadpool(dependant.call, **values)
           ^^^^^^^^^^^^^^^^^^^^^^^^^^^^^^^^^^^^^^^^^^^^^^^^^
  File "C:\Users\фыа\AppData\Local\Programs\Python\Python314\Lib\site-packages\starlette\concurrency.py", line 34, in run_in_threadpool
    return await anyio.to_thread.run_sync(func)
           ^^^^^^^^^^^^^^^^^^^^^^^^^^^^^^^^^^^^
  File "C:\Users\фыа\AppData\Local\Programs\Python\Python314\Lib\site-packages\anyio\to_thread.py", line 63, in run_sync
    return await get_async_backend().run_sync_in_worker_thread(
           ^^^^^^^^^^^^^^^^^^^^^^^^^^^^^^^^^^^^^^^^^^^^^^^^^^^^
        func, args, abandon_on_cancel=abandon_on_cancel, limiter=limiter
        ^^^^^^^^^^^^^^^^^^^^^^^^^^^^^^^^^^^^^^^^^^^^^^^^^^^^^^^^^^^^^^^^
    )
    ^
  File "C:\Users\фыа\AppData\Local\Programs\Python\Python314\Lib\site-packages\anyio\_backends\_asyncio.py", line 2596, in run_sync_in_worker_thread
    return await future
           ^^^^^^^^^^^^
  File "C:\Users\фыа\AppData\Local\Programs\Python\Python314\Lib\site-packages\anyio\_backends\_asyncio.py", line 1029, in run
    result = context.run(func, *args)
  File "C:\Users\фыа\Documents\Obsidian Vault\Programs\JobMatrix\api\routes\notifications.py", line 24, in list_events
    q = q.filter(Event.read_at.is_(None))
  File "<string>", line 2, in filter
  File "C:\Users\фыа\AppData\Local\Programs\Python\Python314\Lib\site-packages\sqlalchemy\sql\base.py", line 284, in _generative
    x = fn(self, *args, **kw)
  File "<string>", line 2, in filter
  File "C:\Users\фыа\AppData\Local\Programs\Python\Python314\Lib\site-packages\sqlalchemy\orm\base.py", line 303, in generate
    assertion(self, fn.__name__)
    ~~~~~~~~~^^^^^^^^^^^^^^^^^^^
  File "C:\Users\фыа\AppData\Local\Programs\Python\Python314\Lib\site-packages\sqlalchemy\orm\query.py", line 444, in _no_limit_offset
    raise sa_exc.InvalidRequestError(
    ...<3 lines>...
    )
sqlalchemy.exc.InvalidRequestError: Query.filter() being called on a Query which already has LIMIT or OFFSET applied.  Call filter() before limit() or offset() are applied.
INFO:     127.0.0.1:52106 - "GET /api/vacancies HTTP/1.1" 200 OK
INFO:     127.0.0.1:56925 - "GET /api/notifications?unread=1 HTTP/1.1" 500 Internal Server Error
ERROR:    Exception in ASGI application
Traceback (most recent call last):
  File "C:\Users\фыа\AppData\Local\Programs\Python\Python314\Lib\site-packages\uvicorn\protocols\http\httptools_impl.py", line 422, in run_asgi
    result = await app(  # type: ignore[func-returns-value]
             ^^^^^^^^^^^^^^^^^^^^^^^^^^^^^^^^^^^^^^^^^^^^^^
        self.scope, self.receive, self.send
        ^^^^^^^^^^^^^^^^^^^^^^^^^^^^^^^^^^^
    )
    ^
  File "C:\Users\фыа\AppData\Local\Programs\Python\Python314\Lib\site-packages\uvicorn\middleware\proxy_headers.py", line 63, in __call__
    return await self.app(scope, receive, send)
           ^^^^^^^^^^^^^^^^^^^^^^^^^^^^^^^^^^^^
  File "C:\Users\фыа\AppData\Local\Programs\Python\Python314\Lib\site-packages\fastapi\applications.py", line 1163, in __call__
    await super().__call__(scope, receive, send)
  File "C:\Users\фыа\AppData\Local\Programs\Python\Python314\Lib\site-packages\starlette\applications.py", line 96, in __call__
    await self.middleware_stack(scope, receive, send)
  File "C:\Users\фыа\AppData\Local\Programs\Python\Python314\Lib\site-packages\starlette\middleware\errors.py", line 186, in __call__
    raise exc
  File "C:\Users\фыа\AppData\Local\Programs\Python\Python314\Lib\site-packages\starlette\middleware\errors.py", line 164, in __call__
    await self.app(scope, receive, _send)
  File "C:\Users\фыа\AppData\Local\Programs\Python\Python314\Lib\site-packages\starlette\middleware\cors.py", line 88, in __call__
    await self.app(scope, receive, send)
  File "C:\Users\фыа\AppData\Local\Programs\Python\Python314\Lib\site-packages\starlette\middleware\exceptions.py", line 63, in __call__
    await wrap_app_handling_exceptions(self.app, conn)(scope, receive, send)
  File "C:\Users\фыа\AppData\Local\Programs\Python\Python314\Lib\site-packages\starlette\_exception_handler.py", line 53, in wrapped_app
    raise exc
  File "C:\Users\фыа\AppData\Local\Programs\Python\Python314\Lib\site-packages\starlette\_exception_handler.py", line 42, in wrapped_app
    await app(scope, receive, sender)
  File "C:\Users\фыа\AppData\Local\Programs\Python\Python314\Lib\site-packages\fastapi\middleware\asyncexitstack.py", line 18, in __call__
    await self.app(scope, receive, send)
  File "C:\Users\фыа\AppData\Local\Programs\Python\Python314\Lib\site-packages\starlette\routing.py", line 670, in __call__
    await self.middleware_stack(scope, receive, send)
  File "C:\Users\фыа\AppData\Local\Programs\Python\Python314\Lib\site-packages\fastapi\routing.py", line 2734, in app
    await route.handle(scope, receive, send)
  File "C:\Users\фыа\AppData\Local\Programs\Python\Python314\Lib\site-packages\fastapi\routing.py", line 1780, in handle
    await self.original_router.handle(scope, receive, send)
  File "C:\Users\фыа\AppData\Local\Programs\Python\Python314\Lib\site-packages\fastapi\routing.py", line 2789, in handle
    await included_router._handle_selected(scope, receive, send)
  File "C:\Users\фыа\AppData\Local\Programs\Python\Python314\Lib\site-packages\fastapi\routing.py", line 1800, in _handle_selected
    await original_route.handle(scope, receive, send)
  File "C:\Users\фыа\AppData\Local\Programs\Python\Python314\Lib\site-packages\fastapi\routing.py", line 1279, in handle
    await app(scope, receive, send)
  File "C:\Users\фыа\AppData\Local\Programs\Python\Python314\Lib\site-packages\fastapi\routing.py", line 158, in app
    await wrap_app_handling_exceptions(app, request)(scope, receive, send)
  File "C:\Users\фыа\AppData\Local\Programs\Python\Python314\Lib\site-packages\starlette\_exception_handler.py", line 53, in wrapped_app
    raise exc
  File "C:\Users\фыа\AppData\Local\Programs\Python\Python314\Lib\site-packages\starlette\_exception_handler.py", line 42, in wrapped_app
    await app(scope, receive, sender)
  File "C:\Users\фыа\AppData\Local\Programs\Python\Python314\Lib\site-packages\fastapi\routing.py", line 144, in app
    response = await f(request)
               ^^^^^^^^^^^^^^^^
  File "C:\Users\фыа\AppData\Local\Programs\Python\Python314\Lib\site-packages\fastapi\routing.py", line 706, in app
    raw_response = await run_endpoint_function(
                   ^^^^^^^^^^^^^^^^^^^^^^^^^^^^
    ...<3 lines>...
    )
    ^
  File "C:\Users\фыа\AppData\Local\Programs\Python\Python314\Lib\site-packages\fastapi\routing.py", line 354, in run_endpoint_function
    return await run_in_threadpool(dependant.call, **values)
           ^^^^^^^^^^^^^^^^^^^^^^^^^^^^^^^^^^^^^^^^^^^^^^^^^
  File "C:\Users\фыа\AppData\Local\Programs\Python\Python314\Lib\site-packages\starlette\concurrency.py", line 34, in run_in_threadpool
    return await anyio.to_thread.run_sync(func)
           ^^^^^^^^^^^^^^^^^^^^^^^^^^^^^^^^^^^^
  File "C:\Users\фыа\AppData\Local\Programs\Python\Python314\Lib\site-packages\anyio\to_thread.py", line 63, in run_sync
    return await get_async_backend().run_sync_in_worker_thread(
           ^^^^^^^^^^^^^^^^^^^^^^^^^^^^^^^^^^^^^^^^^^^^^^^^^^^^
        func, args, abandon_on_cancel=abandon_on_cancel, limiter=limiter
        ^^^^^^^^^^^^^^^^^^^^^^^^^^^^^^^^^^^^^^^^^^^^^^^^^^^^^^^^^^^^^^^^
    )
    ^
  File "C:\Users\фыа\AppData\Local\Programs\Python\Python314\Lib\site-packages\anyio\_backends\_asyncio.py", line 2596, in run_sync_in_worker_thread
    return await future
           ^^^^^^^^^^^^
  File "C:\Users\фыа\AppData\Local\Programs\Python\Python314\Lib\site-packages\anyio\_backends\_asyncio.py", line 1029, in run
    result = context.run(func, *args)
  File "C:\Users\фыа\Documents\Obsidian Vault\Programs\JobMatrix\api\routes\notifications.py", line 24, in list_events
    q = q.filter(Event.read_at.is_(None))
  File "<string>", line 2, in filter
  File "C:\Users\фыа\AppData\Local\Programs\Python\Python314\Lib\site-packages\sqlalchemy\sql\base.py", line 284, in _generative
    x = fn(self, *args, **kw)
  File "<string>", line 2, in filter
  File "C:\Users\фыа\AppData\Local\Programs\Python\Python314\Lib\site-packages\sqlalchemy\orm\base.py", line 303, in generate
    assertion(self, fn.__name__)
    ~~~~~~~~~^^^^^^^^^^^^^^^^^^^
  File "C:\Users\фыа\AppData\Local\Programs\Python\Python314\Lib\site-packages\sqlalchemy\orm\query.py", line 444, in _no_limit_offset
    raise sa_exc.InvalidRequestError(
    ...<3 lines>...
    )
sqlalchemy.exc.InvalidRequestError: Query.filter() being called on a Query which already has LIMIT or OFFSET applied.  Call filter() before limit() or offset() are applied.
INFO:     127.0.0.1:52106 - "GET /api/vacancies HTTP/1.1" 200 OK
INFO:     127.0.0.1:59612 - "GET /api/notifications?unread=1 HTTP/1.1" 500 Internal Server Error
ERROR:    Exception in ASGI application
Traceback (most recent call last):
  File "C:\Users\фыа\AppData\Local\Programs\Python\Python314\Lib\site-packages\uvicorn\protocols\http\httptools_impl.py", line 422, in run_asgi
    result = await app(  # type: ignore[func-returns-value]
             ^^^^^^^^^^^^^^^^^^^^^^^^^^^^^^^^^^^^^^^^^^^^^^
        self.scope, self.receive, self.send
        ^^^^^^^^^^^^^^^^^^^^^^^^^^^^^^^^^^^
    )
    ^
  File "C:\Users\фыа\AppData\Local\Programs\Python\Python314\Lib\site-packages\uvicorn\middleware\proxy_headers.py", line 63, in __call__
    return await self.app(scope, receive, send)
           ^^^^^^^^^^^^^^^^^^^^^^^^^^^^^^^^^^^^
  File "C:\Users\фыа\AppData\Local\Programs\Python\Python314\Lib\site-packages\fastapi\applications.py", line 1163, in __call__
    await super().__call__(scope, receive, send)
  File "C:\Users\фыа\AppData\Local\Programs\Python\Python314\Lib\site-packages\starlette\applications.py", line 96, in __call__
    await self.middleware_stack(scope, receive, send)
  File "C:\Users\фыа\AppData\Local\Programs\Python\Python314\Lib\site-packages\starlette\middleware\errors.py", line 186, in __call__
    raise exc
  File "C:\Users\фыа\AppData\Local\Programs\Python\Python314\Lib\site-packages\starlette\middleware\errors.py", line 164, in __call__
    await self.app(scope, receive, _send)
  File "C:\Users\фыа\AppData\Local\Programs\Python\Python314\Lib\site-packages\starlette\middleware\cors.py", line 88, in __call__
    await self.app(scope, receive, send)
  File "C:\Users\фыа\AppData\Local\Programs\Python\Python314\Lib\site-packages\starlette\middleware\exceptions.py", line 63, in __call__
    await wrap_app_handling_exceptions(self.app, conn)(scope, receive, send)
  File "C:\Users\фыа\AppData\Local\Programs\Python\Python314\Lib\site-packages\starlette\_exception_handler.py", line 53, in wrapped_app
    raise exc
  File "C:\Users\фыа\AppData\Local\Programs\Python\Python314\Lib\site-packages\starlette\_exception_handler.py", line 42, in wrapped_app
    await app(scope, receive, sender)
  File "C:\Users\фыа\AppData\Local\Programs\Python\Python314\Lib\site-packages\fastapi\middleware\asyncexitstack.py", line 18, in __call__
    await self.app(scope, receive, send)
  File "C:\Users\фыа\AppData\Local\Programs\Python\Python314\Lib\site-packages\starlette\routing.py", line 670, in __call__
    await self.middleware_stack(scope, receive, send)
  File "C:\Users\фыа\AppData\Local\Programs\Python\Python314\Lib\site-packages\fastapi\routing.py", line 2734, in app
    await route.handle(scope, receive, send)
  File "C:\Users\фыа\AppData\Local\Programs\Python\Python314\Lib\site-packages\fastapi\routing.py", line 1780, in handle
    await self.original_router.handle(scope, receive, send)
  File "C:\Users\фыа\AppData\Local\Programs\Python\Python314\Lib\site-packages\fastapi\routing.py", line 2789, in handle
    await included_router._handle_selected(scope, receive, send)
  File "C:\Users\фыа\AppData\Local\Programs\Python\Python314\Lib\site-packages\fastapi\routing.py", line 1800, in _handle_selected
    await original_route.handle(scope, receive, send)
  File "C:\Users\фыа\AppData\Local\Programs\Python\Python314\Lib\site-packages\fastapi\routing.py", line 1279, in handle
    await app(scope, receive, send)
  File "C:\Users\фыа\AppData\Local\Programs\Python\Python314\Lib\site-packages\fastapi\routing.py", line 158, in app
    await wrap_app_handling_exceptions(app, request)(scope, receive, send)
  File "C:\Users\фыа\AppData\Local\Programs\Python\Python314\Lib\site-packages\starlette\_exception_handler.py", line 53, in wrapped_app
    raise exc
  File "C:\Users\фыа\AppData\Local\Programs\Python\Python314\Lib\site-packages\starlette\_exception_handler.py", line 42, in wrapped_app
    await app(scope, receive, sender)
  File "C:\Users\фыа\AppData\Local\Programs\Python\Python314\Lib\site-packages\fastapi\routing.py", line 144, in app
    response = await f(request)
               ^^^^^^^^^^^^^^^^
  File "C:\Users\фыа\AppData\Local\Programs\Python\Python314\Lib\site-packages\fastapi\routing.py", line 706, in app
    raw_response = await run_endpoint_function(
                   ^^^^^^^^^^^^^^^^^^^^^^^^^^^^
    ...<3 lines>...
    )
    ^
  File "C:\Users\фыа\AppData\Local\Programs\Python\Python314\Lib\site-packages\fastapi\routing.py", line 354, in run_endpoint_function
    return await run_in_threadpool(dependant.call, **values)
           ^^^^^^^^^^^^^^^^^^^^^^^^^^^^^^^^^^^^^^^^^^^^^^^^^
  File "C:\Users\фыа\AppData\Local\Programs\Python\Python314\Lib\site-packages\starlette\concurrency.py", line 34, in run_in_threadpool
    return await anyio.to_thread.run_sync(func)
           ^^^^^^^^^^^^^^^^^^^^^^^^^^^^^^^^^^^^
  File "C:\Users\фыа\AppData\Local\Programs\Python\Python314\Lib\site-packages\anyio\to_thread.py", line 63, in run_sync
    return await get_async_backend().run_sync_in_worker_thread(
           ^^^^^^^^^^^^^^^^^^^^^^^^^^^^^^^^^^^^^^^^^^^^^^^^^^^^
        func, args, abandon_on_cancel=abandon_on_cancel, limiter=limiter
        ^^^^^^^^^^^^^^^^^^^^^^^^^^^^^^^^^^^^^^^^^^^^^^^^^^^^^^^^^^^^^^^^
    )
    ^
  File "C:\Users\фыа\AppData\Local\Programs\Python\Python314\Lib\site-packages\anyio\_backends\_asyncio.py", line 2596, in run_sync_in_worker_thread
    return await future
           ^^^^^^^^^^^^
  File "C:\Users\фыа\AppData\Local\Programs\Python\Python314\Lib\site-packages\anyio\_backends\_asyncio.py", line 1029, in run
    result = context.run(func, *args)
  File "C:\Users\фыа\Documents\Obsidian Vault\Programs\JobMatrix\api\routes\notifications.py", line 24, in list_events
    q = q.filter(Event.read_at.is_(None))
  File "<string>", line 2, in filter
  File "C:\Users\фыа\AppData\Local\Programs\Python\Python314\Lib\site-packages\sqlalchemy\sql\base.py", line 284, in _generative
    x = fn(self, *args, **kw)
  File "<string>", line 2, in filter
  File "C:\Users\фыа\AppData\Local\Programs\Python\Python314\Lib\site-packages\sqlalchemy\orm\base.py", line 303, in generate
    assertion(self, fn.__name__)
    ~~~~~~~~~^^^^^^^^^^^^^^^^^^^
  File "C:\Users\фыа\AppData\Local\Programs\Python\Python314\Lib\site-packages\sqlalchemy\orm\query.py", line 444, in _no_limit_offset
    raise sa_exc.InvalidRequestError(
    ...<3 lines>...
    )
sqlalchemy.exc.InvalidRequestError: Query.filter() being called on a Query which already has LIMIT or OFFSET applied.  Call filter() before limit() or offset() are applied.
INFO:     127.0.0.1:58855 - "GET /api/vacancies HTTP/1.1" 200 OK
INFO:     127.0.0.1:53430 - "GET /api/notifications?unread=1 HTTP/1.1" 500 Internal Server Error
ERROR:    Exception in ASGI application
Traceback (most recent call last):
  File "C:\Users\фыа\AppData\Local\Programs\Python\Python314\Lib\site-packages\uvicorn\protocols\http\httptools_impl.py", line 422, in run_asgi
    result = await app(  # type: ignore[func-returns-value]
             ^^^^^^^^^^^^^^^^^^^^^^^^^^^^^^^^^^^^^^^^^^^^^^
        self.scope, self.receive, self.send
        ^^^^^^^^^^^^^^^^^^^^^^^^^^^^^^^^^^^
    )
    ^
  File "C:\Users\фыа\AppData\Local\Programs\Python\Python314\Lib\site-packages\uvicorn\middleware\proxy_headers.py", line 63, in __call__
    return await self.app(scope, receive, send)
           ^^^^^^^^^^^^^^^^^^^^^^^^^^^^^^^^^^^^
  File "C:\Users\фыа\AppData\Local\Programs\Python\Python314\Lib\site-packages\fastapi\applications.py", line 1163, in __call__
    await super().__call__(scope, receive, send)
  File "C:\Users\фыа\AppData\Local\Programs\Python\Python314\Lib\site-packages\starlette\applications.py", line 96, in __call__
    await self.middleware_stack(scope, receive, send)
  File "C:\Users\фыа\AppData\Local\Programs\Python\Python314\Lib\site-packages\starlette\middleware\errors.py", line 186, in __call__
    raise exc
  File "C:\Users\фыа\AppData\Local\Programs\Python\Python314\Lib\site-packages\starlette\middleware\errors.py", line 164, in __call__
    await self.app(scope, receive, _send)
  File "C:\Users\фыа\AppData\Local\Programs\Python\Python314\Lib\site-packages\starlette\middleware\cors.py", line 88, in __call__
    await self.app(scope, receive, send)
  File "C:\Users\фыа\AppData\Local\Programs\Python\Python314\Lib\site-packages\starlette\middleware\exceptions.py", line 63, in __call__
    await wrap_app_handling_exceptions(self.app, conn)(scope, receive, send)
  File "C:\Users\фыа\AppData\Local\Programs\Python\Python314\Lib\site-packages\starlette\_exception_handler.py", line 53, in wrapped_app
    raise exc
  File "C:\Users\фыа\AppData\Local\Programs\Python\Python314\Lib\site-packages\starlette\_exception_handler.py", line 42, in wrapped_app
    await app(scope, receive, sender)
  File "C:\Users\фыа\AppData\Local\Programs\Python\Python314\Lib\site-packages\fastapi\middleware\asyncexitstack.py", line 18, in __call__
    await self.app(scope, receive, send)
  File "C:\Users\фыа\AppData\Local\Programs\Python\Python314\Lib\site-packages\starlette\routing.py", line 670, in __call__
    await self.middleware_stack(scope, receive, send)
  File "C:\Users\фыа\AppData\Local\Programs\Python\Python314\Lib\site-packages\fastapi\routing.py", line 2734, in app
    await route.handle(scope, receive, send)
  File "C:\Users\фыа\AppData\Local\Programs\Python\Python314\Lib\site-packages\fastapi\routing.py", line 1780, in handle
    await self.original_router.handle(scope, receive, send)
  File "C:\Users\фыа\AppData\Local\Programs\Python\Python314\Lib\site-packages\fastapi\routing.py", line 2789, in handle
    await included_router._handle_selected(scope, receive, send)
  File "C:\Users\фыа\AppData\Local\Programs\Python\Python314\Lib\site-packages\fastapi\routing.py", line 1800, in _handle_selected
    await original_route.handle(scope, receive, send)
  File "C:\Users\фыа\AppData\Local\Programs\Python\Python314\Lib\site-packages\fastapi\routing.py", line 1279, in handle
    await app(scope, receive, send)
  File "C:\Users\фыа\AppData\Local\Programs\Python\Python314\Lib\site-packages\fastapi\routing.py", line 158, in app
    await wrap_app_handling_exceptions(app, request)(scope, receive, send)
  File "C:\Users\фыа\AppData\Local\Programs\Python\Python314\Lib\site-packages\starlette\_exception_handler.py", line 53, in wrapped_app
    raise exc
  File "C:\Users\фыа\AppData\Local\Programs\Python\Python314\Lib\site-packages\starlette\_exception_handler.py", line 42, in wrapped_app
    await app(scope, receive, sender)
  File "C:\Users\фыа\AppData\Local\Programs\Python\Python314\Lib\site-packages\fastapi\routing.py", line 144, in app
    response = await f(request)
               ^^^^^^^^^^^^^^^^
  File "C:\Users\фыа\AppData\Local\Programs\Python\Python314\Lib\site-packages\fastapi\routing.py", line 706, in app
    raw_response = await run_endpoint_function(
                   ^^^^^^^^^^^^^^^^^^^^^^^^^^^^
    ...<3 lines>...
    )
    ^
  File "C:\Users\фыа\AppData\Local\Programs\Python\Python314\Lib\site-packages\fastapi\routing.py", line 354, in run_endpoint_function
    return await run_in_threadpool(dependant.call, **values)
           ^^^^^^^^^^^^^^^^^^^^^^^^^^^^^^^^^^^^^^^^^^^^^^^^^
  File "C:\Users\фыа\AppData\Local\Programs\Python\Python314\Lib\site-packages\starlette\concurrency.py", line 34, in run_in_threadpool
    return await anyio.to_thread.run_sync(func)
           ^^^^^^^^^^^^^^^^^^^^^^^^^^^^^^^^^^^^
  File "C:\Users\фыа\AppData\Local\Programs\Python\Python314\Lib\site-packages\anyio\to_thread.py", line 63, in run_sync
    return await get_async_backend().run_sync_in_worker_thread(
           ^^^^^^^^^^^^^^^^^^^^^^^^^^^^^^^^^^^^^^^^^^^^^^^^^^^^
        func, args, abandon_on_cancel=abandon_on_cancel, limiter=limiter
        ^^^^^^^^^^^^^^^^^^^^^^^^^^^^^^^^^^^^^^^^^^^^^^^^^^^^^^^^^^^^^^^^
    )
    ^
  File "C:\Users\фыа\AppData\Local\Programs\Python\Python314\Lib\site-packages\anyio\_backends\_asyncio.py", line 2596, in run_sync_in_worker_thread
    return await future
           ^^^^^^^^^^^^
  File "C:\Users\фыа\AppData\Local\Programs\Python\Python314\Lib\site-packages\anyio\_backends\_asyncio.py", line 1029, in run
    result = context.run(func, *args)
  File "C:\Users\фыа\Documents\Obsidian Vault\Programs\JobMatrix\api\routes\notifications.py", line 24, in list_events
    q = q.filter(Event.read_at.is_(None))
  File "<string>", line 2, in filter
  File "C:\Users\фыа\AppData\Local\Programs\Python\Python314\Lib\site-packages\sqlalchemy\sql\base.py", line 284, in _generative
    x = fn(self, *args, **kw)
  File "<string>", line 2, in filter
  File "C:\Users\фыа\AppData\Local\Programs\Python\Python314\Lib\site-packages\sqlalchemy\orm\base.py", line 303, in generate
    assertion(self, fn.__name__)
    ~~~~~~~~~^^^^^^^^^^^^^^^^^^^
  File "C:\Users\фыа\AppData\Local\Programs\Python\Python314\Lib\site-packages\sqlalchemy\orm\query.py", line 444, in _no_limit_offset
    raise sa_exc.InvalidRequestError(
    ...<3 lines>...
    )
sqlalchemy.exc.InvalidRequestError: Query.filter() being called on a Query which already has LIMIT or OFFSET applied.  Call filter() before limit() or offset() are applied.
INFO:     127.0.0.1:57690 - "GET /api/vacancies HTTP/1.1" 200 OK
INFO:     127.0.0.1:59849 - "GET /api/notifications?unread=1 HTTP/1.1" 500 Internal Server Error
ERROR:    Exception in ASGI application
Traceback (most recent call last):
  File "C:\Users\фыа\AppData\Local\Programs\Python\Python314\Lib\site-packages\uvicorn\protocols\http\httptools_impl.py", line 422, in run_asgi
    result = await app(  # type: ignore[func-returns-value]
             ^^^^^^^^^^^^^^^^^^^^^^^^^^^^^^^^^^^^^^^^^^^^^^
        self.scope, self.receive, self.send
        ^^^^^^^^^^^^^^^^^^^^^^^^^^^^^^^^^^^
    )
    ^
  File "C:\Users\фыа\AppData\Local\Programs\Python\Python314\Lib\site-packages\uvicorn\middleware\proxy_headers.py", line 63, in __call__
    return await self.app(scope, receive, send)
           ^^^^^^^^^^^^^^^^^^^^^^^^^^^^^^^^^^^^
  File "C:\Users\фыа\AppData\Local\Programs\Python\Python314\Lib\site-packages\fastapi\applications.py", line 1163, in __call__
    await super().__call__(scope, receive, send)
  File "C:\Users\фыа\AppData\Local\Programs\Python\Python314\Lib\site-packages\starlette\applications.py", line 96, in __call__
    await self.middleware_stack(scope, receive, send)
  File "C:\Users\фыа\AppData\Local\Programs\Python\Python314\Lib\site-packages\starlette\middleware\errors.py", line 186, in __call__
    raise exc
  File "C:\Users\фыа\AppData\Local\Programs\Python\Python314\Lib\site-packages\starlette\middleware\errors.py", line 164, in __call__
    await self.app(scope, receive, _send)
  File "C:\Users\фыа\AppData\Local\Programs\Python\Python314\Lib\site-packages\starlette\middleware\cors.py", line 88, in __call__
    await self.app(scope, receive, send)
  File "C:\Users\фыа\AppData\Local\Programs\Python\Python314\Lib\site-packages\starlette\middleware\exceptions.py", line 63, in __call__
    await wrap_app_handling_exceptions(self.app, conn)(scope, receive, send)
  File "C:\Users\фыа\AppData\Local\Programs\Python\Python314\Lib\site-packages\starlette\_exception_handler.py", line 53, in wrapped_app
    raise exc
  File "C:\Users\фыа\AppData\Local\Programs\Python\Python314\Lib\site-packages\starlette\_exception_handler.py", line 42, in wrapped_app
    await app(scope, receive, sender)
  File "C:\Users\фыа\AppData\Local\Programs\Python\Python314\Lib\site-packages\fastapi\middleware\asyncexitstack.py", line 18, in __call__
    await self.app(scope, receive, send)
  File "C:\Users\фыа\AppData\Local\Programs\Python\Python314\Lib\site-packages\starlette\routing.py", line 670, in __call__
    await self.middleware_stack(scope, receive, send)
  File "C:\Users\фыа\AppData\Local\Programs\Python\Python314\Lib\site-packages\fastapi\routing.py", line 2734, in app
    await route.handle(scope, receive, send)
  File "C:\Users\фыа\AppData\Local\Programs\Python\Python314\Lib\site-packages\fastapi\routing.py", line 1780, in handle
    await self.original_router.handle(scope, receive, send)
  File "C:\Users\фыа\AppData\Local\Programs\Python\Python314\Lib\site-packages\fastapi\routing.py", line 2789, in handle
    await included_router._handle_selected(scope, receive, send)
  File "C:\Users\фыа\AppData\Local\Programs\Python\Python314\Lib\site-packages\fastapi\routing.py", line 1800, in _handle_selected
    await original_route.handle(scope, receive, send)
  File "C:\Users\фыа\AppData\Local\Programs\Python\Python314\Lib\site-packages\fastapi\routing.py", line 1279, in handle
    await app(scope, receive, send)
  File "C:\Users\фыа\AppData\Local\Programs\Python\Python314\Lib\site-packages\fastapi\routing.py", line 158, in app
    await wrap_app_handling_exceptions(app, request)(scope, receive, send)
  File "C:\Users\фыа\AppData\Local\Programs\Python\Python314\Lib\site-packages\starlette\_exception_handler.py", line 53, in wrapped_app
    raise exc
  File "C:\Users\фыа\AppData\Local\Programs\Python\Python314\Lib\site-packages\starlette\_exception_handler.py", line 42, in wrapped_app
    await app(scope, receive, sender)
  File "C:\Users\фыа\AppData\Local\Programs\Python\Python314\Lib\site-packages\fastapi\routing.py", line 144, in app
    response = await f(request)
               ^^^^^^^^^^^^^^^^
  File "C:\Users\фыа\AppData\Local\Programs\Python\Python314\Lib\site-packages\fastapi\routing.py", line 706, in app
    raw_response = await run_endpoint_function(
                   ^^^^^^^^^^^^^^^^^^^^^^^^^^^^
    ...<3 lines>...
    )
    ^
  File "C:\Users\фыа\AppData\Local\Programs\Python\Python314\Lib\site-packages\fastapi\routing.py", line 354, in run_endpoint_function
    return await run_in_threadpool(dependant.call, **values)
           ^^^^^^^^^^^^^^^^^^^^^^^^^^^^^^^^^^^^^^^^^^^^^^^^^
  File "C:\Users\фыа\AppData\Local\Programs\Python\Python314\Lib\site-packages\starlette\concurrency.py", line 34, in run_in_threadpool
    return await anyio.to_thread.run_sync(func)
           ^^^^^^^^^^^^^^^^^^^^^^^^^^^^^^^^^^^^
  File "C:\Users\фыа\AppData\Local\Programs\Python\Python314\Lib\site-packages\anyio\to_thread.py", line 63, in run_sync
    return await get_async_backend().run_sync_in_worker_thread(
           ^^^^^^^^^^^^^^^^^^^^^^^^^^^^^^^^^^^^^^^^^^^^^^^^^^^^
        func, args, abandon_on_cancel=abandon_on_cancel, limiter=limiter
        ^^^^^^^^^^^^^^^^^^^^^^^^^^^^^^^^^^^^^^^^^^^^^^^^^^^^^^^^^^^^^^^^
    )
    ^
  File "C:\Users\фыа\AppData\Local\Programs\Python\Python314\Lib\site-packages\anyio\_backends\_asyncio.py", line 2596, in run_sync_in_worker_thread
    return await future
           ^^^^^^^^^^^^
  File "C:\Users\фыа\AppData\Local\Programs\Python\Python314\Lib\site-packages\anyio\_backends\_asyncio.py", line 1029, in run
    result = context.run(func, *args)
  File "C:\Users\фыа\Documents\Obsidian Vault\Programs\JobMatrix\api\routes\notifications.py", line 24, in list_events
    q = q.filter(Event.read_at.is_(None))
  File "<string>", line 2, in filter
  File "C:\Users\фыа\AppData\Local\Programs\Python\Python314\Lib\site-packages\sqlalchemy\sql\base.py", line 284, in _generative
    x = fn(self, *args, **kw)
  File "<string>", line 2, in filter
  File "C:\Users\фыа\AppData\Local\Programs\Python\Python314\Lib\site-packages\sqlalchemy\orm\base.py", line 303, in generate
    assertion(self, fn.__name__)
    ~~~~~~~~~^^^^^^^^^^^^^^^^^^^
  File "C:\Users\фыа\AppData\Local\Programs\Python\Python314\Lib\site-packages\sqlalchemy\orm\query.py", line 444, in _no_limit_offset
    raise sa_exc.InvalidRequestError(
    ...<3 lines>...
    )
sqlalchemy.exc.InvalidRequestError: Query.filter() being called on a Query which already has LIMIT or OFFSET applied.  Call filter() before limit() or offset() are applied.
INFO:     127.0.0.1:56501 - "GET /api/vacancies HTTP/1.1" 200 OK
2026-08-19 07:57:41,005 INFO jobmatrix: Сбор: проверено 11, новых событий 4
INFO:     127.0.0.1:53362 - "GET /api/notifications?unread=1 HTTP/1.1" 500 Internal Server Error
ERROR:    Exception in ASGI application
Traceback (most recent call last):
  File "C:\Users\фыа\AppData\Local\Programs\Python\Python314\Lib\site-packages\uvicorn\protocols\http\httptools_impl.py", line 422, in run_asgi
    result = await app(  # type: ignore[func-returns-value]
             ^^^^^^^^^^^^^^^^^^^^^^^^^^^^^^^^^^^^^^^^^^^^^^
        self.scope, self.receive, self.send
        ^^^^^^^^^^^^^^^^^^^^^^^^^^^^^^^^^^^
    )
    ^
  File "C:\Users\фыа\AppData\Local\Programs\Python\Python314\Lib\site-packages\uvicorn\middleware\proxy_headers.py", line 63, in __call__
    return await self.app(scope, receive, send)
           ^^^^^^^^^^^^^^^^^^^^^^^^^^^^^^^^^^^^
  File "C:\Users\фыа\AppData\Local\Programs\Python\Python314\Lib\site-packages\fastapi\applications.py", line 1163, in __call__
    await super().__call__(scope, receive, send)
  File "C:\Users\фыа\AppData\Local\Programs\Python\Python314\Lib\site-packages\starlette\applications.py", line 96, in __call__
    await self.middleware_stack(scope, receive, send)
  File "C:\Users\фыа\AppData\Local\Programs\Python\Python314\Lib\site-packages\starlette\middleware\errors.py", line 186, in __call__
    raise exc
  File "C:\Users\фыа\AppData\Local\Programs\Python\Python314\Lib\site-packages\starlette\middleware\errors.py", line 164, in __call__
    await self.app(scope, receive, _send)
  File "C:\Users\фыа\AppData\Local\Programs\Python\Python314\Lib\site-packages\starlette\middleware\cors.py", line 88, in __call__
    await self.app(scope, receive, send)
  File "C:\Users\фыа\AppData\Local\Programs\Python\Python314\Lib\site-packages\starlette\middleware\exceptions.py", line 63, in __call__
    await wrap_app_handling_exceptions(self.app, conn)(scope, receive, send)
  File "C:\Users\фыа\AppData\Local\Programs\Python\Python314\Lib\site-packages\starlette\_exception_handler.py", line 53, in wrapped_app
    raise exc
  File "C:\Users\фыа\AppData\Local\Programs\Python\Python314\Lib\site-packages\starlette\_exception_handler.py", line 42, in wrapped_app
    await app(scope, receive, sender)
  File "C:\Users\фыа\AppData\Local\Programs\Python\Python314\Lib\site-packages\fastapi\middleware\asyncexitstack.py", line 18, in __call__
    await self.app(scope, receive, send)
  File "C:\Users\фыа\AppData\Local\Programs\Python\Python314\Lib\site-packages\starlette\routing.py", line 670, in __call__
    await self.middleware_stack(scope, receive, send)
  File "C:\Users\фыа\AppData\Local\Programs\Python\Python314\Lib\site-packages\fastapi\routing.py", line 2734, in app
    await route.handle(scope, receive, send)
  File "C:\Users\фыа\AppData\Local\Programs\Python\Python314\Lib\site-packages\fastapi\routing.py", line 1780, in handle
    await self.original_router.handle(scope, receive, send)
  File "C:\Users\фыа\AppData\Local\Programs\Python\Python314\Lib\site-packages\fastapi\routing.py", line 2789, in handle
    await included_router._handle_selected(scope, receive, send)
  File "C:\Users\фыа\AppData\Local\Programs\Python\Python314\Lib\site-packages\fastapi\routing.py", line 1800, in _handle_selected
    await original_route.handle(scope, receive, send)
  File "C:\Users\фыа\AppData\Local\Programs\Python\Python314\Lib\site-packages\fastapi\routing.py", line 1279, in handle
    await app(scope, receive, send)
  File "C:\Users\фыа\AppData\Local\Programs\Python\Python314\Lib\site-packages\fastapi\routing.py", line 158, in app
    await wrap_app_handling_exceptions(app, request)(scope, receive, send)
  File "C:\Users\фыа\AppData\Local\Programs\Python\Python314\Lib\site-packages\starlette\_exception_handler.py", line 53, in wrapped_app
    raise exc
  File "C:\Users\фыа\AppData\Local\Programs\Python\Python314\Lib\site-packages\starlette\_exception_handler.py", line 42, in wrapped_app
    await app(scope, receive, sender)
  File "C:\Users\фыа\AppData\Local\Programs\Python\Python314\Lib\site-packages\fastapi\routing.py", line 144, in app
    response = await f(request)
               ^^^^^^^^^^^^^^^^
  File "C:\Users\фыа\AppData\Local\Programs\Python\Python314\Lib\site-packages\fastapi\routing.py", line 706, in app
    raw_response = await run_endpoint_function(
                   ^^^^^^^^^^^^^^^^^^^^^^^^^^^^
    ...<3 lines>...
    )
    ^
  File "C:\Users\фыа\AppData\Local\Programs\Python\Python314\Lib\site-packages\fastapi\routing.py", line 354, in run_endpoint_function
    return await run_in_threadpool(dependant.call, **values)
           ^^^^^^^^^^^^^^^^^^^^^^^^^^^^^^^^^^^^^^^^^^^^^^^^^
  File "C:\Users\фыа\AppData\Local\Programs\Python\Python314\Lib\site-packages\starlette\concurrency.py", line 34, in run_in_threadpool
    return await anyio.to_thread.run_sync(func)
           ^^^^^^^^^^^^^^^^^^^^^^^^^^^^^^^^^^^^
  File "C:\Users\фыа\AppData\Local\Programs\Python\Python314\Lib\site-packages\anyio\to_thread.py", line 63, in run_sync
    return await get_async_backend().run_sync_in_worker_thread(
           ^^^^^^^^^^^^^^^^^^^^^^^^^^^^^^^^^^^^^^^^^^^^^^^^^^^^
        func, args, abandon_on_cancel=abandon_on_cancel, limiter=limiter
        ^^^^^^^^^^^^^^^^^^^^^^^^^^^^^^^^^^^^^^^^^^^^^^^^^^^^^^^^^^^^^^^^
    )
    ^
  File "C:\Users\фыа\AppData\Local\Programs\Python\Python314\Lib\site-packages\anyio\_backends\_asyncio.py", line 2596, in run_sync_in_worker_thread
    return await future
           ^^^^^^^^^^^^
  File "C:\Users\фыа\AppData\Local\Programs\Python\Python314\Lib\site-packages\anyio\_backends\_asyncio.py", line 1029, in run
    result = context.run(func, *args)
  File "C:\Users\фыа\Documents\Obsidian Vault\Programs\JobMatrix\api\routes\notifications.py", line 24, in list_events
    q = q.filter(Event.read_at.is_(None))
  File "<string>", line 2, in filter
  File "C:\Users\фыа\AppData\Local\Programs\Python\Python314\Lib\site-packages\sqlalchemy\sql\base.py", line 284, in _generative
    x = fn(self, *args, **kw)
  File "<string>", line 2, in filter
  File "C:\Users\фыа\AppData\Local\Programs\Python\Python314\Lib\site-packages\sqlalchemy\orm\base.py", line 303, in generate
    assertion(self, fn.__name__)
    ~~~~~~~~~^^^^^^^^^^^^^^^^^^^
  File "C:\Users\фыа\AppData\Local\Programs\Python\Python314\Lib\site-packages\sqlalchemy\orm\query.py", line 444, in _no_limit_offset
    raise sa_exc.InvalidRequestError(
    ...<3 lines>...
    )
sqlalchemy.exc.InvalidRequestError: Query.filter() being called on a Query which already has LIMIT or OFFSET applied.  Call filter() before limit() or offset() are applied.
INFO:     127.0.0.1:58170 - "GET /api/vacancies HTTP/1.1" 200 OK
INFO:     127.0.0.1:54430 - "GET /api/notifications?unread=1 HTTP/1.1" 500 Internal Server Error
ERROR:    Exception in ASGI application
Traceback (most recent call last):
  File "C:\Users\фыа\AppData\Local\Programs\Python\Python314\Lib\site-packages\uvicorn\protocols\http\httptools_impl.py", line 422, in run_asgi
    result = await app(  # type: ignore[func-returns-value]
             ^^^^^^^^^^^^^^^^^^^^^^^^^^^^^^^^^^^^^^^^^^^^^^
        self.scope, self.receive, self.send
        ^^^^^^^^^^^^^^^^^^^^^^^^^^^^^^^^^^^
    )
    ^
  File "C:\Users\фыа\AppData\Local\Programs\Python\Python314\Lib\site-packages\uvicorn\middleware\proxy_headers.py", line 63, in __call__
    return await self.app(scope, receive, send)
           ^^^^^^^^^^^^^^^^^^^^^^^^^^^^^^^^^^^^
  File "C:\Users\фыа\AppData\Local\Programs\Python\Python314\Lib\site-packages\fastapi\applications.py", line 1163, in __call__
    await super().__call__(scope, receive, send)
  File "C:\Users\фыа\AppData\Local\Programs\Python\Python314\Lib\site-packages\starlette\applications.py", line 96, in __call__
    await self.middleware_stack(scope, receive, send)
  File "C:\Users\фыа\AppData\Local\Programs\Python\Python314\Lib\site-packages\starlette\middleware\errors.py", line 186, in __call__
    raise exc
  File "C:\Users\фыа\AppData\Local\Programs\Python\Python314\Lib\site-packages\starlette\middleware\errors.py", line 164, in __call__
    await self.app(scope, receive, _send)
  File "C:\Users\фыа\AppData\Local\Programs\Python\Python314\Lib\site-packages\starlette\middleware\cors.py", line 88, in __call__
    await self.app(scope, receive, send)
  File "C:\Users\фыа\AppData\Local\Programs\Python\Python314\Lib\site-packages\starlette\middleware\exceptions.py", line 63, in __call__
    await wrap_app_handling_exceptions(self.app, conn)(scope, receive, send)
  File "C:\Users\фыа\AppData\Local\Programs\Python\Python314\Lib\site-packages\starlette\_exception_handler.py", line 53, in wrapped_app
    raise exc
  File "C:\Users\фыа\AppData\Local\Programs\Python\Python314\Lib\site-packages\starlette\_exception_handler.py", line 42, in wrapped_app
    await app(scope, receive, sender)
  File "C:\Users\фыа\AppData\Local\Programs\Python\Python314\Lib\site-packages\fastapi\middleware\asyncexitstack.py", line 18, in __call__
    await self.app(scope, receive, send)
  File "C:\Users\фыа\AppData\Local\Programs\Python\Python314\Lib\site-packages\starlette\routing.py", line 670, in __call__
    await self.middleware_stack(scope, receive, send)
  File "C:\Users\фыа\AppData\Local\Programs\Python\Python314\Lib\site-packages\fastapi\routing.py", line 2734, in app
    await route.handle(scope, receive, send)
  File "C:\Users\фыа\AppData\Local\Programs\Python\Python314\Lib\site-packages\fastapi\routing.py", line 1780, in handle
    await self.original_router.handle(scope, receive, send)
  File "C:\Users\фыа\AppData\Local\Programs\Python\Python314\Lib\site-packages\fastapi\routing.py", line 2789, in handle
    await included_router._handle_selected(scope, receive, send)
  File "C:\Users\фыа\AppData\Local\Programs\Python\Python314\Lib\site-packages\fastapi\routing.py", line 1800, in _handle_selected
    await original_route.handle(scope, receive, send)
  File "C:\Users\фыа\AppData\Local\Programs\Python\Python314\Lib\site-packages\fastapi\routing.py", line 1279, in handle
    await app(scope, receive, send)
  File "C:\Users\фыа\AppData\Local\Programs\Python\Python314\Lib\site-packages\fastapi\routing.py", line 158, in app
    await wrap_app_handling_exceptions(app, request)(scope, receive, send)
  File "C:\Users\фыа\AppData\Local\Programs\Python\Python314\Lib\site-packages\starlette\_exception_handler.py", line 53, in wrapped_app
    raise exc
  File "C:\Users\фыа\AppData\Local\Programs\Python\Python314\Lib\site-packages\starlette\_exception_handler.py", line 42, in wrapped_app
    await app(scope, receive, sender)
  File "C:\Users\фыа\AppData\Local\Programs\Python\Python314\Lib\site-packages\fastapi\routing.py", line 144, in app
    response = await f(request)
               ^^^^^^^^^^^^^^^^
  File "C:\Users\фыа\AppData\Local\Programs\Python\Python314\Lib\site-packages\fastapi\routing.py", line 706, in app
    raw_response = await run_endpoint_function(
                   ^^^^^^^^^^^^^^^^^^^^^^^^^^^^
    ...<3 lines>...
    )
    ^
  File "C:\Users\фыа\AppData\Local\Programs\Python\Python314\Lib\site-packages\fastapi\routing.py", line 354, in run_endpoint_function
    return await run_in_threadpool(dependant.call, **values)
           ^^^^^^^^^^^^^^^^^^^^^^^^^^^^^^^^^^^^^^^^^^^^^^^^^
  File "C:\Users\фыа\AppData\Local\Programs\Python\Python314\Lib\site-packages\starlette\concurrency.py", line 34, in run_in_threadpool
    return await anyio.to_thread.run_sync(func)
           ^^^^^^^^^^^^^^^^^^^^^^^^^^^^^^^^^^^^
  File "C:\Users\фыа\AppData\Local\Programs\Python\Python314\Lib\site-packages\anyio\to_thread.py", line 63, in run_sync
    return await get_async_backend().run_sync_in_worker_thread(
           ^^^^^^^^^^^^^^^^^^^^^^^^^^^^^^^^^^^^^^^^^^^^^^^^^^^^
        func, args, abandon_on_cancel=abandon_on_cancel, limiter=limiter
        ^^^^^^^^^^^^^^^^^^^^^^^^^^^^^^^^^^^^^^^^^^^^^^^^^^^^^^^^^^^^^^^^
    )
    ^
  File "C:\Users\фыа\AppData\Local\Programs\Python\Python314\Lib\site-packages\anyio\_backends\_asyncio.py", line 2596, in run_sync_in_worker_thread
    return await future
           ^^^^^^^^^^^^
  File "C:\Users\фыа\AppData\Local\Programs\Python\Python314\Lib\site-packages\anyio\_backends\_asyncio.py", line 1029, in run
    result = context.run(func, *args)
  File "C:\Users\фыа\Documents\Obsidian Vault\Programs\JobMatrix\api\routes\notifications.py", line 24, in list_events
    q = q.filter(Event.read_at.is_(None))
  File "<string>", line 2, in filter
  File "C:\Users\фыа\AppData\Local\Programs\Python\Python314\Lib\site-packages\sqlalchemy\sql\base.py", line 284, in _generative
    x = fn(self, *args, **kw)
  File "<string>", line 2, in filter
  File "C:\Users\фыа\AppData\Local\Programs\Python\Python314\Lib\site-packages\sqlalchemy\orm\base.py", line 303, in generate
    assertion(self, fn.__name__)
    ~~~~~~~~~^^^^^^^^^^^^^^^^^^^
  File "C:\Users\фыа\AppData\Local\Programs\Python\Python314\Lib\site-packages\sqlalchemy\orm\query.py", line 444, in _no_limit_offset
    raise sa_exc.InvalidRequestError(
    ...<3 lines>...
    )
sqlalchemy.exc.InvalidRequestError: Query.filter() being called on a Query which already has LIMIT or OFFSET applied.  Call filter() before limit() or offset() are applied.
INFO:     127.0.0.1:53396 - "GET /api/vacancies HTTP/1.1" 200 OK
INFO:     127.0.0.1:58170 - "GET /api/notifications?unread=1 HTTP/1.1" 500 Internal Server Error
ERROR:    Exception in ASGI application
Traceback (most recent call last):
  File "C:\Users\фыа\AppData\Local\Programs\Python\Python314\Lib\site-packages\uvicorn\protocols\http\httptools_impl.py", line 422, in run_asgi
    result = await app(  # type: ignore[func-returns-value]
             ^^^^^^^^^^^^^^^^^^^^^^^^^^^^^^^^^^^^^^^^^^^^^^
        self.scope, self.receive, self.send
        ^^^^^^^^^^^^^^^^^^^^^^^^^^^^^^^^^^^
    )
    ^
  File "C:\Users\фыа\AppData\Local\Programs\Python\Python314\Lib\site-packages\uvicorn\middleware\proxy_headers.py", line 63, in __call__
    return await self.app(scope, receive, send)
           ^^^^^^^^^^^^^^^^^^^^^^^^^^^^^^^^^^^^
  File "C:\Users\фыа\AppData\Local\Programs\Python\Python314\Lib\site-packages\fastapi\applications.py", line 1163, in __call__
    await super().__call__(scope, receive, send)
  File "C:\Users\фыа\AppData\Local\Programs\Python\Python314\Lib\site-packages\starlette\applications.py", line 96, in __call__
    await self.middleware_stack(scope, receive, send)
  File "C:\Users\фыа\AppData\Local\Programs\Python\Python314\Lib\site-packages\starlette\middleware\errors.py", line 186, in __call__
    raise exc
  File "C:\Users\фыа\AppData\Local\Programs\Python\Python314\Lib\site-packages\starlette\middleware\errors.py", line 164, in __call__
    await self.app(scope, receive, _send)
  File "C:\Users\фыа\AppData\Local\Programs\Python\Python314\Lib\site-packages\starlette\middleware\cors.py", line 88, in __call__
    await self.app(scope, receive, send)
  File "C:\Users\фыа\AppData\Local\Programs\Python\Python314\Lib\site-packages\starlette\middleware\exceptions.py", line 63, in __call__
    await wrap_app_handling_exceptions(self.app, conn)(scope, receive, send)
  File "C:\Users\фыа\AppData\Local\Programs\Python\Python314\Lib\site-packages\starlette\_exception_handler.py", line 53, in wrapped_app
    raise exc
  File "C:\Users\фыа\AppData\Local\Programs\Python\Python314\Lib\site-packages\starlette\_exception_handler.py", line 42, in wrapped_app
    await app(scope, receive, sender)
  File "C:\Users\фыа\AppData\Local\Programs\Python\Python314\Lib\site-packages\fastapi\middleware\asyncexitstack.py", line 18, in __call__
    await self.app(scope, receive, send)
  File "C:\Users\фыа\AppData\Local\Programs\Python\Python314\Lib\site-packages\starlette\routing.py", line 670, in __call__
    await self.middleware_stack(scope, receive, send)
  File "C:\Users\фыа\AppData\Local\Programs\Python\Python314\Lib\site-packages\fastapi\routing.py", line 2734, in app
    await route.handle(scope, receive, send)
  File "C:\Users\фыа\AppData\Local\Programs\Python\Python314\Lib\site-packages\fastapi\routing.py", line 1780, in handle
    await self.original_router.handle(scope, receive, send)
  File "C:\Users\фыа\AppData\Local\Programs\Python\Python314\Lib\site-packages\fastapi\routing.py", line 2789, in handle
    await included_router._handle_selected(scope, receive, send)
  File "C:\Users\фыа\AppData\Local\Programs\Python\Python314\Lib\site-packages\fastapi\routing.py", line 1800, in _handle_selected
    await original_route.handle(scope, receive, send)
  File "C:\Users\фыа\AppData\Local\Programs\Python\Python314\Lib\site-packages\fastapi\routing.py", line 1279, in handle
    await app(scope, receive, send)
  File "C:\Users\фыа\AppData\Local\Programs\Python\Python314\Lib\site-packages\fastapi\routing.py", line 158, in app
    await wrap_app_handling_exceptions(app, request)(scope, receive, send)
  File "C:\Users\фыа\AppData\Local\Programs\Python\Python314\Lib\site-packages\starlette\_exception_handler.py", line 53, in wrapped_app
    raise exc
  File "C:\Users\фыа\AppData\Local\Programs\Python\Python314\Lib\site-packages\starlette\_exception_handler.py", line 42, in wrapped_app
    await app(scope, receive, sender)
  File "C:\Users\фыа\AppData\Local\Programs\Python\Python314\Lib\site-packages\fastapi\routing.py", line 144, in app
    response = await f(request)
               ^^^^^^^^^^^^^^^^
  File "C:\Users\фыа\AppData\Local\Programs\Python\Python314\Lib\site-packages\fastapi\routing.py", line 706, in app
    raw_response = await run_endpoint_function(
                   ^^^^^^^^^^^^^^^^^^^^^^^^^^^^
    ...<3 lines>...
    )
    ^
  File "C:\Users\фыа\AppData\Local\Programs\Python\Python314\Lib\site-packages\fastapi\routing.py", line 354, in run_endpoint_function
    return await run_in_threadpool(dependant.call, **values)
           ^^^^^^^^^^^^^^^^^^^^^^^^^^^^^^^^^^^^^^^^^^^^^^^^^
  File "C:\Users\фыа\AppData\Local\Programs\Python\Python314\Lib\site-packages\starlette\concurrency.py", line 34, in run_in_threadpool
    return await anyio.to_thread.run_sync(func)
           ^^^^^^^^^^^^^^^^^^^^^^^^^^^^^^^^^^^^
  File "C:\Users\фыа\AppData\Local\Programs\Python\Python314\Lib\site-packages\anyio\to_thread.py", line 63, in run_sync
    return await get_async_backend().run_sync_in_worker_thread(
           ^^^^^^^^^^^^^^^^^^^^^^^^^^^^^^^^^^^^^^^^^^^^^^^^^^^^
        func, args, abandon_on_cancel=abandon_on_cancel, limiter=limiter
        ^^^^^^^^^^^^^^^^^^^^^^^^^^^^^^^^^^^^^^^^^^^^^^^^^^^^^^^^^^^^^^^^
    )
    ^
  File "C:\Users\фыа\AppData\Local\Programs\Python\Python314\Lib\site-packages\anyio\_backends\_asyncio.py", line 2596, in run_sync_in_worker_thread
    return await future
           ^^^^^^^^^^^^
  File "C:\Users\фыа\AppData\Local\Programs\Python\Python314\Lib\site-packages\anyio\_backends\_asyncio.py", line 1029, in run
    result = context.run(func, *args)
  File "C:\Users\фыа\Documents\Obsidian Vault\Programs\JobMatrix\api\routes\notifications.py", line 24, in list_events
    q = q.filter(Event.read_at.is_(None))
  File "<string>", line 2, in filter
  File "C:\Users\фыа\AppData\Local\Programs\Python\Python314\Lib\site-packages\sqlalchemy\sql\base.py", line 284, in _generative
    x = fn(self, *args, **kw)
  File "<string>", line 2, in filter
  File "C:\Users\фыа\AppData\Local\Programs\Python\Python314\Lib\site-packages\sqlalchemy\orm\base.py", line 303, in generate
    assertion(self, fn.__name__)
    ~~~~~~~~~^^^^^^^^^^^^^^^^^^^
  File "C:\Users\фыа\AppData\Local\Programs\Python\Python314\Lib\site-packages\sqlalchemy\orm\query.py", line 444, in _no_limit_offset
    raise sa_exc.InvalidRequestError(
    ...<3 lines>...
    )
sqlalchemy.exc.InvalidRequestError: Query.filter() being called on a Query which already has LIMIT or OFFSET applied.  Call filter() before limit() or offset() are applied.
INFO:     127.0.0.1:53396 - "GET /api/notifications?unread=1 HTTP/1.1" 500 Internal Server Error
ERROR:    Exception in ASGI application
Traceback (most recent call last):
  File "C:\Users\фыа\AppData\Local\Programs\Python\Python314\Lib\site-packages\uvicorn\protocols\http\httptools_impl.py", line 422, in run_asgi
    result = await app(  # type: ignore[func-returns-value]
             ^^^^^^^^^^^^^^^^^^^^^^^^^^^^^^^^^^^^^^^^^^^^^^
        self.scope, self.receive, self.send
        ^^^^^^^^^^^^^^^^^^^^^^^^^^^^^^^^^^^
    )
    ^
  File "C:\Users\фыа\AppData\Local\Programs\Python\Python314\Lib\site-packages\uvicorn\middleware\proxy_headers.py", line 63, in __call__
    return await self.app(scope, receive, send)
           ^^^^^^^^^^^^^^^^^^^^^^^^^^^^^^^^^^^^
  File "C:\Users\фыа\AppData\Local\Programs\Python\Python314\Lib\site-packages\fastapi\applications.py", line 1163, in __call__
    await super().__call__(scope, receive, send)
  File "C:\Users\фыа\AppData\Local\Programs\Python\Python314\Lib\site-packages\starlette\applications.py", line 96, in __call__
    await self.middleware_stack(scope, receive, send)
  File "C:\Users\фыа\AppData\Local\Programs\Python\Python314\Lib\site-packages\starlette\middleware\errors.py", line 186, in __call__
    raise exc
  File "C:\Users\фыа\AppData\Local\Programs\Python\Python314\Lib\site-packages\starlette\middleware\errors.py", line 164, in __call__
    await self.app(scope, receive, _send)
  File "C:\Users\фыа\AppData\Local\Programs\Python\Python314\Lib\site-packages\starlette\middleware\cors.py", line 88, in __call__
    await self.app(scope, receive, send)
  File "C:\Users\фыа\AppData\Local\Programs\Python\Python314\Lib\site-packages\starlette\middleware\exceptions.py", line 63, in __call__
    await wrap_app_handling_exceptions(self.app, conn)(scope, receive, send)
  File "C:\Users\фыа\AppData\Local\Programs\Python\Python314\Lib\site-packages\starlette\_exception_handler.py", line 53, in wrapped_app
    raise exc
  File "C:\Users\фыа\AppData\Local\Programs\Python\Python314\Lib\site-packages\starlette\_exception_handler.py", line 42, in wrapped_app
    await app(scope, receive, sender)
  File "C:\Users\фыа\AppData\Local\Programs\Python\Python314\Lib\site-packages\fastapi\middleware\asyncexitstack.py", line 18, in __call__
    await self.app(scope, receive, send)
  File "C:\Users\фыа\AppData\Local\Programs\Python\Python314\Lib\site-packages\starlette\routing.py", line 670, in __call__
    await self.middleware_stack(scope, receive, send)
  File "C:\Users\фыа\AppData\Local\Programs\Python\Python314\Lib\site-packages\fastapi\routing.py", line 2734, in app
    await route.handle(scope, receive, send)
  File "C:\Users\фыа\AppData\Local\Programs\Python\Python314\Lib\site-packages\fastapi\routing.py", line 1780, in handle
    await self.original_router.handle(scope, receive, send)
  File "C:\Users\фыа\AppData\Local\Programs\Python\Python314\Lib\site-packages\fastapi\routing.py", line 2789, in handle
    await included_router._handle_selected(scope, receive, send)
  File "C:\Users\фыа\AppData\Local\Programs\Python\Python314\Lib\site-packages\fastapi\routing.py", line 1800, in _handle_selected
    await original_route.handle(scope, receive, send)
  File "C:\Users\фыа\AppData\Local\Programs\Python\Python314\Lib\site-packages\fastapi\routing.py", line 1279, in handle
    await app(scope, receive, send)
  File "C:\Users\фыа\AppData\Local\Programs\Python\Python314\Lib\site-packages\fastapi\routing.py", line 158, in app
    await wrap_app_handling_exceptions(app, request)(scope, receive, send)
  File "C:\Users\фыа\AppData\Local\Programs\Python\Python314\Lib\site-packages\starlette\_exception_handler.py", line 53, in wrapped_app
    raise exc
  File "C:\Users\фыа\AppData\Local\Programs\Python\Python314\Lib\site-packages\starlette\_exception_handler.py", line 42, in wrapped_app
    await app(scope, receive, sender)
  File "C:\Users\фыа\AppData\Local\Programs\Python\Python314\Lib\site-packages\fastapi\routing.py", line 144, in app
    response = await f(request)
               ^^^^^^^^^^^^^^^^
  File "C:\Users\фыа\AppData\Local\Programs\Python\Python314\Lib\site-packages\fastapi\routing.py", line 706, in app
    raw_response = await run_endpoint_function(
                   ^^^^^^^^^^^^^^^^^^^^^^^^^^^^
    ...<3 lines>...
    )
    ^
  File "C:\Users\фыа\AppData\Local\Programs\Python\Python314\Lib\site-packages\fastapi\routing.py", line 354, in run_endpoint_function
    return await run_in_threadpool(dependant.call, **values)
           ^^^^^^^^^^^^^^^^^^^^^^^^^^^^^^^^^^^^^^^^^^^^^^^^^
  File "C:\Users\фыа\AppData\Local\Programs\Python\Python314\Lib\site-packages\starlette\concurrency.py", line 34, in run_in_threadpool
    return await anyio.to_thread.run_sync(func)
           ^^^^^^^^^^^^^^^^^^^^^^^^^^^^^^^^^^^^
  File "C:\Users\фыа\AppData\Local\Programs\Python\Python314\Lib\site-packages\anyio\to_thread.py", line 63, in run_sync
    return await get_async_backend().run_sync_in_worker_thread(
           ^^^^^^^^^^^^^^^^^^^^^^^^^^^^^^^^^^^^^^^^^^^^^^^^^^^^
        func, args, abandon_on_cancel=abandon_on_cancel, limiter=limiter
        ^^^^^^^^^^^^^^^^^^^^^^^^^^^^^^^^^^^^^^^^^^^^^^^^^^^^^^^^^^^^^^^^
    )
    ^
  File "C:\Users\фыа\AppData\Local\Programs\Python\Python314\Lib\site-packages\anyio\_backends\_asyncio.py", line 2596, in run_sync_in_worker_thread
    return await future
           ^^^^^^^^^^^^
  File "C:\Users\фыа\AppData\Local\Programs\Python\Python314\Lib\site-packages\anyio\_backends\_asyncio.py", line 1029, in run
    result = context.run(func, *args)
  File "C:\Users\фыа\Documents\Obsidian Vault\Programs\JobMatrix\api\routes\notifications.py", line 24, in list_events
    q = q.filter(Event.read_at.is_(None))
  File "<string>", line 2, in filter
  File "C:\Users\фыа\AppData\Local\Programs\Python\Python314\Lib\site-packages\sqlalchemy\sql\base.py", line 284, in _generative
    x = fn(self, *args, **kw)
  File "<string>", line 2, in filter
  File "C:\Users\фыа\AppData\Local\Programs\Python\Python314\Lib\site-packages\sqlalchemy\orm\base.py", line 303, in generate
    assertion(self, fn.__name__)
    ~~~~~~~~~^^^^^^^^^^^^^^^^^^^
  File "C:\Users\фыа\AppData\Local\Programs\Python\Python314\Lib\site-packages\sqlalchemy\orm\query.py", line 444, in _no_limit_offset
    raise sa_exc.InvalidRequestError(
    ...<3 lines>...
    )
sqlalchemy.exc.InvalidRequestError: Query.filter() being called on a Query which already has LIMIT or OFFSET applied.  Call filter() before limit() or offset() are applied.
INFO:     127.0.0.1:51724 - "GET /api/vacancies HTTP/1.1" 200 OK
INFO:     127.0.0.1:53404 - "GET /api/vacancies HTTP/1.1" 200 OK
INFO:     127.0.0.1:51724 - "GET /api/notifications?unread=1 HTTP/1.1" 500 Internal Server Error
ERROR:    Exception in ASGI application
Traceback (most recent call last):
  File "C:\Users\фыа\AppData\Local\Programs\Python\Python314\Lib\site-packages\uvicorn\protocols\http\httptools_impl.py", line 422, in run_asgi
    result = await app(  # type: ignore[func-returns-value]
             ^^^^^^^^^^^^^^^^^^^^^^^^^^^^^^^^^^^^^^^^^^^^^^
        self.scope, self.receive, self.send
        ^^^^^^^^^^^^^^^^^^^^^^^^^^^^^^^^^^^
    )
    ^
  File "C:\Users\фыа\AppData\Local\Programs\Python\Python314\Lib\site-packages\uvicorn\middleware\proxy_headers.py", line 63, in __call__
    return await self.app(scope, receive, send)
           ^^^^^^^^^^^^^^^^^^^^^^^^^^^^^^^^^^^^
  File "C:\Users\фыа\AppData\Local\Programs\Python\Python314\Lib\site-packages\fastapi\applications.py", line 1163, in __call__
    await super().__call__(scope, receive, send)
  File "C:\Users\фыа\AppData\Local\Programs\Python\Python314\Lib\site-packages\starlette\applications.py", line 96, in __call__
    await self.middleware_stack(scope, receive, send)
  File "C:\Users\фыа\AppData\Local\Programs\Python\Python314\Lib\site-packages\starlette\middleware\errors.py", line 186, in __call__
    raise exc
  File "C:\Users\фыа\AppData\Local\Programs\Python\Python314\Lib\site-packages\starlette\middleware\errors.py", line 164, in __call__
    await self.app(scope, receive, _send)
  File "C:\Users\фыа\AppData\Local\Programs\Python\Python314\Lib\site-packages\starlette\middleware\cors.py", line 88, in __call__
    await self.app(scope, receive, send)
  File "C:\Users\фыа\AppData\Local\Programs\Python\Python314\Lib\site-packages\starlette\middleware\exceptions.py", line 63, in __call__
    await wrap_app_handling_exceptions(self.app, conn)(scope, receive, send)
  File "C:\Users\фыа\AppData\Local\Programs\Python\Python314\Lib\site-packages\starlette\_exception_handler.py", line 53, in wrapped_app
    raise exc
  File "C:\Users\фыа\AppData\Local\Programs\Python\Python314\Lib\site-packages\starlette\_exception_handler.py", line 42, in wrapped_app
    await app(scope, receive, sender)
  File "C:\Users\фыа\AppData\Local\Programs\Python\Python314\Lib\site-packages\fastapi\middleware\asyncexitstack.py", line 18, in __call__
    await self.app(scope, receive, send)
  File "C:\Users\фыа\AppData\Local\Programs\Python\Python314\Lib\site-packages\starlette\routing.py", line 670, in __call__
    await self.middleware_stack(scope, receive, send)
  File "C:\Users\фыа\AppData\Local\Programs\Python\Python314\Lib\site-packages\fastapi\routing.py", line 2734, in app
    await route.handle(scope, receive, send)
  File "C:\Users\фыа\AppData\Local\Programs\Python\Python314\Lib\site-packages\fastapi\routing.py", line 1780, in handle
    await self.original_router.handle(scope, receive, send)
  File "C:\Users\фыа\AppData\Local\Programs\Python\Python314\Lib\site-packages\fastapi\routing.py", line 2789, in handle
    await included_router._handle_selected(scope, receive, send)
  File "C:\Users\фыа\AppData\Local\Programs\Python\Python314\Lib\site-packages\fastapi\routing.py", line 1800, in _handle_selected
    await original_route.handle(scope, receive, send)
  File "C:\Users\фыа\AppData\Local\Programs\Python\Python314\Lib\site-packages\fastapi\routing.py", line 1279, in handle
    await app(scope, receive, send)
  File "C:\Users\фыа\AppData\Local\Programs\Python\Python314\Lib\site-packages\fastapi\routing.py", line 158, in app
    await wrap_app_handling_exceptions(app, request)(scope, receive, send)
  File "C:\Users\фыа\AppData\Local\Programs\Python\Python314\Lib\site-packages\starlette\_exception_handler.py", line 53, in wrapped_app
    raise exc
  File "C:\Users\фыа\AppData\Local\Programs\Python\Python314\Lib\site-packages\starlette\_exception_handler.py", line 42, in wrapped_app
    await app(scope, receive, sender)
  File "C:\Users\фыа\AppData\Local\Programs\Python\Python314\Lib\site-packages\fastapi\routing.py", line 144, in app
    response = await f(request)
               ^^^^^^^^^^^^^^^^
  File "C:\Users\фыа\AppData\Local\Programs\Python\Python314\Lib\site-packages\fastapi\routing.py", line 706, in app
    raw_response = await run_endpoint_function(
                   ^^^^^^^^^^^^^^^^^^^^^^^^^^^^
    ...<3 lines>...
    )
    ^
  File "C:\Users\фыа\AppData\Local\Programs\Python\Python314\Lib\site-packages\fastapi\routing.py", line 354, in run_endpoint_function
    return await run_in_threadpool(dependant.call, **values)
           ^^^^^^^^^^^^^^^^^^^^^^^^^^^^^^^^^^^^^^^^^^^^^^^^^
  File "C:\Users\фыа\AppData\Local\Programs\Python\Python314\Lib\site-packages\starlette\concurrency.py", line 34, in run_in_threadpool
    return await anyio.to_thread.run_sync(func)
           ^^^^^^^^^^^^^^^^^^^^^^^^^^^^^^^^^^^^
  File "C:\Users\фыа\AppData\Local\Programs\Python\Python314\Lib\site-packages\anyio\to_thread.py", line 63, in run_sync
    return await get_async_backend().run_sync_in_worker_thread(
           ^^^^^^^^^^^^^^^^^^^^^^^^^^^^^^^^^^^^^^^^^^^^^^^^^^^^
        func, args, abandon_on_cancel=abandon_on_cancel, limiter=limiter
        ^^^^^^^^^^^^^^^^^^^^^^^^^^^^^^^^^^^^^^^^^^^^^^^^^^^^^^^^^^^^^^^^
    )
    ^
  File "C:\Users\фыа\AppData\Local\Programs\Python\Python314\Lib\site-packages\anyio\_backends\_asyncio.py", line 2596, in run_sync_in_worker_thread
    return await future
           ^^^^^^^^^^^^
  File "C:\Users\фыа\AppData\Local\Programs\Python\Python314\Lib\site-packages\anyio\_backends\_asyncio.py", line 1029, in run
    result = context.run(func, *args)
  File "C:\Users\фыа\Documents\Obsidian Vault\Programs\JobMatrix\api\routes\notifications.py", line 24, in list_events
    q = q.filter(Event.read_at.is_(None))
  File "<string>", line 2, in filter
  File "C:\Users\фыа\AppData\Local\Programs\Python\Python314\Lib\site-packages\sqlalchemy\sql\base.py", line 284, in _generative
    x = fn(self, *args, **kw)
  File "<string>", line 2, in filter
  File "C:\Users\фыа\AppData\Local\Programs\Python\Python314\Lib\site-packages\sqlalchemy\orm\base.py", line 303, in generate
    assertion(self, fn.__name__)
    ~~~~~~~~~^^^^^^^^^^^^^^^^^^^
  File "C:\Users\фыа\AppData\Local\Programs\Python\Python314\Lib\site-packages\sqlalchemy\orm\query.py", line 444, in _no_limit_offset
    raise sa_exc.InvalidRequestError(
    ...<3 lines>...
    )
sqlalchemy.exc.InvalidRequestError: Query.filter() being called on a Query which already has LIMIT or OFFSET applied.  Call filter() before limit() or offset() are applied.
INFO:     127.0.0.1:53404 - "GET /api/vacancies HTTP/1.1" 200 OK
INFO:     Started server process [1772]
INFO:     Waiting for application startup.
2026-08-19 07:57:53,251 INFO jobmatrix: JobMatrix запущен: http://127.0.0.1:8000 (demo=True)
2026-08-19 07:57:53,326 INFO jobmatrix: Сбор: проверено 11, новых событий 3
INFO:     Application startup complete.
INFO:     Uvicorn running on http://127.0.0.1:8000 (Press CTRL+C to quit)
[JobMatrix] Запуск: http://127.0.0.1:8000
[JobMatrix] Демо-режим: True | Сбор каждые 2 мин
[JobMatrix] Логи: C:\Users\фыа\Documents\Obsidian Vault\Programs\JobMatrix\data\logs\app.log
[JobMatrix] Остановка: launcher\stop.bat (или Ctrl+C, если видна консоль)
INFO:     127.0.0.1:62708 - "GET / HTTP/1.1" 304 Not Modified
INFO:     127.0.0.1:62708 - "GET /style.css HTTP/1.1" 304 Not Modified
INFO:     127.0.0.1:62530 - "GET /app.js HTTP/1.1" 304 Not Modified
INFO:     127.0.0.1:49238 - "WebSocket /ws/events" [accepted]
INFO:     connection open
INFO:     127.0.0.1:62708 - "GET /api/notifications?unread=1 HTTP/1.1" 500 Internal Server Error
ERROR:    Exception in ASGI application
Traceback (most recent call last):
  File "C:\Users\фыа\AppData\Local\Programs\Python\Python314\Lib\site-packages\uvicorn\protocols\http\httptools_impl.py", line 422, in run_asgi
    result = await app(  # type: ignore[func-returns-value]
             ^^^^^^^^^^^^^^^^^^^^^^^^^^^^^^^^^^^^^^^^^^^^^^
        self.scope, self.receive, self.send
        ^^^^^^^^^^^^^^^^^^^^^^^^^^^^^^^^^^^
    )
    ^
  File "C:\Users\фыа\AppData\Local\Programs\Python\Python314\Lib\site-packages\uvicorn\middleware\proxy_headers.py", line 63, in __call__
    return await self.app(scope, receive, send)
           ^^^^^^^^^^^^^^^^^^^^^^^^^^^^^^^^^^^^
  File "C:\Users\фыа\AppData\Local\Programs\Python\Python314\Lib\site-packages\fastapi\applications.py", line 1163, in __call__
    await super().__call__(scope, receive, send)
  File "C:\Users\фыа\AppData\Local\Programs\Python\Python314\Lib\site-packages\starlette\applications.py", line 96, in __call__
    await self.middleware_stack(scope, receive, send)
  File "C:\Users\фыа\AppData\Local\Programs\Python\Python314\Lib\site-packages\starlette\middleware\errors.py", line 186, in __call__
    raise exc
  File "C:\Users\фыа\AppData\Local\Programs\Python\Python314\Lib\site-packages\starlette\middleware\errors.py", line 164, in __call__
    await self.app(scope, receive, _send)
  File "C:\Users\фыа\AppData\Local\Programs\Python\Python314\Lib\site-packages\starlette\middleware\cors.py", line 88, in __call__
    await self.app(scope, receive, send)
  File "C:\Users\фыа\AppData\Local\Programs\Python\Python314\Lib\site-packages\starlette\middleware\exceptions.py", line 63, in __call__
    await wrap_app_handling_exceptions(self.app, conn)(scope, receive, send)
  File "C:\Users\фыа\AppData\Local\Programs\Python\Python314\Lib\site-packages\starlette\_exception_handler.py", line 53, in wrapped_app
    raise exc
  File "C:\Users\фыа\AppData\Local\Programs\Python\Python314\Lib\site-packages\starlette\_exception_handler.py", line 42, in wrapped_app
    await app(scope, receive, sender)
  File "C:\Users\фыа\AppData\Local\Programs\Python\Python314\Lib\site-packages\fastapi\middleware\asyncexitstack.py", line 18, in __call__
    await self.app(scope, receive, send)
  File "C:\Users\фыа\AppData\Local\Programs\Python\Python314\Lib\site-packages\starlette\routing.py", line 670, in __call__
    await self.middleware_stack(scope, receive, send)
  File "C:\Users\фыа\AppData\Local\Programs\Python\Python314\Lib\site-packages\fastapi\routing.py", line 2734, in app
    await route.handle(scope, receive, send)
  File "C:\Users\фыа\AppData\Local\Programs\Python\Python314\Lib\site-packages\fastapi\routing.py", line 1780, in handle
    await self.original_router.handle(scope, receive, send)
  File "C:\Users\фыа\AppData\Local\Programs\Python\Python314\Lib\site-packages\fastapi\routing.py", line 2789, in handle
    await included_router._handle_selected(scope, receive, send)
  File "C:\Users\фыа\AppData\Local\Programs\Python\Python314\Lib\site-packages\fastapi\routing.py", line 1800, in _handle_selected
    await original_route.handle(scope, receive, send)
  File "C:\Users\фыа\AppData\Local\Programs\Python\Python314\Lib\site-packages\fastapi\routing.py", line 1279, in handle
    await app(scope, receive, send)
  File "C:\Users\фыа\AppData\Local\Programs\Python\Python314\Lib\site-packages\fastapi\routing.py", line 158, in app
    await wrap_app_handling_exceptions(app, request)(scope, receive, send)
  File "C:\Users\фыа\AppData\Local\Programs\Python\Python314\Lib\site-packages\starlette\_exception_handler.py", line 53, in wrapped_app
    raise exc
  File "C:\Users\фыа\AppData\Local\Programs\Python\Python314\Lib\site-packages\starlette\_exception_handler.py", line 42, in wrapped_app
    await app(scope, receive, sender)
  File "C:\Users\фыа\AppData\Local\Programs\Python\Python314\Lib\site-packages\fastapi\routing.py", line 144, in app
    response = await f(request)
               ^^^^^^^^^^^^^^^^
  File "C:\Users\фыа\AppData\Local\Programs\Python\Python314\Lib\site-packages\fastapi\routing.py", line 706, in app
    raw_response = await run_endpoint_function(
                   ^^^^^^^^^^^^^^^^^^^^^^^^^^^^
    ...<3 lines>...
    )
    ^
  File "C:\Users\фыа\AppData\Local\Programs\Python\Python314\Lib\site-packages\fastapi\routing.py", line 354, in run_endpoint_function
    return await run_in_threadpool(dependant.call, **values)
           ^^^^^^^^^^^^^^^^^^^^^^^^^^^^^^^^^^^^^^^^^^^^^^^^^
  File "C:\Users\фыа\AppData\Local\Programs\Python\Python314\Lib\site-packages\starlette\concurrency.py", line 34, in run_in_threadpool
    return await anyio.to_thread.run_sync(func)
           ^^^^^^^^^^^^^^^^^^^^^^^^^^^^^^^^^^^^
  File "C:\Users\фыа\AppData\Local\Programs\Python\Python314\Lib\site-packages\anyio\to_thread.py", line 63, in run_sync
    return await get_async_backend().run_sync_in_worker_thread(
           ^^^^^^^^^^^^^^^^^^^^^^^^^^^^^^^^^^^^^^^^^^^^^^^^^^^^
        func, args, abandon_on_cancel=abandon_on_cancel, limiter=limiter
        ^^^^^^^^^^^^^^^^^^^^^^^^^^^^^^^^^^^^^^^^^^^^^^^^^^^^^^^^^^^^^^^^
    )
    ^
  File "C:\Users\фыа\AppData\Local\Programs\Python\Python314\Lib\site-packages\anyio\_backends\_asyncio.py", line 2596, in run_sync_in_worker_thread
    return await future
           ^^^^^^^^^^^^
  File "C:\Users\фыа\AppData\Local\Programs\Python\Python314\Lib\site-packages\anyio\_backends\_asyncio.py", line 1029, in run
    result = context.run(func, *args)
  File "C:\Users\фыа\Documents\Obsidian Vault\Programs\JobMatrix\api\routes\notifications.py", line 24, in list_events
    q = q.filter(Event.read_at.is_(None))
  File "<string>", line 2, in filter
  File "C:\Users\фыа\AppData\Local\Programs\Python\Python314\Lib\site-packages\sqlalchemy\sql\base.py", line 284, in _generative
    x = fn(self, *args, **kw)
  File "<string>", line 2, in filter
  File "C:\Users\фыа\AppData\Local\Programs\Python\Python314\Lib\site-packages\sqlalchemy\orm\base.py", line 303, in generate
    assertion(self, fn.__name__)
    ~~~~~~~~~^^^^^^^^^^^^^^^^^^^
  File "C:\Users\фыа\AppData\Local\Programs\Python\Python314\Lib\site-packages\sqlalchemy\orm\query.py", line 444, in _no_limit_offset
    raise sa_exc.InvalidRequestError(
    ...<3 lines>...
    )
sqlalchemy.exc.InvalidRequestError: Query.filter() being called on a Query which already has LIMIT or OFFSET applied.  Call filter() before limit() or offset() are applied.
INFO:     127.0.0.1:62530 - "GET /api/vacancies HTTP/1.1" 200 OK
INFO:     127.0.0.1:55031 - "WebSocket /ws/events" [accepted]
INFO:     connection open
INFO:     127.0.0.1:61387 - "GET /api/notifications?unread=1 HTTP/1.1" 500 Internal Server Error
ERROR:    Exception in ASGI application
Traceback (most recent call last):
  File "C:\Users\фыа\AppData\Local\Programs\Python\Python314\Lib\site-packages\uvicorn\protocols\http\httptools_impl.py", line 422, in run_asgi
    result = await app(  # type: ignore[func-returns-value]
             ^^^^^^^^^^^^^^^^^^^^^^^^^^^^^^^^^^^^^^^^^^^^^^
        self.scope, self.receive, self.send
        ^^^^^^^^^^^^^^^^^^^^^^^^^^^^^^^^^^^
    )
    ^
  File "C:\Users\фыа\AppData\Local\Programs\Python\Python314\Lib\site-packages\uvicorn\middleware\proxy_headers.py", line 63, in __call__
    return await self.app(scope, receive, send)
           ^^^^^^^^^^^^^^^^^^^^^^^^^^^^^^^^^^^^
  File "C:\Users\фыа\AppData\Local\Programs\Python\Python314\Lib\site-packages\fastapi\applications.py", line 1163, in __call__
    await super().__call__(scope, receive, send)
  File "C:\Users\фыа\AppData\Local\Programs\Python\Python314\Lib\site-packages\starlette\applications.py", line 96, in __call__
    await self.middleware_stack(scope, receive, send)
  File "C:\Users\фыа\AppData\Local\Programs\Python\Python314\Lib\site-packages\starlette\middleware\errors.py", line 186, in __call__
    raise exc
  File "C:\Users\фыа\AppData\Local\Programs\Python\Python314\Lib\site-packages\starlette\middleware\errors.py", line 164, in __call__
    await self.app(scope, receive, _send)
  File "C:\Users\фыа\AppData\Local\Programs\Python\Python314\Lib\site-packages\starlette\middleware\cors.py", line 88, in __call__
    await self.app(scope, receive, send)
  File "C:\Users\фыа\AppData\Local\Programs\Python\Python314\Lib\site-packages\starlette\middleware\exceptions.py", line 63, in __call__
    await wrap_app_handling_exceptions(self.app, conn)(scope, receive, send)
  File "C:\Users\фыа\AppData\Local\Programs\Python\Python314\Lib\site-packages\starlette\_exception_handler.py", line 53, in wrapped_app
    raise exc
  File "C:\Users\фыа\AppData\Local\Programs\Python\Python314\Lib\site-packages\starlette\_exception_handler.py", line 42, in wrapped_app
    await app(scope, receive, sender)
  File "C:\Users\фыа\AppData\Local\Programs\Python\Python314\Lib\site-packages\fastapi\middleware\asyncexitstack.py", line 18, in __call__
    await self.app(scope, receive, send)
  File "C:\Users\фыа\AppData\Local\Programs\Python\Python314\Lib\site-packages\starlette\routing.py", line 670, in __call__
    await self.middleware_stack(scope, receive, send)
  File "C:\Users\фыа\AppData\Local\Programs\Python\Python314\Lib\site-packages\fastapi\routing.py", line 2734, in app
    await route.handle(scope, receive, send)
  File "C:\Users\фыа\AppData\Local\Programs\Python\Python314\Lib\site-packages\fastapi\routing.py", line 1780, in handle
    await self.original_router.handle(scope, receive, send)
  File "C:\Users\фыа\AppData\Local\Programs\Python\Python314\Lib\site-packages\fastapi\routing.py", line 2789, in handle
    await included_router._handle_selected(scope, receive, send)
  File "C:\Users\фыа\AppData\Local\Programs\Python\Python314\Lib\site-packages\fastapi\routing.py", line 1800, in _handle_selected
    await original_route.handle(scope, receive, send)
  File "C:\Users\фыа\AppData\Local\Programs\Python\Python314\Lib\site-packages\fastapi\routing.py", line 1279, in handle
    await app(scope, receive, send)
  File "C:\Users\фыа\AppData\Local\Programs\Python\Python314\Lib\site-packages\fastapi\routing.py", line 158, in app
    await wrap_app_handling_exceptions(app, request)(scope, receive, send)
  File "C:\Users\фыа\AppData\Local\Programs\Python\Python314\Lib\site-packages\starlette\_exception_handler.py", line 53, in wrapped_app
    raise exc
  File "C:\Users\фыа\AppData\Local\Programs\Python\Python314\Lib\site-packages\starlette\_exception_handler.py", line 42, in wrapped_app
    await app(scope, receive, sender)
  File "C:\Users\фыа\AppData\Local\Programs\Python\Python314\Lib\site-packages\fastapi\routing.py", line 144, in app
    response = await f(request)
               ^^^^^^^^^^^^^^^^
  File "C:\Users\фыа\AppData\Local\Programs\Python\Python314\Lib\site-packages\fastapi\routing.py", line 706, in app
    raw_response = await run_endpoint_function(
                   ^^^^^^^^^^^^^^^^^^^^^^^^^^^^
    ...<3 lines>...
    )
    ^
  File "C:\Users\фыа\AppData\Local\Programs\Python\Python314\Lib\site-packages\fastapi\routing.py", line 354, in run_endpoint_function
    return await run_in_threadpool(dependant.call, **values)
           ^^^^^^^^^^^^^^^^^^^^^^^^^^^^^^^^^^^^^^^^^^^^^^^^^
  File "C:\Users\фыа\AppData\Local\Programs\Python\Python314\Lib\site-packages\starlette\concurrency.py", line 34, in run_in_threadpool
    return await anyio.to_thread.run_sync(func)
           ^^^^^^^^^^^^^^^^^^^^^^^^^^^^^^^^^^^^
  File "C:\Users\фыа\AppData\Local\Programs\Python\Python314\Lib\site-packages\anyio\to_thread.py", line 63, in run_sync
    return await get_async_backend().run_sync_in_worker_thread(
           ^^^^^^^^^^^^^^^^^^^^^^^^^^^^^^^^^^^^^^^^^^^^^^^^^^^^
        func, args, abandon_on_cancel=abandon_on_cancel, limiter=limiter
        ^^^^^^^^^^^^^^^^^^^^^^^^^^^^^^^^^^^^^^^^^^^^^^^^^^^^^^^^^^^^^^^^
    )
    ^
  File "C:\Users\фыа\AppData\Local\Programs\Python\Python314\Lib\site-packages\anyio\_backends\_asyncio.py", line 2596, in run_sync_in_worker_thread
    return await future
           ^^^^^^^^^^^^
  File "C:\Users\фыа\AppData\Local\Programs\Python\Python314\Lib\site-packages\anyio\_backends\_asyncio.py", line 1029, in run
    result = context.run(func, *args)
  File "C:\Users\фыа\Documents\Obsidian Vault\Programs\JobMatrix\api\routes\notifications.py", line 24, in list_events
    q = q.filter(Event.read_at.is_(None))
  File "<string>", line 2, in filter
  File "C:\Users\фыа\AppData\Local\Programs\Python\Python314\Lib\site-packages\sqlalchemy\sql\base.py", line 284, in _generative
    x = fn(self, *args, **kw)
  File "<string>", line 2, in filter
  File "C:\Users\фыа\AppData\Local\Programs\Python\Python314\Lib\site-packages\sqlalchemy\orm\base.py", line 303, in generate
    assertion(self, fn.__name__)
    ~~~~~~~~~^^^^^^^^^^^^^^^^^^^
  File "C:\Users\фыа\AppData\Local\Programs\Python\Python314\Lib\site-packages\sqlalchemy\orm\query.py", line 444, in _no_limit_offset
    raise sa_exc.InvalidRequestError(
    ...<3 lines>...
    )
sqlalchemy.exc.InvalidRequestError: Query.filter() being called on a Query which already has LIMIT or OFFSET applied.  Call filter() before limit() or offset() are applied.
INFO:     127.0.0.1:50630 - "GET /api/vacancies HTTP/1.1" 200 OK
INFO:     127.0.0.1:58798 - "GET /api/notifications?unread=1 HTTP/1.1" 500 Internal Server Error
ERROR:    Exception in ASGI application
Traceback (most recent call last):
  File "C:\Users\фыа\AppData\Local\Programs\Python\Python314\Lib\site-packages\uvicorn\protocols\http\httptools_impl.py", line 422, in run_asgi
    result = await app(  # type: ignore[func-returns-value]
             ^^^^^^^^^^^^^^^^^^^^^^^^^^^^^^^^^^^^^^^^^^^^^^
        self.scope, self.receive, self.send
        ^^^^^^^^^^^^^^^^^^^^^^^^^^^^^^^^^^^
    )
    ^
  File "C:\Users\фыа\AppData\Local\Programs\Python\Python314\Lib\site-packages\uvicorn\middleware\proxy_headers.py", line 63, in __call__
    return await self.app(scope, receive, send)
           ^^^^^^^^^^^^^^^^^^^^^^^^^^^^^^^^^^^^
  File "C:\Users\фыа\AppData\Local\Programs\Python\Python314\Lib\site-packages\fastapi\applications.py", line 1163, in __call__
    await super().__call__(scope, receive, send)
  File "C:\Users\фыа\AppData\Local\Programs\Python\Python314\Lib\site-packages\starlette\applications.py", line 96, in __call__
    await self.middleware_stack(scope, receive, send)
  File "C:\Users\фыа\AppData\Local\Programs\Python\Python314\Lib\site-packages\starlette\middleware\errors.py", line 186, in __call__
    raise exc
  File "C:\Users\фыа\AppData\Local\Programs\Python\Python314\Lib\site-packages\starlette\middleware\errors.py", line 164, in __call__
    await self.app(scope, receive, _send)
  File "C:\Users\фыа\AppData\Local\Programs\Python\Python314\Lib\site-packages\starlette\middleware\cors.py", line 88, in __call__
    await self.app(scope, receive, send)
  File "C:\Users\фыа\AppData\Local\Programs\Python\Python314\Lib\site-packages\starlette\middleware\exceptions.py", line 63, in __call__
    await wrap_app_handling_exceptions(self.app, conn)(scope, receive, send)
  File "C:\Users\фыа\AppData\Local\Programs\Python\Python314\Lib\site-packages\starlette\_exception_handler.py", line 53, in wrapped_app
    raise exc
  File "C:\Users\фыа\AppData\Local\Programs\Python\Python314\Lib\site-packages\starlette\_exception_handler.py", line 42, in wrapped_app
    await app(scope, receive, sender)
  File "C:\Users\фыа\AppData\Local\Programs\Python\Python314\Lib\site-packages\fastapi\middleware\asyncexitstack.py", line 18, in __call__
    await self.app(scope, receive, send)
  File "C:\Users\фыа\AppData\Local\Programs\Python\Python314\Lib\site-packages\starlette\routing.py", line 670, in __call__
    await self.middleware_stack(scope, receive, send)
  File "C:\Users\фыа\AppData\Local\Programs\Python\Python314\Lib\site-packages\fastapi\routing.py", line 2734, in app
    await route.handle(scope, receive, send)
  File "C:\Users\фыа\AppData\Local\Programs\Python\Python314\Lib\site-packages\fastapi\routing.py", line 1780, in handle
    await self.original_router.handle(scope, receive, send)
  File "C:\Users\фыа\AppData\Local\Programs\Python\Python314\Lib\site-packages\fastapi\routing.py", line 2789, in handle
    await included_router._handle_selected(scope, receive, send)
  File "C:\Users\фыа\AppData\Local\Programs\Python\Python314\Lib\site-packages\fastapi\routing.py", line 1800, in _handle_selected
    await original_route.handle(scope, receive, send)
  File "C:\Users\фыа\AppData\Local\Programs\Python\Python314\Lib\site-packages\fastapi\routing.py", line 1279, in handle
    await app(scope, receive, send)
  File "C:\Users\фыа\AppData\Local\Programs\Python\Python314\Lib\site-packages\fastapi\routing.py", line 158, in app
    await wrap_app_handling_exceptions(app, request)(scope, receive, send)
  File "C:\Users\фыа\AppData\Local\Programs\Python\Python314\Lib\site-packages\starlette\_exception_handler.py", line 53, in wrapped_app
    raise exc
  File "C:\Users\фыа\AppData\Local\Programs\Python\Python314\Lib\site-packages\starlette\_exception_handler.py", line 42, in wrapped_app
    await app(scope, receive, sender)
  File "C:\Users\фыа\AppData\Local\Programs\Python\Python314\Lib\site-packages\fastapi\routing.py", line 144, in app
    response = await f(request)
               ^^^^^^^^^^^^^^^^
  File "C:\Users\фыа\AppData\Local\Programs\Python\Python314\Lib\site-packages\fastapi\routing.py", line 706, in app
    raw_response = await run_endpoint_function(
                   ^^^^^^^^^^^^^^^^^^^^^^^^^^^^
    ...<3 lines>...
    )
    ^
  File "C:\Users\фыа\AppData\Local\Programs\Python\Python314\Lib\site-packages\fastapi\routing.py", line 354, in run_endpoint_function
    return await run_in_threadpool(dependant.call, **values)
           ^^^^^^^^^^^^^^^^^^^^^^^^^^^^^^^^^^^^^^^^^^^^^^^^^
  File "C:\Users\фыа\AppData\Local\Programs\Python\Python314\Lib\site-packages\starlette\concurrency.py", line 34, in run_in_threadpool
    return await anyio.to_thread.run_sync(func)
           ^^^^^^^^^^^^^^^^^^^^^^^^^^^^^^^^^^^^
  File "C:\Users\фыа\AppData\Local\Programs\Python\Python314\Lib\site-packages\anyio\to_thread.py", line 63, in run_sync
    return await get_async_backend().run_sync_in_worker_thread(
           ^^^^^^^^^^^^^^^^^^^^^^^^^^^^^^^^^^^^^^^^^^^^^^^^^^^^
        func, args, abandon_on_cancel=abandon_on_cancel, limiter=limiter
        ^^^^^^^^^^^^^^^^^^^^^^^^^^^^^^^^^^^^^^^^^^^^^^^^^^^^^^^^^^^^^^^^
    )
    ^
  File "C:\Users\фыа\AppData\Local\Programs\Python\Python314\Lib\site-packages\anyio\_backends\_asyncio.py", line 2596, in run_sync_in_worker_thread
    return await future
           ^^^^^^^^^^^^
  File "C:\Users\фыа\AppData\Local\Programs\Python\Python314\Lib\site-packages\anyio\_backends\_asyncio.py", line 1029, in run
    result = context.run(func, *args)
  File "C:\Users\фыа\Documents\Obsidian Vault\Programs\JobMatrix\api\routes\notifications.py", line 24, in list_events
    q = q.filter(Event.read_at.is_(None))
  File "<string>", line 2, in filter
  File "C:\Users\фыа\AppData\Local\Programs\Python\Python314\Lib\site-packages\sqlalchemy\sql\base.py", line 284, in _generative
    x = fn(self, *args, **kw)
  File "<string>", line 2, in filter
  File "C:\Users\фыа\AppData\Local\Programs\Python\Python314\Lib\site-packages\sqlalchemy\orm\base.py", line 303, in generate
    assertion(self, fn.__name__)
    ~~~~~~~~~^^^^^^^^^^^^^^^^^^^
  File "C:\Users\фыа\AppData\Local\Programs\Python\Python314\Lib\site-packages\sqlalchemy\orm\query.py", line 444, in _no_limit_offset
    raise sa_exc.InvalidRequestError(
    ...<3 lines>...
    )
sqlalchemy.exc.InvalidRequestError: Query.filter() being called on a Query which already has LIMIT or OFFSET applied.  Call filter() before limit() or offset() are applied.
INFO:     127.0.0.1:53463 - "GET /api/vacancies HTTP/1.1" 200 OK
INFO:     127.0.0.1:54207 - "GET /api/notifications?unread=1 HTTP/1.1" 500 Internal Server Error
ERROR:    Exception in ASGI application
Traceback (most recent call last):
  File "C:\Users\фыа\AppData\Local\Programs\Python\Python314\Lib\site-packages\uvicorn\protocols\http\httptools_impl.py", line 422, in run_asgi
    result = await app(  # type: ignore[func-returns-value]
             ^^^^^^^^^^^^^^^^^^^^^^^^^^^^^^^^^^^^^^^^^^^^^^
        self.scope, self.receive, self.send
        ^^^^^^^^^^^^^^^^^^^^^^^^^^^^^^^^^^^
    )
    ^
  File "C:\Users\фыа\AppData\Local\Programs\Python\Python314\Lib\site-packages\uvicorn\middleware\proxy_headers.py", line 63, in __call__
    return await self.app(scope, receive, send)
           ^^^^^^^^^^^^^^^^^^^^^^^^^^^^^^^^^^^^
  File "C:\Users\фыа\AppData\Local\Programs\Python\Python314\Lib\site-packages\fastapi\applications.py", line 1163, in __call__
    await super().__call__(scope, receive, send)
  File "C:\Users\фыа\AppData\Local\Programs\Python\Python314\Lib\site-packages\starlette\applications.py", line 96, in __call__
    await self.middleware_stack(scope, receive, send)
  File "C:\Users\фыа\AppData\Local\Programs\Python\Python314\Lib\site-packages\starlette\middleware\errors.py", line 186, in __call__
    raise exc
  File "C:\Users\фыа\AppData\Local\Programs\Python\Python314\Lib\site-packages\starlette\middleware\errors.py", line 164, in __call__
    await self.app(scope, receive, _send)
  File "C:\Users\фыа\AppData\Local\Programs\Python\Python314\Lib\site-packages\starlette\middleware\cors.py", line 88, in __call__
    await self.app(scope, receive, send)
  File "C:\Users\фыа\AppData\Local\Programs\Python\Python314\Lib\site-packages\starlette\middleware\exceptions.py", line 63, in __call__
    await wrap_app_handling_exceptions(self.app, conn)(scope, receive, send)
  File "C:\Users\фыа\AppData\Local\Programs\Python\Python314\Lib\site-packages\starlette\_exception_handler.py", line 53, in wrapped_app
    raise exc
  File "C:\Users\фыа\AppData\Local\Programs\Python\Python314\Lib\site-packages\starlette\_exception_handler.py", line 42, in wrapped_app
    await app(scope, receive, sender)
  File "C:\Users\фыа\AppData\Local\Programs\Python\Python314\Lib\site-packages\fastapi\middleware\asyncexitstack.py", line 18, in __call__
    await self.app(scope, receive, send)
  File "C:\Users\фыа\AppData\Local\Programs\Python\Python314\Lib\site-packages\starlette\routing.py", line 670, in __call__
    await self.middleware_stack(scope, receive, send)
  File "C:\Users\фыа\AppData\Local\Programs\Python\Python314\Lib\site-packages\fastapi\routing.py", line 2734, in app
    await route.handle(scope, receive, send)
  File "C:\Users\фыа\AppData\Local\Programs\Python\Python314\Lib\site-packages\fastapi\routing.py", line 1780, in handle
    await self.original_router.handle(scope, receive, send)
  File "C:\Users\фыа\AppData\Local\Programs\Python\Python314\Lib\site-packages\fastapi\routing.py", line 2789, in handle
    await included_router._handle_selected(scope, receive, send)
  File "C:\Users\фыа\AppData\Local\Programs\Python\Python314\Lib\site-packages\fastapi\routing.py", line 1800, in _handle_selected
    await original_route.handle(scope, receive, send)
  File "C:\Users\фыа\AppData\Local\Programs\Python\Python314\Lib\site-packages\fastapi\routing.py", line 1279, in handle
    await app(scope, receive, send)
  File "C:\Users\фыа\AppData\Local\Programs\Python\Python314\Lib\site-packages\fastapi\routing.py", line 158, in app
    await wrap_app_handling_exceptions(app, request)(scope, receive, send)
  File "C:\Users\фыа\AppData\Local\Programs\Python\Python314\Lib\site-packages\starlette\_exception_handler.py", line 53, in wrapped_app
    raise exc
  File "C:\Users\фыа\AppData\Local\Programs\Python\Python314\Lib\site-packages\starlette\_exception_handler.py", line 42, in wrapped_app
    await app(scope, receive, sender)
  File "C:\Users\фыа\AppData\Local\Programs\Python\Python314\Lib\site-packages\fastapi\routing.py", line 144, in app
    response = await f(request)
               ^^^^^^^^^^^^^^^^
  File "C:\Users\фыа\AppData\Local\Programs\Python\Python314\Lib\site-packages\fastapi\routing.py", line 706, in app
    raw_response = await run_endpoint_function(
                   ^^^^^^^^^^^^^^^^^^^^^^^^^^^^
    ...<3 lines>...
    )
    ^
  File "C:\Users\фыа\AppData\Local\Programs\Python\Python314\Lib\site-packages\fastapi\routing.py", line 354, in run_endpoint_function
    return await run_in_threadpool(dependant.call, **values)
           ^^^^^^^^^^^^^^^^^^^^^^^^^^^^^^^^^^^^^^^^^^^^^^^^^
  File "C:\Users\фыа\AppData\Local\Programs\Python\Python314\Lib\site-packages\starlette\concurrency.py", line 34, in run_in_threadpool
    return await anyio.to_thread.run_sync(func)
           ^^^^^^^^^^^^^^^^^^^^^^^^^^^^^^^^^^^^
  File "C:\Users\фыа\AppData\Local\Programs\Python\Python314\Lib\site-packages\anyio\to_thread.py", line 63, in run_sync
    return await get_async_backend().run_sync_in_worker_thread(
           ^^^^^^^^^^^^^^^^^^^^^^^^^^^^^^^^^^^^^^^^^^^^^^^^^^^^
        func, args, abandon_on_cancel=abandon_on_cancel, limiter=limiter
        ^^^^^^^^^^^^^^^^^^^^^^^^^^^^^^^^^^^^^^^^^^^^^^^^^^^^^^^^^^^^^^^^
    )
    ^
  File "C:\Users\фыа\AppData\Local\Programs\Python\Python314\Lib\site-packages\anyio\_backends\_asyncio.py", line 2596, in run_sync_in_worker_thread
    return await future
           ^^^^^^^^^^^^
  File "C:\Users\фыа\AppData\Local\Programs\Python\Python314\Lib\site-packages\anyio\_backends\_asyncio.py", line 1029, in run
    result = context.run(func, *args)
  File "C:\Users\фыа\Documents\Obsidian Vault\Programs\JobMatrix\api\routes\notifications.py", line 24, in list_events
    q = q.filter(Event.read_at.is_(None))
  File "<string>", line 2, in filter
  File "C:\Users\фыа\AppData\Local\Programs\Python\Python314\Lib\site-packages\sqlalchemy\sql\base.py", line 284, in _generative
    x = fn(self, *args, **kw)
  File "<string>", line 2, in filter
  File "C:\Users\фыа\AppData\Local\Programs\Python\Python314\Lib\site-packages\sqlalchemy\orm\base.py", line 303, in generate
    assertion(self, fn.__name__)
    ~~~~~~~~~^^^^^^^^^^^^^^^^^^^
  File "C:\Users\фыа\AppData\Local\Programs\Python\Python314\Lib\site-packages\sqlalchemy\orm\query.py", line 444, in _no_limit_offset
    raise sa_exc.InvalidRequestError(
    ...<3 lines>...
    )
sqlalchemy.exc.InvalidRequestError: Query.filter() being called on a Query which already has LIMIT or OFFSET applied.  Call filter() before limit() or offset() are applied.
INFO:     127.0.0.1:65291 - "GET /api/vacancies HTTP/1.1" 200 OK
INFO:     127.0.0.1:49671 - "GET /api/notifications?unread=1 HTTP/1.1" 500 Internal Server Error
ERROR:    Exception in ASGI application
Traceback (most recent call last):
  File "C:\Users\фыа\AppData\Local\Programs\Python\Python314\Lib\site-packages\uvicorn\protocols\http\httptools_impl.py", line 422, in run_asgi
    result = await app(  # type: ignore[func-returns-value]
             ^^^^^^^^^^^^^^^^^^^^^^^^^^^^^^^^^^^^^^^^^^^^^^
        self.scope, self.receive, self.send
        ^^^^^^^^^^^^^^^^^^^^^^^^^^^^^^^^^^^
    )
    ^
  File "C:\Users\фыа\AppData\Local\Programs\Python\Python314\Lib\site-packages\uvicorn\middleware\proxy_headers.py", line 63, in __call__
    return await self.app(scope, receive, send)
           ^^^^^^^^^^^^^^^^^^^^^^^^^^^^^^^^^^^^
  File "C:\Users\фыа\AppData\Local\Programs\Python\Python314\Lib\site-packages\fastapi\applications.py", line 1163, in __call__
    await super().__call__(scope, receive, send)
  File "C:\Users\фыа\AppData\Local\Programs\Python\Python314\Lib\site-packages\starlette\applications.py", line 96, in __call__
    await self.middleware_stack(scope, receive, send)
  File "C:\Users\фыа\AppData\Local\Programs\Python\Python314\Lib\site-packages\starlette\middleware\errors.py", line 186, in __call__
    raise exc
  File "C:\Users\фыа\AppData\Local\Programs\Python\Python314\Lib\site-packages\starlette\middleware\errors.py", line 164, in __call__
    await self.app(scope, receive, _send)
  File "C:\Users\фыа\AppData\Local\Programs\Python\Python314\Lib\site-packages\starlette\middleware\cors.py", line 88, in __call__
    await self.app(scope, receive, send)
  File "C:\Users\фыа\AppData\Local\Programs\Python\Python314\Lib\site-packages\starlette\middleware\exceptions.py", line 63, in __call__
    await wrap_app_handling_exceptions(self.app, conn)(scope, receive, send)
  File "C:\Users\фыа\AppData\Local\Programs\Python\Python314\Lib\site-packages\starlette\_exception_handler.py", line 53, in wrapped_app
    raise exc
  File "C:\Users\фыа\AppData\Local\Programs\Python\Python314\Lib\site-packages\starlette\_exception_handler.py", line 42, in wrapped_app
    await app(scope, receive, sender)
  File "C:\Users\фыа\AppData\Local\Programs\Python\Python314\Lib\site-packages\fastapi\middleware\asyncexitstack.py", line 18, in __call__
    await self.app(scope, receive, send)
  File "C:\Users\фыа\AppData\Local\Programs\Python\Python314\Lib\site-packages\starlette\routing.py", line 670, in __call__
    await self.middleware_stack(scope, receive, send)
  File "C:\Users\фыа\AppData\Local\Programs\Python\Python314\Lib\site-packages\fastapi\routing.py", line 2734, in app
    await route.handle(scope, receive, send)
  File "C:\Users\фыа\AppData\Local\Programs\Python\Python314\Lib\site-packages\fastapi\routing.py", line 1780, in handle
    await self.original_router.handle(scope, receive, send)
  File "C:\Users\фыа\AppData\Local\Programs\Python\Python314\Lib\site-packages\fastapi\routing.py", line 2789, in handle
    await included_router._handle_selected(scope, receive, send)
  File "C:\Users\фыа\AppData\Local\Programs\Python\Python314\Lib\site-packages\fastapi\routing.py", line 1800, in _handle_selected
    await original_route.handle(scope, receive, send)
  File "C:\Users\фыа\AppData\Local\Programs\Python\Python314\Lib\site-packages\fastapi\routing.py", line 1279, in handle
    await app(scope, receive, send)
  File "C:\Users\фыа\AppData\Local\Programs\Python\Python314\Lib\site-packages\fastapi\routing.py", line 158, in app
    await wrap_app_handling_exceptions(app, request)(scope, receive, send)
  File "C:\Users\фыа\AppData\Local\Programs\Python\Python314\Lib\site-packages\starlette\_exception_handler.py", line 53, in wrapped_app
    raise exc
  File "C:\Users\фыа\AppData\Local\Programs\Python\Python314\Lib\site-packages\starlette\_exception_handler.py", line 42, in wrapped_app
    await app(scope, receive, sender)
  File "C:\Users\фыа\AppData\Local\Programs\Python\Python314\Lib\site-packages\fastapi\routing.py", line 144, in app
    response = await f(request)
               ^^^^^^^^^^^^^^^^
  File "C:\Users\фыа\AppData\Local\Programs\Python\Python314\Lib\site-packages\fastapi\routing.py", line 706, in app
    raw_response = await run_endpoint_function(
                   ^^^^^^^^^^^^^^^^^^^^^^^^^^^^
    ...<3 lines>...
    )
    ^
  File "C:\Users\фыа\AppData\Local\Programs\Python\Python314\Lib\site-packages\fastapi\routing.py", line 354, in run_endpoint_function
    return await run_in_threadpool(dependant.call, **values)
           ^^^^^^^^^^^^^^^^^^^^^^^^^^^^^^^^^^^^^^^^^^^^^^^^^
  File "C:\Users\фыа\AppData\Local\Programs\Python\Python314\Lib\site-packages\starlette\concurrency.py", line 34, in run_in_threadpool
    return await anyio.to_thread.run_sync(func)
           ^^^^^^^^^^^^^^^^^^^^^^^^^^^^^^^^^^^^
  File "C:\Users\фыа\AppData\Local\Programs\Python\Python314\Lib\site-packages\anyio\to_thread.py", line 63, in run_sync
    return await get_async_backend().run_sync_in_worker_thread(
           ^^^^^^^^^^^^^^^^^^^^^^^^^^^^^^^^^^^^^^^^^^^^^^^^^^^^
        func, args, abandon_on_cancel=abandon_on_cancel, limiter=limiter
        ^^^^^^^^^^^^^^^^^^^^^^^^^^^^^^^^^^^^^^^^^^^^^^^^^^^^^^^^^^^^^^^^
    )
    ^
  File "C:\Users\фыа\AppData\Local\Programs\Python\Python314\Lib\site-packages\anyio\_backends\_asyncio.py", line 2596, in run_sync_in_worker_thread
    return await future
           ^^^^^^^^^^^^
  File "C:\Users\фыа\AppData\Local\Programs\Python\Python314\Lib\site-packages\anyio\_backends\_asyncio.py", line 1029, in run
    result = context.run(func, *args)
  File "C:\Users\фыа\Documents\Obsidian Vault\Programs\JobMatrix\api\routes\notifications.py", line 24, in list_events
    q = q.filter(Event.read_at.is_(None))
  File "<string>", line 2, in filter
  File "C:\Users\фыа\AppData\Local\Programs\Python\Python314\Lib\site-packages\sqlalchemy\sql\base.py", line 284, in _generative
    x = fn(self, *args, **kw)
  File "<string>", line 2, in filter
  File "C:\Users\фыа\AppData\Local\Programs\Python\Python314\Lib\site-packages\sqlalchemy\orm\base.py", line 303, in generate
    assertion(self, fn.__name__)
    ~~~~~~~~~^^^^^^^^^^^^^^^^^^^
  File "C:\Users\фыа\AppData\Local\Programs\Python\Python314\Lib\site-packages\sqlalchemy\orm\query.py", line 444, in _no_limit_offset
    raise sa_exc.InvalidRequestError(
    ...<3 lines>...
    )
sqlalchemy.exc.InvalidRequestError: Query.filter() being called on a Query which already has LIMIT or OFFSET applied.  Call filter() before limit() or offset() are applied.
INFO:     127.0.0.1:61477 - "GET /api/vacancies HTTP/1.1" 200 OK
INFO:     127.0.0.1:58000 - "GET /api/notifications?unread=1 HTTP/1.1" 500 Internal Server Error
ERROR:    Exception in ASGI application
Traceback (most recent call last):
  File "C:\Users\фыа\AppData\Local\Programs\Python\Python314\Lib\site-packages\uvicorn\protocols\http\httptools_impl.py", line 422, in run_asgi
    result = await app(  # type: ignore[func-returns-value]
             ^^^^^^^^^^^^^^^^^^^^^^^^^^^^^^^^^^^^^^^^^^^^^^
        self.scope, self.receive, self.send
        ^^^^^^^^^^^^^^^^^^^^^^^^^^^^^^^^^^^
    )
    ^
  File "C:\Users\фыа\AppData\Local\Programs\Python\Python314\Lib\site-packages\uvicorn\middleware\proxy_headers.py", line 63, in __call__
    return await self.app(scope, receive, send)
           ^^^^^^^^^^^^^^^^^^^^^^^^^^^^^^^^^^^^
  File "C:\Users\фыа\AppData\Local\Programs\Python\Python314\Lib\site-packages\fastapi\applications.py", line 1163, in __call__
    await super().__call__(scope, receive, send)
  File "C:\Users\фыа\AppData\Local\Programs\Python\Python314\Lib\site-packages\starlette\applications.py", line 96, in __call__
    await self.middleware_stack(scope, receive, send)
  File "C:\Users\фыа\AppData\Local\Programs\Python\Python314\Lib\site-packages\starlette\middleware\errors.py", line 186, in __call__
    raise exc
  File "C:\Users\фыа\AppData\Local\Programs\Python\Python314\Lib\site-packages\starlette\middleware\errors.py", line 164, in __call__
    await self.app(scope, receive, _send)
  File "C:\Users\фыа\AppData\Local\Programs\Python\Python314\Lib\site-packages\starlette\middleware\cors.py", line 88, in __call__
    await self.app(scope, receive, send)
  File "C:\Users\фыа\AppData\Local\Programs\Python\Python314\Lib\site-packages\starlette\middleware\exceptions.py", line 63, in __call__
    await wrap_app_handling_exceptions(self.app, conn)(scope, receive, send)
  File "C:\Users\фыа\AppData\Local\Programs\Python\Python314\Lib\site-packages\starlette\_exception_handler.py", line 53, in wrapped_app
    raise exc
  File "C:\Users\фыа\AppData\Local\Programs\Python\Python314\Lib\site-packages\starlette\_exception_handler.py", line 42, in wrapped_app
    await app(scope, receive, sender)
  File "C:\Users\фыа\AppData\Local\Programs\Python\Python314\Lib\site-packages\fastapi\middleware\asyncexitstack.py", line 18, in __call__
    await self.app(scope, receive, send)
  File "C:\Users\фыа\AppData\Local\Programs\Python\Python314\Lib\site-packages\starlette\routing.py", line 670, in __call__
    await self.middleware_stack(scope, receive, send)
  File "C:\Users\фыа\AppData\Local\Programs\Python\Python314\Lib\site-packages\fastapi\routing.py", line 2734, in app
    await route.handle(scope, receive, send)
  File "C:\Users\фыа\AppData\Local\Programs\Python\Python314\Lib\site-packages\fastapi\routing.py", line 1780, in handle
    await self.original_router.handle(scope, receive, send)
  File "C:\Users\фыа\AppData\Local\Programs\Python\Python314\Lib\site-packages\fastapi\routing.py", line 2789, in handle
    await included_router._handle_selected(scope, receive, send)
  File "C:\Users\фыа\AppData\Local\Programs\Python\Python314\Lib\site-packages\fastapi\routing.py", line 1800, in _handle_selected
    await original_route.handle(scope, receive, send)
  File "C:\Users\фыа\AppData\Local\Programs\Python\Python314\Lib\site-packages\fastapi\routing.py", line 1279, in handle
    await app(scope, receive, send)
  File "C:\Users\фыа\AppData\Local\Programs\Python\Python314\Lib\site-packages\fastapi\routing.py", line 158, in app
    await wrap_app_handling_exceptions(app, request)(scope, receive, send)
  File "C:\Users\фыа\AppData\Local\Programs\Python\Python314\Lib\site-packages\starlette\_exception_handler.py", line 53, in wrapped_app
    raise exc
  File "C:\Users\фыа\AppData\Local\Programs\Python\Python314\Lib\site-packages\starlette\_exception_handler.py", line 42, in wrapped_app
    await app(scope, receive, sender)
  File "C:\Users\фыа\AppData\Local\Programs\Python\Python314\Lib\site-packages\fastapi\routing.py", line 144, in app
    response = await f(request)
               ^^^^^^^^^^^^^^^^
  File "C:\Users\фыа\AppData\Local\Programs\Python\Python314\Lib\site-packages\fastapi\routing.py", line 706, in app
    raw_response = await run_endpoint_function(
                   ^^^^^^^^^^^^^^^^^^^^^^^^^^^^
    ...<3 lines>...
    )
    ^
  File "C:\Users\фыа\AppData\Local\Programs\Python\Python314\Lib\site-packages\fastapi\routing.py", line 354, in run_endpoint_function
    return await run_in_threadpool(dependant.call, **values)
           ^^^^^^^^^^^^^^^^^^^^^^^^^^^^^^^^^^^^^^^^^^^^^^^^^
  File "C:\Users\фыа\AppData\Local\Programs\Python\Python314\Lib\site-packages\starlette\concurrency.py", line 34, in run_in_threadpool
    return await anyio.to_thread.run_sync(func)
           ^^^^^^^^^^^^^^^^^^^^^^^^^^^^^^^^^^^^
  File "C:\Users\фыа\AppData\Local\Programs\Python\Python314\Lib\site-packages\anyio\to_thread.py", line 63, in run_sync
    return await get_async_backend().run_sync_in_worker_thread(
           ^^^^^^^^^^^^^^^^^^^^^^^^^^^^^^^^^^^^^^^^^^^^^^^^^^^^
        func, args, abandon_on_cancel=abandon_on_cancel, limiter=limiter
        ^^^^^^^^^^^^^^^^^^^^^^^^^^^^^^^^^^^^^^^^^^^^^^^^^^^^^^^^^^^^^^^^
    )
    ^
  File "C:\Users\фыа\AppData\Local\Programs\Python\Python314\Lib\site-packages\anyio\_backends\_asyncio.py", line 2596, in run_sync_in_worker_thread
    return await future
           ^^^^^^^^^^^^
  File "C:\Users\фыа\AppData\Local\Programs\Python\Python314\Lib\site-packages\anyio\_backends\_asyncio.py", line 1029, in run
    result = context.run(func, *args)
  File "C:\Users\фыа\Documents\Obsidian Vault\Programs\JobMatrix\api\routes\notifications.py", line 24, in list_events
    q = q.filter(Event.read_at.is_(None))
  File "<string>", line 2, in filter
  File "C:\Users\фыа\AppData\Local\Programs\Python\Python314\Lib\site-packages\sqlalchemy\sql\base.py", line 284, in _generative
    x = fn(self, *args, **kw)
  File "<string>", line 2, in filter
  File "C:\Users\фыа\AppData\Local\Programs\Python\Python314\Lib\site-packages\sqlalchemy\orm\base.py", line 303, in generate
    assertion(self, fn.__name__)
    ~~~~~~~~~^^^^^^^^^^^^^^^^^^^
  File "C:\Users\фыа\AppData\Local\Programs\Python\Python314\Lib\site-packages\sqlalchemy\orm\query.py", line 444, in _no_limit_offset
    raise sa_exc.InvalidRequestError(
    ...<3 lines>...
    )
sqlalchemy.exc.InvalidRequestError: Query.filter() being called on a Query which already has LIMIT or OFFSET applied.  Call filter() before limit() or offset() are applied.
INFO:     127.0.0.1:61467 - "GET /api/vacancies HTTP/1.1" 200 OK
INFO:     127.0.0.1:63241 - "GET /api/vacancies HTTP/1.1" 200 OK
INFO:     127.0.0.1:50742 - "GET /api/notifications?unread=1 HTTP/1.1" 500 Internal Server Error
ERROR:    Exception in ASGI application
Traceback (most recent call last):
  File "C:\Users\фыа\AppData\Local\Programs\Python\Python314\Lib\site-packages\uvicorn\protocols\http\httptools_impl.py", line 422, in run_asgi
    result = await app(  # type: ignore[func-returns-value]
             ^^^^^^^^^^^^^^^^^^^^^^^^^^^^^^^^^^^^^^^^^^^^^^
        self.scope, self.receive, self.send
        ^^^^^^^^^^^^^^^^^^^^^^^^^^^^^^^^^^^
    )
    ^
  File "C:\Users\фыа\AppData\Local\Programs\Python\Python314\Lib\site-packages\uvicorn\middleware\proxy_headers.py", line 63, in __call__
    return await self.app(scope, receive, send)
           ^^^^^^^^^^^^^^^^^^^^^^^^^^^^^^^^^^^^
  File "C:\Users\фыа\AppData\Local\Programs\Python\Python314\Lib\site-packages\fastapi\applications.py", line 1163, in __call__
    await super().__call__(scope, receive, send)
  File "C:\Users\фыа\AppData\Local\Programs\Python\Python314\Lib\site-packages\starlette\applications.py", line 96, in __call__
    await self.middleware_stack(scope, receive, send)
  File "C:\Users\фыа\AppData\Local\Programs\Python\Python314\Lib\site-packages\starlette\middleware\errors.py", line 186, in __call__
    raise exc
  File "C:\Users\фыа\AppData\Local\Programs\Python\Python314\Lib\site-packages\starlette\middleware\errors.py", line 164, in __call__
    await self.app(scope, receive, _send)
  File "C:\Users\фыа\AppData\Local\Programs\Python\Python314\Lib\site-packages\starlette\middleware\cors.py", line 88, in __call__
    await self.app(scope, receive, send)
  File "C:\Users\фыа\AppData\Local\Programs\Python\Python314\Lib\site-packages\starlette\middleware\exceptions.py", line 63, in __call__
    await wrap_app_handling_exceptions(self.app, conn)(scope, receive, send)
  File "C:\Users\фыа\AppData\Local\Programs\Python\Python314\Lib\site-packages\starlette\_exception_handler.py", line 53, in wrapped_app
    raise exc
  File "C:\Users\фыа\AppData\Local\Programs\Python\Python314\Lib\site-packages\starlette\_exception_handler.py", line 42, in wrapped_app
    await app(scope, receive, sender)
  File "C:\Users\фыа\AppData\Local\Programs\Python\Python314\Lib\site-packages\fastapi\middleware\asyncexitstack.py", line 18, in __call__
    await self.app(scope, receive, send)
  File "C:\Users\фыа\AppData\Local\Programs\Python\Python314\Lib\site-packages\starlette\routing.py", line 670, in __call__
    await self.middleware_stack(scope, receive, send)
  File "C:\Users\фыа\AppData\Local\Programs\Python\Python314\Lib\site-packages\fastapi\routing.py", line 2734, in app
    await route.handle(scope, receive, send)
  File "C:\Users\фыа\AppData\Local\Programs\Python\Python314\Lib\site-packages\fastapi\routing.py", line 1780, in handle
    await self.original_router.handle(scope, receive, send)
  File "C:\Users\фыа\AppData\Local\Programs\Python\Python314\Lib\site-packages\fastapi\routing.py", line 2789, in handle
    await included_router._handle_selected(scope, receive, send)
  File "C:\Users\фыа\AppData\Local\Programs\Python\Python314\Lib\site-packages\fastapi\routing.py", line 1800, in _handle_selected
    await original_route.handle(scope, receive, send)
  File "C:\Users\фыа\AppData\Local\Programs\Python\Python314\Lib\site-packages\fastapi\routing.py", line 1279, in handle
    await app(scope, receive, send)
  File "C:\Users\фыа\AppData\Local\Programs\Python\Python314\Lib\site-packages\fastapi\routing.py", line 158, in app
    await wrap_app_handling_exceptions(app, request)(scope, receive, send)
  File "C:\Users\фыа\AppData\Local\Programs\Python\Python314\Lib\site-packages\starlette\_exception_handler.py", line 53, in wrapped_app
    raise exc
  File "C:\Users\фыа\AppData\Local\Programs\Python\Python314\Lib\site-packages\starlette\_exception_handler.py", line 42, in wrapped_app
    await app(scope, receive, sender)
  File "C:\Users\фыа\AppData\Local\Programs\Python\Python314\Lib\site-packages\fastapi\routing.py", line 144, in app
    response = await f(request)
               ^^^^^^^^^^^^^^^^
  File "C:\Users\фыа\AppData\Local\Programs\Python\Python314\Lib\site-packages\fastapi\routing.py", line 706, in app
    raw_response = await run_endpoint_function(
                   ^^^^^^^^^^^^^^^^^^^^^^^^^^^^
    ...<3 lines>...
    )
    ^
  File "C:\Users\фыа\AppData\Local\Programs\Python\Python314\Lib\site-packages\fastapi\routing.py", line 354, in run_endpoint_function
    return await run_in_threadpool(dependant.call, **values)
           ^^^^^^^^^^^^^^^^^^^^^^^^^^^^^^^^^^^^^^^^^^^^^^^^^
  File "C:\Users\фыа\AppData\Local\Programs\Python\Python314\Lib\site-packages\starlette\concurrency.py", line 34, in run_in_threadpool
    return await anyio.to_thread.run_sync(func)
           ^^^^^^^^^^^^^^^^^^^^^^^^^^^^^^^^^^^^
  File "C:\Users\фыа\AppData\Local\Programs\Python\Python314\Lib\site-packages\anyio\to_thread.py", line 63, in run_sync
    return await get_async_backend().run_sync_in_worker_thread(
           ^^^^^^^^^^^^^^^^^^^^^^^^^^^^^^^^^^^^^^^^^^^^^^^^^^^^
        func, args, abandon_on_cancel=abandon_on_cancel, limiter=limiter
        ^^^^^^^^^^^^^^^^^^^^^^^^^^^^^^^^^^^^^^^^^^^^^^^^^^^^^^^^^^^^^^^^
    )
    ^
  File "C:\Users\фыа\AppData\Local\Programs\Python\Python314\Lib\site-packages\anyio\_backends\_asyncio.py", line 2596, in run_sync_in_worker_thread
    return await future
           ^^^^^^^^^^^^
  File "C:\Users\фыа\AppData\Local\Programs\Python\Python314\Lib\site-packages\anyio\_backends\_asyncio.py", line 1029, in run
    result = context.run(func, *args)
  File "C:\Users\фыа\Documents\Obsidian Vault\Programs\JobMatrix\api\routes\notifications.py", line 24, in list_events
    q = q.filter(Event.read_at.is_(None))
  File "<string>", line 2, in filter
  File "C:\Users\фыа\AppData\Local\Programs\Python\Python314\Lib\site-packages\sqlalchemy\sql\base.py", line 284, in _generative
    x = fn(self, *args, **kw)
  File "<string>", line 2, in filter
  File "C:\Users\фыа\AppData\Local\Programs\Python\Python314\Lib\site-packages\sqlalchemy\orm\base.py", line 303, in generate
    assertion(self, fn.__name__)
    ~~~~~~~~~^^^^^^^^^^^^^^^^^^^
  File "C:\Users\фыа\AppData\Local\Programs\Python\Python314\Lib\site-packages\sqlalchemy\orm\query.py", line 444, in _no_limit_offset
    raise sa_exc.InvalidRequestError(
    ...<3 lines>...
    )
sqlalchemy.exc.InvalidRequestError: Query.filter() being called on a Query which already has LIMIT or OFFSET applied.  Call filter() before limit() or offset() are applied.
2026-08-19 07:59:53,462 INFO jobmatrix: Сбор: проверено 11, новых событий 5
INFO:     127.0.0.1:59340 - "GET /api/notifications?unread=1 HTTP/1.1" 500 Internal Server Error
ERROR:    Exception in ASGI application
Traceback (most recent call last):
  File "C:\Users\фыа\AppData\Local\Programs\Python\Python314\Lib\site-packages\uvicorn\protocols\http\httptools_impl.py", line 422, in run_asgi
    result = await app(  # type: ignore[func-returns-value]
             ^^^^^^^^^^^^^^^^^^^^^^^^^^^^^^^^^^^^^^^^^^^^^^
        self.scope, self.receive, self.send
        ^^^^^^^^^^^^^^^^^^^^^^^^^^^^^^^^^^^
    )
    ^
  File "C:\Users\фыа\AppData\Local\Programs\Python\Python314\Lib\site-packages\uvicorn\middleware\proxy_headers.py", line 63, in __call__
    return await self.app(scope, receive, send)
           ^^^^^^^^^^^^^^^^^^^^^^^^^^^^^^^^^^^^
  File "C:\Users\фыа\AppData\Local\Programs\Python\Python314\Lib\site-packages\fastapi\applications.py", line 1163, in __call__
    await super().__call__(scope, receive, send)
  File "C:\Users\фыа\AppData\Local\Programs\Python\Python314\Lib\site-packages\starlette\applications.py", line 96, in __call__
    await self.middleware_stack(scope, receive, send)
  File "C:\Users\фыа\AppData\Local\Programs\Python\Python314\Lib\site-packages\starlette\middleware\errors.py", line 186, in __call__
    raise exc
  File "C:\Users\фыа\AppData\Local\Programs\Python\Python314\Lib\site-packages\starlette\middleware\errors.py", line 164, in __call__
    await self.app(scope, receive, _send)
  File "C:\Users\фыа\AppData\Local\Programs\Python\Python314\Lib\site-packages\starlette\middleware\cors.py", line 88, in __call__
    await self.app(scope, receive, send)
  File "C:\Users\фыа\AppData\Local\Programs\Python\Python314\Lib\site-packages\starlette\middleware\exceptions.py", line 63, in __call__
    await wrap_app_handling_exceptions(self.app, conn)(scope, receive, send)
  File "C:\Users\фыа\AppData\Local\Programs\Python\Python314\Lib\site-packages\starlette\_exception_handler.py", line 53, in wrapped_app
    raise exc
  File "C:\Users\фыа\AppData\Local\Programs\Python\Python314\Lib\site-packages\starlette\_exception_handler.py", line 42, in wrapped_app
    await app(scope, receive, sender)
  File "C:\Users\фыа\AppData\Local\Programs\Python\Python314\Lib\site-packages\fastapi\middleware\asyncexitstack.py", line 18, in __call__
    await self.app(scope, receive, send)
  File "C:\Users\фыа\AppData\Local\Programs\Python\Python314\Lib\site-packages\starlette\routing.py", line 670, in __call__
    await self.middleware_stack(scope, receive, send)
  File "C:\Users\фыа\AppData\Local\Programs\Python\Python314\Lib\site-packages\fastapi\routing.py", line 2734, in app
    await route.handle(scope, receive, send)
  File "C:\Users\фыа\AppData\Local\Programs\Python\Python314\Lib\site-packages\fastapi\routing.py", line 1780, in handle
    await self.original_router.handle(scope, receive, send)
  File "C:\Users\фыа\AppData\Local\Programs\Python\Python314\Lib\site-packages\fastapi\routing.py", line 2789, in handle
    await included_router._handle_selected(scope, receive, send)
  File "C:\Users\фыа\AppData\Local\Programs\Python\Python314\Lib\site-packages\fastapi\routing.py", line 1800, in _handle_selected
    await original_route.handle(scope, receive, send)
  File "C:\Users\фыа\AppData\Local\Programs\Python\Python314\Lib\site-packages\fastapi\routing.py", line 1279, in handle
    await app(scope, receive, send)
  File "C:\Users\фыа\AppData\Local\Programs\Python\Python314\Lib\site-packages\fastapi\routing.py", line 158, in app
    await wrap_app_handling_exceptions(app, request)(scope, receive, send)
  File "C:\Users\фыа\AppData\Local\Programs\Python\Python314\Lib\site-packages\starlette\_exception_handler.py", line 53, in wrapped_app
    raise exc
  File "C:\Users\фыа\AppData\Local\Programs\Python\Python314\Lib\site-packages\starlette\_exception_handler.py", line 42, in wrapped_app
    await app(scope, receive, sender)
  File "C:\Users\фыа\AppData\Local\Programs\Python\Python314\Lib\site-packages\fastapi\routing.py", line 144, in app
    response = await f(request)
               ^^^^^^^^^^^^^^^^
  File "C:\Users\фыа\AppData\Local\Programs\Python\Python314\Lib\site-packages\fastapi\routing.py", line 706, in app
    raw_response = await run_endpoint_function(
                   ^^^^^^^^^^^^^^^^^^^^^^^^^^^^
    ...<3 lines>...
    )
    ^
  File "C:\Users\фыа\AppData\Local\Programs\Python\Python314\Lib\site-packages\fastapi\routing.py", line 354, in run_endpoint_function
    return await run_in_threadpool(dependant.call, **values)
           ^^^^^^^^^^^^^^^^^^^^^^^^^^^^^^^^^^^^^^^^^^^^^^^^^
  File "C:\Users\фыа\AppData\Local\Programs\Python\Python314\Lib\site-packages\starlette\concurrency.py", line 34, in run_in_threadpool
    return await anyio.to_thread.run_sync(func)
           ^^^^^^^^^^^^^^^^^^^^^^^^^^^^^^^^^^^^
  File "C:\Users\фыа\AppData\Local\Programs\Python\Python314\Lib\site-packages\anyio\to_thread.py", line 63, in run_sync
    return await get_async_backend().run_sync_in_worker_thread(
           ^^^^^^^^^^^^^^^^^^^^^^^^^^^^^^^^^^^^^^^^^^^^^^^^^^^^
        func, args, abandon_on_cancel=abandon_on_cancel, limiter=limiter
        ^^^^^^^^^^^^^^^^^^^^^^^^^^^^^^^^^^^^^^^^^^^^^^^^^^^^^^^^^^^^^^^^
    )
    ^
  File "C:\Users\фыа\AppData\Local\Programs\Python\Python314\Lib\site-packages\anyio\_backends\_asyncio.py", line 2596, in run_sync_in_worker_thread
    return await future
           ^^^^^^^^^^^^
  File "C:\Users\фыа\AppData\Local\Programs\Python\Python314\Lib\site-packages\anyio\_backends\_asyncio.py", line 1029, in run
    result = context.run(func, *args)
  File "C:\Users\фыа\Documents\Obsidian Vault\Programs\JobMatrix\api\routes\notifications.py", line 24, in list_events
    q = q.filter(Event.read_at.is_(None))
  File "<string>", line 2, in filter
  File "C:\Users\фыа\AppData\Local\Programs\Python\Python314\Lib\site-packages\sqlalchemy\sql\base.py", line 284, in _generative
    x = fn(self, *args, **kw)
  File "<string>", line 2, in filter
  File "C:\Users\фыа\AppData\Local\Programs\Python\Python314\Lib\site-packages\sqlalchemy\orm\base.py", line 303, in generate
    assertion(self, fn.__name__)
    ~~~~~~~~~^^^^^^^^^^^^^^^^^^^
  File "C:\Users\фыа\AppData\Local\Programs\Python\Python314\Lib\site-packages\sqlalchemy\orm\query.py", line 444, in _no_limit_offset
    raise sa_exc.InvalidRequestError(
    ...<3 lines>...
    )
sqlalchemy.exc.InvalidRequestError: Query.filter() being called on a Query which already has LIMIT or OFFSET applied.  Call filter() before limit() or offset() are applied.
INFO:     127.0.0.1:59275 - "GET /api/vacancies HTTP/1.1" 200 OK
INFO:     127.0.0.1:49230 - "GET /api/notifications?unread=1 HTTP/1.1" 500 Internal Server Error
ERROR:    Exception in ASGI application
Traceback (most recent call last):
  File "C:\Users\фыа\AppData\Local\Programs\Python\Python314\Lib\site-packages\uvicorn\protocols\http\httptools_impl.py", line 422, in run_asgi
    result = await app(  # type: ignore[func-returns-value]
             ^^^^^^^^^^^^^^^^^^^^^^^^^^^^^^^^^^^^^^^^^^^^^^
        self.scope, self.receive, self.send
        ^^^^^^^^^^^^^^^^^^^^^^^^^^^^^^^^^^^
    )
    ^
  File "C:\Users\фыа\AppData\Local\Programs\Python\Python314\Lib\site-packages\uvicorn\middleware\proxy_headers.py", line 63, in __call__
    return await self.app(scope, receive, send)
           ^^^^^^^^^^^^^^^^^^^^^^^^^^^^^^^^^^^^
  File "C:\Users\фыа\AppData\Local\Programs\Python\Python314\Lib\site-packages\fastapi\applications.py", line 1163, in __call__
    await super().__call__(scope, receive, send)
  File "C:\Users\фыа\AppData\Local\Programs\Python\Python314\Lib\site-packages\starlette\applications.py", line 96, in __call__
    await self.middleware_stack(scope, receive, send)
  File "C:\Users\фыа\AppData\Local\Programs\Python\Python314\Lib\site-packages\starlette\middleware\errors.py", line 186, in __call__
    raise exc
  File "C:\Users\фыа\AppData\Local\Programs\Python\Python314\Lib\site-packages\starlette\middleware\errors.py", line 164, in __call__
    await self.app(scope, receive, _send)
  File "C:\Users\фыа\AppData\Local\Programs\Python\Python314\Lib\site-packages\starlette\middleware\cors.py", line 88, in __call__
    await self.app(scope, receive, send)
  File "C:\Users\фыа\AppData\Local\Programs\Python\Python314\Lib\site-packages\starlette\middleware\exceptions.py", line 63, in __call__
    await wrap_app_handling_exceptions(self.app, conn)(scope, receive, send)
  File "C:\Users\фыа\AppData\Local\Programs\Python\Python314\Lib\site-packages\starlette\_exception_handler.py", line 53, in wrapped_app
    raise exc
  File "C:\Users\фыа\AppData\Local\Programs\Python\Python314\Lib\site-packages\starlette\_exception_handler.py", line 42, in wrapped_app
    await app(scope, receive, sender)
  File "C:\Users\фыа\AppData\Local\Programs\Python\Python314\Lib\site-packages\fastapi\middleware\asyncexitstack.py", line 18, in __call__
    await self.app(scope, receive, send)
  File "C:\Users\фыа\AppData\Local\Programs\Python\Python314\Lib\site-packages\starlette\routing.py", line 670, in __call__
    await self.middleware_stack(scope, receive, send)
  File "C:\Users\фыа\AppData\Local\Programs\Python\Python314\Lib\site-packages\fastapi\routing.py", line 2734, in app
    await route.handle(scope, receive, send)
  File "C:\Users\фыа\AppData\Local\Programs\Python\Python314\Lib\site-packages\fastapi\routing.py", line 1780, in handle
    await self.original_router.handle(scope, receive, send)
  File "C:\Users\фыа\AppData\Local\Programs\Python\Python314\Lib\site-packages\fastapi\routing.py", line 2789, in handle
    await included_router._handle_selected(scope, receive, send)
  File "C:\Users\фыа\AppData\Local\Programs\Python\Python314\Lib\site-packages\fastapi\routing.py", line 1800, in _handle_selected
    await original_route.handle(scope, receive, send)
  File "C:\Users\фыа\AppData\Local\Programs\Python\Python314\Lib\site-packages\fastapi\routing.py", line 1279, in handle
    await app(scope, receive, send)
  File "C:\Users\фыа\AppData\Local\Programs\Python\Python314\Lib\site-packages\fastapi\routing.py", line 158, in app
    await wrap_app_handling_exceptions(app, request)(scope, receive, send)
  File "C:\Users\фыа\AppData\Local\Programs\Python\Python314\Lib\site-packages\starlette\_exception_handler.py", line 53, in wrapped_app
    raise exc
  File "C:\Users\фыа\AppData\Local\Programs\Python\Python314\Lib\site-packages\starlette\_exception_handler.py", line 42, in wrapped_app
    await app(scope, receive, sender)
  File "C:\Users\фыа\AppData\Local\Programs\Python\Python314\Lib\site-packages\fastapi\routing.py", line 144, in app
    response = await f(request)
               ^^^^^^^^^^^^^^^^
  File "C:\Users\фыа\AppData\Local\Programs\Python\Python314\Lib\site-packages\fastapi\routing.py", line 706, in app
    raw_response = await run_endpoint_function(
                   ^^^^^^^^^^^^^^^^^^^^^^^^^^^^
    ...<3 lines>...
    )
    ^
  File "C:\Users\фыа\AppData\Local\Programs\Python\Python314\Lib\site-packages\fastapi\routing.py", line 354, in run_endpoint_function
    return await run_in_threadpool(dependant.call, **values)
           ^^^^^^^^^^^^^^^^^^^^^^^^^^^^^^^^^^^^^^^^^^^^^^^^^
  File "C:\Users\фыа\AppData\Local\Programs\Python\Python314\Lib\site-packages\starlette\concurrency.py", line 34, in run_in_threadpool
    return await anyio.to_thread.run_sync(func)
           ^^^^^^^^^^^^^^^^^^^^^^^^^^^^^^^^^^^^
  File "C:\Users\фыа\AppData\Local\Programs\Python\Python314\Lib\site-packages\anyio\to_thread.py", line 63, in run_sync
    return await get_async_backend().run_sync_in_worker_thread(
           ^^^^^^^^^^^^^^^^^^^^^^^^^^^^^^^^^^^^^^^^^^^^^^^^^^^^
        func, args, abandon_on_cancel=abandon_on_cancel, limiter=limiter
        ^^^^^^^^^^^^^^^^^^^^^^^^^^^^^^^^^^^^^^^^^^^^^^^^^^^^^^^^^^^^^^^^
    )
    ^
  File "C:\Users\фыа\AppData\Local\Programs\Python\Python314\Lib\site-packages\anyio\_backends\_asyncio.py", line 2596, in run_sync_in_worker_thread
    return await future
           ^^^^^^^^^^^^
  File "C:\Users\фыа\AppData\Local\Programs\Python\Python314\Lib\site-packages\anyio\_backends\_asyncio.py", line 1029, in run
    result = context.run(func, *args)
  File "C:\Users\фыа\Documents\Obsidian Vault\Programs\JobMatrix\api\routes\notifications.py", line 24, in list_events
    q = q.filter(Event.read_at.is_(None))
  File "<string>", line 2, in filter
  File "C:\Users\фыа\AppData\Local\Programs\Python\Python314\Lib\site-packages\sqlalchemy\sql\base.py", line 284, in _generative
    x = fn(self, *args, **kw)
  File "<string>", line 2, in filter
  File "C:\Users\фыа\AppData\Local\Programs\Python\Python314\Lib\site-packages\sqlalchemy\orm\base.py", line 303, in generate
    assertion(self, fn.__name__)
    ~~~~~~~~~^^^^^^^^^^^^^^^^^^^
  File "C:\Users\фыа\AppData\Local\Programs\Python\Python314\Lib\site-packages\sqlalchemy\orm\query.py", line 444, in _no_limit_offset
    raise sa_exc.InvalidRequestError(
    ...<3 lines>...
    )
sqlalchemy.exc.InvalidRequestError: Query.filter() being called on a Query which already has LIMIT or OFFSET applied.  Call filter() before limit() or offset() are applied.
INFO:     127.0.0.1:57370 - "GET /api/vacancies HTTP/1.1" 200 OK
INFO:     127.0.0.1:59275 - "GET /api/notifications?unread=1 HTTP/1.1" 500 Internal Server Error
ERROR:    Exception in ASGI application
Traceback (most recent call last):
  File "C:\Users\фыа\AppData\Local\Programs\Python\Python314\Lib\site-packages\uvicorn\protocols\http\httptools_impl.py", line 422, in run_asgi
    result = await app(  # type: ignore[func-returns-value]
             ^^^^^^^^^^^^^^^^^^^^^^^^^^^^^^^^^^^^^^^^^^^^^^
        self.scope, self.receive, self.send
        ^^^^^^^^^^^^^^^^^^^^^^^^^^^^^^^^^^^
    )
    ^
  File "C:\Users\фыа\AppData\Local\Programs\Python\Python314\Lib\site-packages\uvicorn\middleware\proxy_headers.py", line 63, in __call__
    return await self.app(scope, receive, send)
           ^^^^^^^^^^^^^^^^^^^^^^^^^^^^^^^^^^^^
  File "C:\Users\фыа\AppData\Local\Programs\Python\Python314\Lib\site-packages\fastapi\applications.py", line 1163, in __call__
    await super().__call__(scope, receive, send)
  File "C:\Users\фыа\AppData\Local\Programs\Python\Python314\Lib\site-packages\starlette\applications.py", line 96, in __call__
    await self.middleware_stack(scope, receive, send)
  File "C:\Users\фыа\AppData\Local\Programs\Python\Python314\Lib\site-packages\starlette\middleware\errors.py", line 186, in __call__
    raise exc
  File "C:\Users\фыа\AppData\Local\Programs\Python\Python314\Lib\site-packages\starlette\middleware\errors.py", line 164, in __call__
    await self.app(scope, receive, _send)
  File "C:\Users\фыа\AppData\Local\Programs\Python\Python314\Lib\site-packages\starlette\middleware\cors.py", line 88, in __call__
    await self.app(scope, receive, send)
  File "C:\Users\фыа\AppData\Local\Programs\Python\Python314\Lib\site-packages\starlette\middleware\exceptions.py", line 63, in __call__
    await wrap_app_handling_exceptions(self.app, conn)(scope, receive, send)
  File "C:\Users\фыа\AppData\Local\Programs\Python\Python314\Lib\site-packages\starlette\_exception_handler.py", line 53, in wrapped_app
    raise exc
  File "C:\Users\фыа\AppData\Local\Programs\Python\Python314\Lib\site-packages\starlette\_exception_handler.py", line 42, in wrapped_app
    await app(scope, receive, sender)
  File "C:\Users\фыа\AppData\Local\Programs\Python\Python314\Lib\site-packages\fastapi\middleware\asyncexitstack.py", line 18, in __call__
    await self.app(scope, receive, send)
  File "C:\Users\фыа\AppData\Local\Programs\Python\Python314\Lib\site-packages\starlette\routing.py", line 670, in __call__
    await self.middleware_stack(scope, receive, send)
  File "C:\Users\фыа\AppData\Local\Programs\Python\Python314\Lib\site-packages\fastapi\routing.py", line 2734, in app
    await route.handle(scope, receive, send)
  File "C:\Users\фыа\AppData\Local\Programs\Python\Python314\Lib\site-packages\fastapi\routing.py", line 1780, in handle
    await self.original_router.handle(scope, receive, send)
  File "C:\Users\фыа\AppData\Local\Programs\Python\Python314\Lib\site-packages\fastapi\routing.py", line 2789, in handle
    await included_router._handle_selected(scope, receive, send)
  File "C:\Users\фыа\AppData\Local\Programs\Python\Python314\Lib\site-packages\fastapi\routing.py", line 1800, in _handle_selected
    await original_route.handle(scope, receive, send)
  File "C:\Users\фыа\AppData\Local\Programs\Python\Python314\Lib\site-packages\fastapi\routing.py", line 1279, in handle
    await app(scope, receive, send)
  File "C:\Users\фыа\AppData\Local\Programs\Python\Python314\Lib\site-packages\fastapi\routing.py", line 158, in app
    await wrap_app_handling_exceptions(app, request)(scope, receive, send)
  File "C:\Users\фыа\AppData\Local\Programs\Python\Python314\Lib\site-packages\starlette\_exception_handler.py", line 53, in wrapped_app
    raise exc
  File "C:\Users\фыа\AppData\Local\Programs\Python\Python314\Lib\site-packages\starlette\_exception_handler.py", line 42, in wrapped_app
    await app(scope, receive, sender)
  File "C:\Users\фыа\AppData\Local\Programs\Python\Python314\Lib\site-packages\fastapi\routing.py", line 144, in app
    response = await f(request)
               ^^^^^^^^^^^^^^^^
  File "C:\Users\фыа\AppData\Local\Programs\Python\Python314\Lib\site-packages\fastapi\routing.py", line 706, in app
    raw_response = await run_endpoint_function(
                   ^^^^^^^^^^^^^^^^^^^^^^^^^^^^
    ...<3 lines>...
    )
    ^
  File "C:\Users\фыа\AppData\Local\Programs\Python\Python314\Lib\site-packages\fastapi\routing.py", line 354, in run_endpoint_function
    return await run_in_threadpool(dependant.call, **values)
           ^^^^^^^^^^^^^^^^^^^^^^^^^^^^^^^^^^^^^^^^^^^^^^^^^
  File "C:\Users\фыа\AppData\Local\Programs\Python\Python314\Lib\site-packages\starlette\concurrency.py", line 34, in run_in_threadpool
    return await anyio.to_thread.run_sync(func)
           ^^^^^^^^^^^^^^^^^^^^^^^^^^^^^^^^^^^^
  File "C:\Users\фыа\AppData\Local\Programs\Python\Python314\Lib\site-packages\anyio\to_thread.py", line 63, in run_sync
    return await get_async_backend().run_sync_in_worker_thread(
           ^^^^^^^^^^^^^^^^^^^^^^^^^^^^^^^^^^^^^^^^^^^^^^^^^^^^
        func, args, abandon_on_cancel=abandon_on_cancel, limiter=limiter
        ^^^^^^^^^^^^^^^^^^^^^^^^^^^^^^^^^^^^^^^^^^^^^^^^^^^^^^^^^^^^^^^^
    )
    ^
  File "C:\Users\фыа\AppData\Local\Programs\Python\Python314\Lib\site-packages\anyio\_backends\_asyncio.py", line 2596, in run_sync_in_worker_thread
    return await future
           ^^^^^^^^^^^^
  File "C:\Users\фыа\AppData\Local\Programs\Python\Python314\Lib\site-packages\anyio\_backends\_asyncio.py", line 1029, in run
    result = context.run(func, *args)
  File "C:\Users\фыа\Documents\Obsidian Vault\Programs\JobMatrix\api\routes\notifications.py", line 24, in list_events
    q = q.filter(Event.read_at.is_(None))
  File "<string>", line 2, in filter
  File "C:\Users\фыа\AppData\Local\Programs\Python\Python314\Lib\site-packages\sqlalchemy\sql\base.py", line 284, in _generative
    x = fn(self, *args, **kw)
  File "<string>", line 2, in filter
  File "C:\Users\фыа\AppData\Local\Programs\Python\Python314\Lib\site-packages\sqlalchemy\orm\base.py", line 303, in generate
    assertion(self, fn.__name__)
    ~~~~~~~~~^^^^^^^^^^^^^^^^^^^
  File "C:\Users\фыа\AppData\Local\Programs\Python\Python314\Lib\site-packages\sqlalchemy\orm\query.py", line 444, in _no_limit_offset
    raise sa_exc.InvalidRequestError(
    ...<3 lines>...
    )
sqlalchemy.exc.InvalidRequestError: Query.filter() being called on a Query which already has LIMIT or OFFSET applied.  Call filter() before limit() or offset() are applied.
INFO:     127.0.0.1:58868 - "GET /api/vacancies HTTP/1.1" 200 OK
INFO:     127.0.0.1:57370 - "GET /api/notifications?unread=1 HTTP/1.1" 500 Internal Server Error
ERROR:    Exception in ASGI application
Traceback (most recent call last):
  File "C:\Users\фыа\AppData\Local\Programs\Python\Python314\Lib\site-packages\uvicorn\protocols\http\httptools_impl.py", line 422, in run_asgi
    result = await app(  # type: ignore[func-returns-value]
             ^^^^^^^^^^^^^^^^^^^^^^^^^^^^^^^^^^^^^^^^^^^^^^
        self.scope, self.receive, self.send
        ^^^^^^^^^^^^^^^^^^^^^^^^^^^^^^^^^^^
    )
    ^
  File "C:\Users\фыа\AppData\Local\Programs\Python\Python314\Lib\site-packages\uvicorn\middleware\proxy_headers.py", line 63, in __call__
    return await self.app(scope, receive, send)
           ^^^^^^^^^^^^^^^^^^^^^^^^^^^^^^^^^^^^
  File "C:\Users\фыа\AppData\Local\Programs\Python\Python314\Lib\site-packages\fastapi\applications.py", line 1163, in __call__
    await super().__call__(scope, receive, send)
  File "C:\Users\фыа\AppData\Local\Programs\Python\Python314\Lib\site-packages\starlette\applications.py", line 96, in __call__
    await self.middleware_stack(scope, receive, send)
  File "C:\Users\фыа\AppData\Local\Programs\Python\Python314\Lib\site-packages\starlette\middleware\errors.py", line 186, in __call__
    raise exc
  File "C:\Users\фыа\AppData\Local\Programs\Python\Python314\Lib\site-packages\starlette\middleware\errors.py", line 164, in __call__
    await self.app(scope, receive, _send)
  File "C:\Users\фыа\AppData\Local\Programs\Python\Python314\Lib\site-packages\starlette\middleware\cors.py", line 88, in __call__
    await self.app(scope, receive, send)
  File "C:\Users\фыа\AppData\Local\Programs\Python\Python314\Lib\site-packages\starlette\middleware\exceptions.py", line 63, in __call__
    await wrap_app_handling_exceptions(self.app, conn)(scope, receive, send)
  File "C:\Users\фыа\AppData\Local\Programs\Python\Python314\Lib\site-packages\starlette\_exception_handler.py", line 53, in wrapped_app
    raise exc
  File "C:\Users\фыа\AppData\Local\Programs\Python\Python314\Lib\site-packages\starlette\_exception_handler.py", line 42, in wrapped_app
    await app(scope, receive, sender)
  File "C:\Users\фыа\AppData\Local\Programs\Python\Python314\Lib\site-packages\fastapi\middleware\asyncexitstack.py", line 18, in __call__
    await self.app(scope, receive, send)
  File "C:\Users\фыа\AppData\Local\Programs\Python\Python314\Lib\site-packages\starlette\routing.py", line 670, in __call__
    await self.middleware_stack(scope, receive, send)
  File "C:\Users\фыа\AppData\Local\Programs\Python\Python314\Lib\site-packages\fastapi\routing.py", line 2734, in app
    await route.handle(scope, receive, send)
  File "C:\Users\фыа\AppData\Local\Programs\Python\Python314\Lib\site-packages\fastapi\routing.py", line 1780, in handle
    await self.original_router.handle(scope, receive, send)
  File "C:\Users\фыа\AppData\Local\Programs\Python\Python314\Lib\site-packages\fastapi\routing.py", line 2789, in handle
    await included_router._handle_selected(scope, receive, send)
  File "C:\Users\фыа\AppData\Local\Programs\Python\Python314\Lib\site-packages\fastapi\routing.py", line 1800, in _handle_selected
    await original_route.handle(scope, receive, send)
  File "C:\Users\фыа\AppData\Local\Programs\Python\Python314\Lib\site-packages\fastapi\routing.py", line 1279, in handle
    await app(scope, receive, send)
  File "C:\Users\фыа\AppData\Local\Programs\Python\Python314\Lib\site-packages\fastapi\routing.py", line 158, in app
    await wrap_app_handling_exceptions(app, request)(scope, receive, send)
  File "C:\Users\фыа\AppData\Local\Programs\Python\Python314\Lib\site-packages\starlette\_exception_handler.py", line 53, in wrapped_app
    raise exc
  File "C:\Users\фыа\AppData\Local\Programs\Python\Python314\Lib\site-packages\starlette\_exception_handler.py", line 42, in wrapped_app
    await app(scope, receive, sender)
  File "C:\Users\фыа\AppData\Local\Programs\Python\Python314\Lib\site-packages\fastapi\routing.py", line 144, in app
    response = await f(request)
               ^^^^^^^^^^^^^^^^
  File "C:\Users\фыа\AppData\Local\Programs\Python\Python314\Lib\site-packages\fastapi\routing.py", line 706, in app
    raw_response = await run_endpoint_function(
                   ^^^^^^^^^^^^^^^^^^^^^^^^^^^^
    ...<3 lines>...
    )
    ^
  File "C:\Users\фыа\AppData\Local\Programs\Python\Python314\Lib\site-packages\fastapi\routing.py", line 354, in run_endpoint_function
    return await run_in_threadpool(dependant.call, **values)
           ^^^^^^^^^^^^^^^^^^^^^^^^^^^^^^^^^^^^^^^^^^^^^^^^^
  File "C:\Users\фыа\AppData\Local\Programs\Python\Python314\Lib\site-packages\starlette\concurrency.py", line 34, in run_in_threadpool
    return await anyio.to_thread.run_sync(func)
           ^^^^^^^^^^^^^^^^^^^^^^^^^^^^^^^^^^^^
  File "C:\Users\фыа\AppData\Local\Programs\Python\Python314\Lib\site-packages\anyio\to_thread.py", line 63, in run_sync
    return await get_async_backend().run_sync_in_worker_thread(
           ^^^^^^^^^^^^^^^^^^^^^^^^^^^^^^^^^^^^^^^^^^^^^^^^^^^^
        func, args, abandon_on_cancel=abandon_on_cancel, limiter=limiter
        ^^^^^^^^^^^^^^^^^^^^^^^^^^^^^^^^^^^^^^^^^^^^^^^^^^^^^^^^^^^^^^^^
    )
    ^
  File "C:\Users\фыа\AppData\Local\Programs\Python\Python314\Lib\site-packages\anyio\_backends\_asyncio.py", line 2596, in run_sync_in_worker_thread
    return await future
           ^^^^^^^^^^^^
  File "C:\Users\фыа\AppData\Local\Programs\Python\Python314\Lib\site-packages\anyio\_backends\_asyncio.py", line 1029, in run
    result = context.run(func, *args)
  File "C:\Users\фыа\Documents\Obsidian Vault\Programs\JobMatrix\api\routes\notifications.py", line 24, in list_events
    q = q.filter(Event.read_at.is_(None))
  File "<string>", line 2, in filter
  File "C:\Users\фыа\AppData\Local\Programs\Python\Python314\Lib\site-packages\sqlalchemy\sql\base.py", line 284, in _generative
    x = fn(self, *args, **kw)
  File "<string>", line 2, in filter
  File "C:\Users\фыа\AppData\Local\Programs\Python\Python314\Lib\site-packages\sqlalchemy\orm\base.py", line 303, in generate
    assertion(self, fn.__name__)
    ~~~~~~~~~^^^^^^^^^^^^^^^^^^^
  File "C:\Users\фыа\AppData\Local\Programs\Python\Python314\Lib\site-packages\sqlalchemy\orm\query.py", line 444, in _no_limit_offset
    raise sa_exc.InvalidRequestError(
    ...<3 lines>...
    )
sqlalchemy.exc.InvalidRequestError: Query.filter() being called on a Query which already has LIMIT or OFFSET applied.  Call filter() before limit() or offset() are applied.
INFO:     127.0.0.1:58982 - "GET /api/vacancies HTTP/1.1" 200 OK
INFO:     127.0.0.1:58868 - "GET /api/notifications?unread=1 HTTP/1.1" 500 Internal Server Error
ERROR:    Exception in ASGI application
Traceback (most recent call last):
  File "C:\Users\фыа\AppData\Local\Programs\Python\Python314\Lib\site-packages\uvicorn\protocols\http\httptools_impl.py", line 422, in run_asgi
    result = await app(  # type: ignore[func-returns-value]
             ^^^^^^^^^^^^^^^^^^^^^^^^^^^^^^^^^^^^^^^^^^^^^^
        self.scope, self.receive, self.send
        ^^^^^^^^^^^^^^^^^^^^^^^^^^^^^^^^^^^
    )
    ^
  File "C:\Users\фыа\AppData\Local\Programs\Python\Python314\Lib\site-packages\uvicorn\middleware\proxy_headers.py", line 63, in __call__
    return await self.app(scope, receive, send)
           ^^^^^^^^^^^^^^^^^^^^^^^^^^^^^^^^^^^^
  File "C:\Users\фыа\AppData\Local\Programs\Python\Python314\Lib\site-packages\fastapi\applications.py", line 1163, in __call__
    await super().__call__(scope, receive, send)
  File "C:\Users\фыа\AppData\Local\Programs\Python\Python314\Lib\site-packages\starlette\applications.py", line 96, in __call__
    await self.middleware_stack(scope, receive, send)
  File "C:\Users\фыа\AppData\Local\Programs\Python\Python314\Lib\site-packages\starlette\middleware\errors.py", line 186, in __call__
    raise exc
  File "C:\Users\фыа\AppData\Local\Programs\Python\Python314\Lib\site-packages\starlette\middleware\errors.py", line 164, in __call__
    await self.app(scope, receive, _send)
  File "C:\Users\фыа\AppData\Local\Programs\Python\Python314\Lib\site-packages\starlette\middleware\cors.py", line 88, in __call__
    await self.app(scope, receive, send)
  File "C:\Users\фыа\AppData\Local\Programs\Python\Python314\Lib\site-packages\starlette\middleware\exceptions.py", line 63, in __call__
    await wrap_app_handling_exceptions(self.app, conn)(scope, receive, send)
  File "C:\Users\фыа\AppData\Local\Programs\Python\Python314\Lib\site-packages\starlette\_exception_handler.py", line 53, in wrapped_app
    raise exc
  File "C:\Users\фыа\AppData\Local\Programs\Python\Python314\Lib\site-packages\starlette\_exception_handler.py", line 42, in wrapped_app
    await app(scope, receive, sender)
  File "C:\Users\фыа\AppData\Local\Programs\Python\Python314\Lib\site-packages\fastapi\middleware\asyncexitstack.py", line 18, in __call__
    await self.app(scope, receive, send)
  File "C:\Users\фыа\AppData\Local\Programs\Python\Python314\Lib\site-packages\starlette\routing.py", line 670, in __call__
    await self.middleware_stack(scope, receive, send)
  File "C:\Users\фыа\AppData\Local\Programs\Python\Python314\Lib\site-packages\fastapi\routing.py", line 2734, in app
    await route.handle(scope, receive, send)
  File "C:\Users\фыа\AppData\Local\Programs\Python\Python314\Lib\site-packages\fastapi\routing.py", line 1780, in handle
    await self.original_router.handle(scope, receive, send)
  File "C:\Users\фыа\AppData\Local\Programs\Python\Python314\Lib\site-packages\fastapi\routing.py", line 2789, in handle
    await included_router._handle_selected(scope, receive, send)
  File "C:\Users\фыа\AppData\Local\Programs\Python\Python314\Lib\site-packages\fastapi\routing.py", line 1800, in _handle_selected
    await original_route.handle(scope, receive, send)
  File "C:\Users\фыа\AppData\Local\Programs\Python\Python314\Lib\site-packages\fastapi\routing.py", line 1279, in handle
    await app(scope, receive, send)
  File "C:\Users\фыа\AppData\Local\Programs\Python\Python314\Lib\site-packages\fastapi\routing.py", line 158, in app
    await wrap_app_handling_exceptions(app, request)(scope, receive, send)
  File "C:\Users\фыа\AppData\Local\Programs\Python\Python314\Lib\site-packages\starlette\_exception_handler.py", line 53, in wrapped_app
    raise exc
  File "C:\Users\фыа\AppData\Local\Programs\Python\Python314\Lib\site-packages\starlette\_exception_handler.py", line 42, in wrapped_app
    await app(scope, receive, sender)
  File "C:\Users\фыа\AppData\Local\Programs\Python\Python314\Lib\site-packages\fastapi\routing.py", line 144, in app
    response = await f(request)
               ^^^^^^^^^^^^^^^^
  File "C:\Users\фыа\AppData\Local\Programs\Python\Python314\Lib\site-packages\fastapi\routing.py", line 706, in app
    raw_response = await run_endpoint_function(
                   ^^^^^^^^^^^^^^^^^^^^^^^^^^^^
    ...<3 lines>...
    )
    ^
  File "C:\Users\фыа\AppData\Local\Programs\Python\Python314\Lib\site-packages\fastapi\routing.py", line 354, in run_endpoint_function
    return await run_in_threadpool(dependant.call, **values)
           ^^^^^^^^^^^^^^^^^^^^^^^^^^^^^^^^^^^^^^^^^^^^^^^^^
  File "C:\Users\фыа\AppData\Local\Programs\Python\Python314\Lib\site-packages\starlette\concurrency.py", line 34, in run_in_threadpool
    return await anyio.to_thread.run_sync(func)
           ^^^^^^^^^^^^^^^^^^^^^^^^^^^^^^^^^^^^
  File "C:\Users\фыа\AppData\Local\Programs\Python\Python314\Lib\site-packages\anyio\to_thread.py", line 63, in run_sync
    return await get_async_backend().run_sync_in_worker_thread(
           ^^^^^^^^^^^^^^^^^^^^^^^^^^^^^^^^^^^^^^^^^^^^^^^^^^^^
        func, args, abandon_on_cancel=abandon_on_cancel, limiter=limiter
        ^^^^^^^^^^^^^^^^^^^^^^^^^^^^^^^^^^^^^^^^^^^^^^^^^^^^^^^^^^^^^^^^
    )
    ^
  File "C:\Users\фыа\AppData\Local\Programs\Python\Python314\Lib\site-packages\anyio\_backends\_asyncio.py", line 2596, in run_sync_in_worker_thread
    return await future
           ^^^^^^^^^^^^
  File "C:\Users\фыа\AppData\Local\Programs\Python\Python314\Lib\site-packages\anyio\_backends\_asyncio.py", line 1029, in run
    result = context.run(func, *args)
  File "C:\Users\фыа\Documents\Obsidian Vault\Programs\JobMatrix\api\routes\notifications.py", line 24, in list_events
    q = q.filter(Event.read_at.is_(None))
  File "<string>", line 2, in filter
  File "C:\Users\фыа\AppData\Local\Programs\Python\Python314\Lib\site-packages\sqlalchemy\sql\base.py", line 284, in _generative
    x = fn(self, *args, **kw)
  File "<string>", line 2, in filter
  File "C:\Users\фыа\AppData\Local\Programs\Python\Python314\Lib\site-packages\sqlalchemy\orm\base.py", line 303, in generate
    assertion(self, fn.__name__)
    ~~~~~~~~~^^^^^^^^^^^^^^^^^^^
  File "C:\Users\фыа\AppData\Local\Programs\Python\Python314\Lib\site-packages\sqlalchemy\orm\query.py", line 444, in _no_limit_offset
    raise sa_exc.InvalidRequestError(
    ...<3 lines>...
    )
sqlalchemy.exc.InvalidRequestError: Query.filter() being called on a Query which already has LIMIT or OFFSET applied.  Call filter() before limit() or offset() are applied.
INFO:     127.0.0.1:61029 - "GET /api/vacancies HTTP/1.1" 200 OK
INFO:     127.0.0.1:58982 - "GET /api/notifications?unread=1 HTTP/1.1" 500 Internal Server Error
ERROR:    Exception in ASGI application
Traceback (most recent call last):
  File "C:\Users\фыа\AppData\Local\Programs\Python\Python314\Lib\site-packages\uvicorn\protocols\http\httptools_impl.py", line 422, in run_asgi
    result = await app(  # type: ignore[func-returns-value]
             ^^^^^^^^^^^^^^^^^^^^^^^^^^^^^^^^^^^^^^^^^^^^^^
        self.scope, self.receive, self.send
        ^^^^^^^^^^^^^^^^^^^^^^^^^^^^^^^^^^^
    )
    ^
  File "C:\Users\фыа\AppData\Local\Programs\Python\Python314\Lib\site-packages\uvicorn\middleware\proxy_headers.py", line 63, in __call__
    return await self.app(scope, receive, send)
           ^^^^^^^^^^^^^^^^^^^^^^^^^^^^^^^^^^^^
  File "C:\Users\фыа\AppData\Local\Programs\Python\Python314\Lib\site-packages\fastapi\applications.py", line 1163, in __call__
    await super().__call__(scope, receive, send)
  File "C:\Users\фыа\AppData\Local\Programs\Python\Python314\Lib\site-packages\starlette\applications.py", line 96, in __call__
    await self.middleware_stack(scope, receive, send)
  File "C:\Users\фыа\AppData\Local\Programs\Python\Python314\Lib\site-packages\starlette\middleware\errors.py", line 186, in __call__
    raise exc
  File "C:\Users\фыа\AppData\Local\Programs\Python\Python314\Lib\site-packages\starlette\middleware\errors.py", line 164, in __call__
    await self.app(scope, receive, _send)
  File "C:\Users\фыа\AppData\Local\Programs\Python\Python314\Lib\site-packages\starlette\middleware\cors.py", line 88, in __call__
    await self.app(scope, receive, send)
  File "C:\Users\фыа\AppData\Local\Programs\Python\Python314\Lib\site-packages\starlette\middleware\exceptions.py", line 63, in __call__
    await wrap_app_handling_exceptions(self.app, conn)(scope, receive, send)
  File "C:\Users\фыа\AppData\Local\Programs\Python\Python314\Lib\site-packages\starlette\_exception_handler.py", line 53, in wrapped_app
    raise exc
  File "C:\Users\фыа\AppData\Local\Programs\Python\Python314\Lib\site-packages\starlette\_exception_handler.py", line 42, in wrapped_app
    await app(scope, receive, sender)
  File "C:\Users\фыа\AppData\Local\Programs\Python\Python314\Lib\site-packages\fastapi\middleware\asyncexitstack.py", line 18, in __call__
    await self.app(scope, receive, send)
  File "C:\Users\фыа\AppData\Local\Programs\Python\Python314\Lib\site-packages\starlette\routing.py", line 670, in __call__
    await self.middleware_stack(scope, receive, send)
  File "C:\Users\фыа\AppData\Local\Programs\Python\Python314\Lib\site-packages\fastapi\routing.py", line 2734, in app
    await route.handle(scope, receive, send)
  File "C:\Users\фыа\AppData\Local\Programs\Python\Python314\Lib\site-packages\fastapi\routing.py", line 1780, in handle
    await self.original_router.handle(scope, receive, send)
  File "C:\Users\фыа\AppData\Local\Programs\Python\Python314\Lib\site-packages\fastapi\routing.py", line 2789, in handle
    await included_router._handle_selected(scope, receive, send)
  File "C:\Users\фыа\AppData\Local\Programs\Python\Python314\Lib\site-packages\fastapi\routing.py", line 1800, in _handle_selected
    await original_route.handle(scope, receive, send)
  File "C:\Users\фыа\AppData\Local\Programs\Python\Python314\Lib\site-packages\fastapi\routing.py", line 1279, in handle
    await app(scope, receive, send)
  File "C:\Users\фыа\AppData\Local\Programs\Python\Python314\Lib\site-packages\fastapi\routing.py", line 158, in app
    await wrap_app_handling_exceptions(app, request)(scope, receive, send)
  File "C:\Users\фыа\AppData\Local\Programs\Python\Python314\Lib\site-packages\starlette\_exception_handler.py", line 53, in wrapped_app
    raise exc
  File "C:\Users\фыа\AppData\Local\Programs\Python\Python314\Lib\site-packages\starlette\_exception_handler.py", line 42, in wrapped_app
    await app(scope, receive, sender)
  File "C:\Users\фыа\AppData\Local\Programs\Python\Python314\Lib\site-packages\fastapi\routing.py", line 144, in app
    response = await f(request)
               ^^^^^^^^^^^^^^^^
  File "C:\Users\фыа\AppData\Local\Programs\Python\Python314\Lib\site-packages\fastapi\routing.py", line 706, in app
    raw_response = await run_endpoint_function(
                   ^^^^^^^^^^^^^^^^^^^^^^^^^^^^
    ...<3 lines>...
    )
    ^
  File "C:\Users\фыа\AppData\Local\Programs\Python\Python314\Lib\site-packages\fastapi\routing.py", line 354, in run_endpoint_function
    return await run_in_threadpool(dependant.call, **values)
           ^^^^^^^^^^^^^^^^^^^^^^^^^^^^^^^^^^^^^^^^^^^^^^^^^
  File "C:\Users\фыа\AppData\Local\Programs\Python\Python314\Lib\site-packages\starlette\concurrency.py", line 34, in run_in_threadpool
    return await anyio.to_thread.run_sync(func)
           ^^^^^^^^^^^^^^^^^^^^^^^^^^^^^^^^^^^^
  File "C:\Users\фыа\AppData\Local\Programs\Python\Python314\Lib\site-packages\anyio\to_thread.py", line 63, in run_sync
    return await get_async_backend().run_sync_in_worker_thread(
           ^^^^^^^^^^^^^^^^^^^^^^^^^^^^^^^^^^^^^^^^^^^^^^^^^^^^
        func, args, abandon_on_cancel=abandon_on_cancel, limiter=limiter
        ^^^^^^^^^^^^^^^^^^^^^^^^^^^^^^^^^^^^^^^^^^^^^^^^^^^^^^^^^^^^^^^^
    )
    ^
  File "C:\Users\фыа\AppData\Local\Programs\Python\Python314\Lib\site-packages\anyio\_backends\_asyncio.py", line 2596, in run_sync_in_worker_thread
    return await future
           ^^^^^^^^^^^^
  File "C:\Users\фыа\AppData\Local\Programs\Python\Python314\Lib\site-packages\anyio\_backends\_asyncio.py", line 1029, in run
    result = context.run(func, *args)
  File "C:\Users\фыа\Documents\Obsidian Vault\Programs\JobMatrix\api\routes\notifications.py", line 24, in list_events
    q = q.filter(Event.read_at.is_(None))
  File "<string>", line 2, in filter
  File "C:\Users\фыа\AppData\Local\Programs\Python\Python314\Lib\site-packages\sqlalchemy\sql\base.py", line 284, in _generative
    x = fn(self, *args, **kw)
  File "<string>", line 2, in filter
  File "C:\Users\фыа\AppData\Local\Programs\Python\Python314\Lib\site-packages\sqlalchemy\orm\base.py", line 303, in generate
    assertion(self, fn.__name__)
    ~~~~~~~~~^^^^^^^^^^^^^^^^^^^
  File "C:\Users\фыа\AppData\Local\Programs\Python\Python314\Lib\site-packages\sqlalchemy\orm\query.py", line 444, in _no_limit_offset
    raise sa_exc.InvalidRequestError(
    ...<3 lines>...
    )
sqlalchemy.exc.InvalidRequestError: Query.filter() being called on a Query which already has LIMIT or OFFSET applied.  Call filter() before limit() or offset() are applied.
INFO:     127.0.0.1:51092 - "GET /api/vacancies HTTP/1.1" 200 OK
INFO:     127.0.0.1:61029 - "GET /api/notifications?unread=1 HTTP/1.1" 500 Internal Server Error
ERROR:    Exception in ASGI application
Traceback (most recent call last):
  File "C:\Users\фыа\AppData\Local\Programs\Python\Python314\Lib\site-packages\uvicorn\protocols\http\httptools_impl.py", line 422, in run_asgi
    result = await app(  # type: ignore[func-returns-value]
             ^^^^^^^^^^^^^^^^^^^^^^^^^^^^^^^^^^^^^^^^^^^^^^
        self.scope, self.receive, self.send
        ^^^^^^^^^^^^^^^^^^^^^^^^^^^^^^^^^^^
    )
    ^
  File "C:\Users\фыа\AppData\Local\Programs\Python\Python314\Lib\site-packages\uvicorn\middleware\proxy_headers.py", line 63, in __call__
    return await self.app(scope, receive, send)
           ^^^^^^^^^^^^^^^^^^^^^^^^^^^^^^^^^^^^
  File "C:\Users\фыа\AppData\Local\Programs\Python\Python314\Lib\site-packages\fastapi\applications.py", line 1163, in __call__
    await super().__call__(scope, receive, send)
  File "C:\Users\фыа\AppData\Local\Programs\Python\Python314\Lib\site-packages\starlette\applications.py", line 96, in __call__
    await self.middleware_stack(scope, receive, send)
  File "C:\Users\фыа\AppData\Local\Programs\Python\Python314\Lib\site-packages\starlette\middleware\errors.py", line 186, in __call__
    raise exc
  File "C:\Users\фыа\AppData\Local\Programs\Python\Python314\Lib\site-packages\starlette\middleware\errors.py", line 164, in __call__
    await self.app(scope, receive, _send)
  File "C:\Users\фыа\AppData\Local\Programs\Python\Python314\Lib\site-packages\starlette\middleware\cors.py", line 88, in __call__
    await self.app(scope, receive, send)
  File "C:\Users\фыа\AppData\Local\Programs\Python\Python314\Lib\site-packages\starlette\middleware\exceptions.py", line 63, in __call__
    await wrap_app_handling_exceptions(self.app, conn)(scope, receive, send)
  File "C:\Users\фыа\AppData\Local\Programs\Python\Python314\Lib\site-packages\starlette\_exception_handler.py", line 53, in wrapped_app
    raise exc
  File "C:\Users\фыа\AppData\Local\Programs\Python\Python314\Lib\site-packages\starlette\_exception_handler.py", line 42, in wrapped_app
    await app(scope, receive, sender)
  File "C:\Users\фыа\AppData\Local\Programs\Python\Python314\Lib\site-packages\fastapi\middleware\asyncexitstack.py", line 18, in __call__
    await self.app(scope, receive, send)
  File "C:\Users\фыа\AppData\Local\Programs\Python\Python314\Lib\site-packages\starlette\routing.py", line 670, in __call__
    await self.middleware_stack(scope, receive, send)
  File "C:\Users\фыа\AppData\Local\Programs\Python\Python314\Lib\site-packages\fastapi\routing.py", line 2734, in app
    await route.handle(scope, receive, send)
  File "C:\Users\фыа\AppData\Local\Programs\Python\Python314\Lib\site-packages\fastapi\routing.py", line 1780, in handle
    await self.original_router.handle(scope, receive, send)
  File "C:\Users\фыа\AppData\Local\Programs\Python\Python314\Lib\site-packages\fastapi\routing.py", line 2789, in handle
    await included_router._handle_selected(scope, receive, send)
  File "C:\Users\фыа\AppData\Local\Programs\Python\Python314\Lib\site-packages\fastapi\routing.py", line 1800, in _handle_selected
    await original_route.handle(scope, receive, send)
  File "C:\Users\фыа\AppData\Local\Programs\Python\Python314\Lib\site-packages\fastapi\routing.py", line 1279, in handle
    await app(scope, receive, send)
  File "C:\Users\фыа\AppData\Local\Programs\Python\Python314\Lib\site-packages\fastapi\routing.py", line 158, in app
    await wrap_app_handling_exceptions(app, request)(scope, receive, send)
  File "C:\Users\фыа\AppData\Local\Programs\Python\Python314\Lib\site-packages\starlette\_exception_handler.py", line 53, in wrapped_app
    raise exc
  File "C:\Users\фыа\AppData\Local\Programs\Python\Python314\Lib\site-packages\starlette\_exception_handler.py", line 42, in wrapped_app
    await app(scope, receive, sender)
  File "C:\Users\фыа\AppData\Local\Programs\Python\Python314\Lib\site-packages\fastapi\routing.py", line 144, in app
    response = await f(request)
               ^^^^^^^^^^^^^^^^
  File "C:\Users\фыа\AppData\Local\Programs\Python\Python314\Lib\site-packages\fastapi\routing.py", line 706, in app
    raw_response = await run_endpoint_function(
                   ^^^^^^^^^^^^^^^^^^^^^^^^^^^^
    ...<3 lines>...
    )
    ^
  File "C:\Users\фыа\AppData\Local\Programs\Python\Python314\Lib\site-packages\fastapi\routing.py", line 354, in run_endpoint_function
    return await run_in_threadpool(dependant.call, **values)
           ^^^^^^^^^^^^^^^^^^^^^^^^^^^^^^^^^^^^^^^^^^^^^^^^^
  File "C:\Users\фыа\AppData\Local\Programs\Python\Python314\Lib\site-packages\starlette\concurrency.py", line 34, in run_in_threadpool
    return await anyio.to_thread.run_sync(func)
           ^^^^^^^^^^^^^^^^^^^^^^^^^^^^^^^^^^^^
  File "C:\Users\фыа\AppData\Local\Programs\Python\Python314\Lib\site-packages\anyio\to_thread.py", line 63, in run_sync
    return await get_async_backend().run_sync_in_worker_thread(
           ^^^^^^^^^^^^^^^^^^^^^^^^^^^^^^^^^^^^^^^^^^^^^^^^^^^^
        func, args, abandon_on_cancel=abandon_on_cancel, limiter=limiter
        ^^^^^^^^^^^^^^^^^^^^^^^^^^^^^^^^^^^^^^^^^^^^^^^^^^^^^^^^^^^^^^^^
    )
    ^
  File "C:\Users\фыа\AppData\Local\Programs\Python\Python314\Lib\site-packages\anyio\_backends\_asyncio.py", line 2596, in run_sync_in_worker_thread
    return await future
           ^^^^^^^^^^^^
  File "C:\Users\фыа\AppData\Local\Programs\Python\Python314\Lib\site-packages\anyio\_backends\_asyncio.py", line 1029, in run
    result = context.run(func, *args)
  File "C:\Users\фыа\Documents\Obsidian Vault\Programs\JobMatrix\api\routes\notifications.py", line 24, in list_events
    q = q.filter(Event.read_at.is_(None))
  File "<string>", line 2, in filter
  File "C:\Users\фыа\AppData\Local\Programs\Python\Python314\Lib\site-packages\sqlalchemy\sql\base.py", line 284, in _generative
    x = fn(self, *args, **kw)
  File "<string>", line 2, in filter
  File "C:\Users\фыа\AppData\Local\Programs\Python\Python314\Lib\site-packages\sqlalchemy\orm\base.py", line 303, in generate
    assertion(self, fn.__name__)
    ~~~~~~~~~^^^^^^^^^^^^^^^^^^^
  File "C:\Users\фыа\AppData\Local\Programs\Python\Python314\Lib\site-packages\sqlalchemy\orm\query.py", line 444, in _no_limit_offset
    raise sa_exc.InvalidRequestError(
    ...<3 lines>...
    )
sqlalchemy.exc.InvalidRequestError: Query.filter() being called on a Query which already has LIMIT or OFFSET applied.  Call filter() before limit() or offset() are applied.
INFO:     127.0.0.1:54396 - "GET /api/vacancies HTTP/1.1" 200 OK
INFO:     127.0.0.1:51092 - "GET /api/notifications?unread=1 HTTP/1.1" 500 Internal Server Error
ERROR:    Exception in ASGI application
Traceback (most recent call last):
  File "C:\Users\фыа\AppData\Local\Programs\Python\Python314\Lib\site-packages\uvicorn\protocols\http\httptools_impl.py", line 422, in run_asgi
    result = await app(  # type: ignore[func-returns-value]
             ^^^^^^^^^^^^^^^^^^^^^^^^^^^^^^^^^^^^^^^^^^^^^^
        self.scope, self.receive, self.send
        ^^^^^^^^^^^^^^^^^^^^^^^^^^^^^^^^^^^
    )
    ^
  File "C:\Users\фыа\AppData\Local\Programs\Python\Python314\Lib\site-packages\uvicorn\middleware\proxy_headers.py", line 63, in __call__
    return await self.app(scope, receive, send)
           ^^^^^^^^^^^^^^^^^^^^^^^^^^^^^^^^^^^^
  File "C:\Users\фыа\AppData\Local\Programs\Python\Python314\Lib\site-packages\fastapi\applications.py", line 1163, in __call__
    await super().__call__(scope, receive, send)
  File "C:\Users\фыа\AppData\Local\Programs\Python\Python314\Lib\site-packages\starlette\applications.py", line 96, in __call__
    await self.middleware_stack(scope, receive, send)
  File "C:\Users\фыа\AppData\Local\Programs\Python\Python314\Lib\site-packages\starlette\middleware\errors.py", line 186, in __call__
    raise exc
  File "C:\Users\фыа\AppData\Local\Programs\Python\Python314\Lib\site-packages\starlette\middleware\errors.py", line 164, in __call__
    await self.app(scope, receive, _send)
  File "C:\Users\фыа\AppData\Local\Programs\Python\Python314\Lib\site-packages\starlette\middleware\cors.py", line 88, in __call__
    await self.app(scope, receive, send)
  File "C:\Users\фыа\AppData\Local\Programs\Python\Python314\Lib\site-packages\starlette\middleware\exceptions.py", line 63, in __call__
    await wrap_app_handling_exceptions(self.app, conn)(scope, receive, send)
  File "C:\Users\фыа\AppData\Local\Programs\Python\Python314\Lib\site-packages\starlette\_exception_handler.py", line 53, in wrapped_app
    raise exc
  File "C:\Users\фыа\AppData\Local\Programs\Python\Python314\Lib\site-packages\starlette\_exception_handler.py", line 42, in wrapped_app
    await app(scope, receive, sender)
  File "C:\Users\фыа\AppData\Local\Programs\Python\Python314\Lib\site-packages\fastapi\middleware\asyncexitstack.py", line 18, in __call__
    await self.app(scope, receive, send)
  File "C:\Users\фыа\AppData\Local\Programs\Python\Python314\Lib\site-packages\starlette\routing.py", line 670, in __call__
    await self.middleware_stack(scope, receive, send)
  File "C:\Users\фыа\AppData\Local\Programs\Python\Python314\Lib\site-packages\fastapi\routing.py", line 2734, in app
    await route.handle(scope, receive, send)
  File "C:\Users\фыа\AppData\Local\Programs\Python\Python314\Lib\site-packages\fastapi\routing.py", line 1780, in handle
    await self.original_router.handle(scope, receive, send)
  File "C:\Users\фыа\AppData\Local\Programs\Python\Python314\Lib\site-packages\fastapi\routing.py", line 2789, in handle
    await included_router._handle_selected(scope, receive, send)
  File "C:\Users\фыа\AppData\Local\Programs\Python\Python314\Lib\site-packages\fastapi\routing.py", line 1800, in _handle_selected
    await original_route.handle(scope, receive, send)
  File "C:\Users\фыа\AppData\Local\Programs\Python\Python314\Lib\site-packages\fastapi\routing.py", line 1279, in handle
    await app(scope, receive, send)
  File "C:\Users\фыа\AppData\Local\Programs\Python\Python314\Lib\site-packages\fastapi\routing.py", line 158, in app
    await wrap_app_handling_exceptions(app, request)(scope, receive, send)
  File "C:\Users\фыа\AppData\Local\Programs\Python\Python314\Lib\site-packages\starlette\_exception_handler.py", line 53, in wrapped_app
    raise exc
  File "C:\Users\фыа\AppData\Local\Programs\Python\Python314\Lib\site-packages\starlette\_exception_handler.py", line 42, in wrapped_app
    await app(scope, receive, sender)
  File "C:\Users\фыа\AppData\Local\Programs\Python\Python314\Lib\site-packages\fastapi\routing.py", line 144, in app
    response = await f(request)
               ^^^^^^^^^^^^^^^^
  File "C:\Users\фыа\AppData\Local\Programs\Python\Python314\Lib\site-packages\fastapi\routing.py", line 706, in app
    raw_response = await run_endpoint_function(
                   ^^^^^^^^^^^^^^^^^^^^^^^^^^^^
    ...<3 lines>...
    )
    ^
  File "C:\Users\фыа\AppData\Local\Programs\Python\Python314\Lib\site-packages\fastapi\routing.py", line 354, in run_endpoint_function
    return await run_in_threadpool(dependant.call, **values)
           ^^^^^^^^^^^^^^^^^^^^^^^^^^^^^^^^^^^^^^^^^^^^^^^^^
  File "C:\Users\фыа\AppData\Local\Programs\Python\Python314\Lib\site-packages\starlette\concurrency.py", line 34, in run_in_threadpool
    return await anyio.to_thread.run_sync(func)
           ^^^^^^^^^^^^^^^^^^^^^^^^^^^^^^^^^^^^
  File "C:\Users\фыа\AppData\Local\Programs\Python\Python314\Lib\site-packages\anyio\to_thread.py", line 63, in run_sync
    return await get_async_backend().run_sync_in_worker_thread(
           ^^^^^^^^^^^^^^^^^^^^^^^^^^^^^^^^^^^^^^^^^^^^^^^^^^^^
        func, args, abandon_on_cancel=abandon_on_cancel, limiter=limiter
        ^^^^^^^^^^^^^^^^^^^^^^^^^^^^^^^^^^^^^^^^^^^^^^^^^^^^^^^^^^^^^^^^
    )
    ^
  File "C:\Users\фыа\AppData\Local\Programs\Python\Python314\Lib\site-packages\anyio\_backends\_asyncio.py", line 2596, in run_sync_in_worker_thread
    return await future
           ^^^^^^^^^^^^
  File "C:\Users\фыа\AppData\Local\Programs\Python\Python314\Lib\site-packages\anyio\_backends\_asyncio.py", line 1029, in run
    result = context.run(func, *args)
  File "C:\Users\фыа\Documents\Obsidian Vault\Programs\JobMatrix\api\routes\notifications.py", line 24, in list_events
    q = q.filter(Event.read_at.is_(None))
  File "<string>", line 2, in filter
  File "C:\Users\фыа\AppData\Local\Programs\Python\Python314\Lib\site-packages\sqlalchemy\sql\base.py", line 284, in _generative
    x = fn(self, *args, **kw)
  File "<string>", line 2, in filter
  File "C:\Users\фыа\AppData\Local\Programs\Python\Python314\Lib\site-packages\sqlalchemy\orm\base.py", line 303, in generate
    assertion(self, fn.__name__)
    ~~~~~~~~~^^^^^^^^^^^^^^^^^^^
  File "C:\Users\фыа\AppData\Local\Programs\Python\Python314\Lib\site-packages\sqlalchemy\orm\query.py", line 444, in _no_limit_offset
    raise sa_exc.InvalidRequestError(
    ...<3 lines>...
    )
sqlalchemy.exc.InvalidRequestError: Query.filter() being called on a Query which already has LIMIT or OFFSET applied.  Call filter() before limit() or offset() are applied.
INFO:     127.0.0.1:57906 - "GET /api/vacancies HTTP/1.1" 200 OK
INFO:     127.0.0.1:54396 - "GET /api/notifications?unread=1 HTTP/1.1" 500 Internal Server Error
ERROR:    Exception in ASGI application
Traceback (most recent call last):
  File "C:\Users\фыа\AppData\Local\Programs\Python\Python314\Lib\site-packages\uvicorn\protocols\http\httptools_impl.py", line 422, in run_asgi
    result = await app(  # type: ignore[func-returns-value]
             ^^^^^^^^^^^^^^^^^^^^^^^^^^^^^^^^^^^^^^^^^^^^^^
        self.scope, self.receive, self.send
        ^^^^^^^^^^^^^^^^^^^^^^^^^^^^^^^^^^^
    )
    ^
  File "C:\Users\фыа\AppData\Local\Programs\Python\Python314\Lib\site-packages\uvicorn\middleware\proxy_headers.py", line 63, in __call__
    return await self.app(scope, receive, send)
           ^^^^^^^^^^^^^^^^^^^^^^^^^^^^^^^^^^^^
  File "C:\Users\фыа\AppData\Local\Programs\Python\Python314\Lib\site-packages\fastapi\applications.py", line 1163, in __call__
    await super().__call__(scope, receive, send)
  File "C:\Users\фыа\AppData\Local\Programs\Python\Python314\Lib\site-packages\starlette\applications.py", line 96, in __call__
    await self.middleware_stack(scope, receive, send)
  File "C:\Users\фыа\AppData\Local\Programs\Python\Python314\Lib\site-packages\starlette\middleware\errors.py", line 186, in __call__
    raise exc
  File "C:\Users\фыа\AppData\Local\Programs\Python\Python314\Lib\site-packages\starlette\middleware\errors.py", line 164, in __call__
    await self.app(scope, receive, _send)
  File "C:\Users\фыа\AppData\Local\Programs\Python\Python314\Lib\site-packages\starlette\middleware\cors.py", line 88, in __call__
    await self.app(scope, receive, send)
  File "C:\Users\фыа\AppData\Local\Programs\Python\Python314\Lib\site-packages\starlette\middleware\exceptions.py", line 63, in __call__
    await wrap_app_handling_exceptions(self.app, conn)(scope, receive, send)
  File "C:\Users\фыа\AppData\Local\Programs\Python\Python314\Lib\site-packages\starlette\_exception_handler.py", line 53, in wrapped_app
    raise exc
  File "C:\Users\фыа\AppData\Local\Programs\Python\Python314\Lib\site-packages\starlette\_exception_handler.py", line 42, in wrapped_app
    await app(scope, receive, sender)
  File "C:\Users\фыа\AppData\Local\Programs\Python\Python314\Lib\site-packages\fastapi\middleware\asyncexitstack.py", line 18, in __call__
    await self.app(scope, receive, send)
  File "C:\Users\фыа\AppData\Local\Programs\Python\Python314\Lib\site-packages\starlette\routing.py", line 670, in __call__
    await self.middleware_stack(scope, receive, send)
  File "C:\Users\фыа\AppData\Local\Programs\Python\Python314\Lib\site-packages\fastapi\routing.py", line 2734, in app
    await route.handle(scope, receive, send)
  File "C:\Users\фыа\AppData\Local\Programs\Python\Python314\Lib\site-packages\fastapi\routing.py", line 1780, in handle
    await self.original_router.handle(scope, receive, send)
  File "C:\Users\фыа\AppData\Local\Programs\Python\Python314\Lib\site-packages\fastapi\routing.py", line 2789, in handle
    await included_router._handle_selected(scope, receive, send)
  File "C:\Users\фыа\AppData\Local\Programs\Python\Python314\Lib\site-packages\fastapi\routing.py", line 1800, in _handle_selected
    await original_route.handle(scope, receive, send)
  File "C:\Users\фыа\AppData\Local\Programs\Python\Python314\Lib\site-packages\fastapi\routing.py", line 1279, in handle
    await app(scope, receive, send)
  File "C:\Users\фыа\AppData\Local\Programs\Python\Python314\Lib\site-packages\fastapi\routing.py", line 158, in app
    await wrap_app_handling_exceptions(app, request)(scope, receive, send)
  File "C:\Users\фыа\AppData\Local\Programs\Python\Python314\Lib\site-packages\starlette\_exception_handler.py", line 53, in wrapped_app
    raise exc
  File "C:\Users\фыа\AppData\Local\Programs\Python\Python314\Lib\site-packages\starlette\_exception_handler.py", line 42, in wrapped_app
    await app(scope, receive, sender)
  File "C:\Users\фыа\AppData\Local\Programs\Python\Python314\Lib\site-packages\fastapi\routing.py", line 144, in app
    response = await f(request)
               ^^^^^^^^^^^^^^^^
  File "C:\Users\фыа\AppData\Local\Programs\Python\Python314\Lib\site-packages\fastapi\routing.py", line 706, in app
    raw_response = await run_endpoint_function(
                   ^^^^^^^^^^^^^^^^^^^^^^^^^^^^
    ...<3 lines>...
    )
    ^
  File "C:\Users\фыа\AppData\Local\Programs\Python\Python314\Lib\site-packages\fastapi\routing.py", line 354, in run_endpoint_function
    return await run_in_threadpool(dependant.call, **values)
           ^^^^^^^^^^^^^^^^^^^^^^^^^^^^^^^^^^^^^^^^^^^^^^^^^
  File "C:\Users\фыа\AppData\Local\Programs\Python\Python314\Lib\site-packages\starlette\concurrency.py", line 34, in run_in_threadpool
    return await anyio.to_thread.run_sync(func)
           ^^^^^^^^^^^^^^^^^^^^^^^^^^^^^^^^^^^^
  File "C:\Users\фыа\AppData\Local\Programs\Python\Python314\Lib\site-packages\anyio\to_thread.py", line 63, in run_sync
    return await get_async_backend().run_sync_in_worker_thread(
           ^^^^^^^^^^^^^^^^^^^^^^^^^^^^^^^^^^^^^^^^^^^^^^^^^^^^
        func, args, abandon_on_cancel=abandon_on_cancel, limiter=limiter
        ^^^^^^^^^^^^^^^^^^^^^^^^^^^^^^^^^^^^^^^^^^^^^^^^^^^^^^^^^^^^^^^^
    )
    ^
  File "C:\Users\фыа\AppData\Local\Programs\Python\Python314\Lib\site-packages\anyio\_backends\_asyncio.py", line 2596, in run_sync_in_worker_thread
    return await future
           ^^^^^^^^^^^^
  File "C:\Users\фыа\AppData\Local\Programs\Python\Python314\Lib\site-packages\anyio\_backends\_asyncio.py", line 1029, in run
    result = context.run(func, *args)
  File "C:\Users\фыа\Documents\Obsidian Vault\Programs\JobMatrix\api\routes\notifications.py", line 24, in list_events
    q = q.filter(Event.read_at.is_(None))
  File "<string>", line 2, in filter
  File "C:\Users\фыа\AppData\Local\Programs\Python\Python314\Lib\site-packages\sqlalchemy\sql\base.py", line 284, in _generative
    x = fn(self, *args, **kw)
  File "<string>", line 2, in filter
  File "C:\Users\фыа\AppData\Local\Programs\Python\Python314\Lib\site-packages\sqlalchemy\orm\base.py", line 303, in generate
    assertion(self, fn.__name__)
    ~~~~~~~~~^^^^^^^^^^^^^^^^^^^
  File "C:\Users\фыа\AppData\Local\Programs\Python\Python314\Lib\site-packages\sqlalchemy\orm\query.py", line 444, in _no_limit_offset
    raise sa_exc.InvalidRequestError(
    ...<3 lines>...
    )
sqlalchemy.exc.InvalidRequestError: Query.filter() being called on a Query which already has LIMIT or OFFSET applied.  Call filter() before limit() or offset() are applied.
INFO:     127.0.0.1:62464 - "GET /api/vacancies HTTP/1.1" 200 OK
INFO:     127.0.0.1:57906 - "GET /api/notifications?unread=1 HTTP/1.1" 500 Internal Server Error
ERROR:    Exception in ASGI application
Traceback (most recent call last):
  File "C:\Users\фыа\AppData\Local\Programs\Python\Python314\Lib\site-packages\uvicorn\protocols\http\httptools_impl.py", line 422, in run_asgi
    result = await app(  # type: ignore[func-returns-value]
             ^^^^^^^^^^^^^^^^^^^^^^^^^^^^^^^^^^^^^^^^^^^^^^
        self.scope, self.receive, self.send
        ^^^^^^^^^^^^^^^^^^^^^^^^^^^^^^^^^^^
    )
    ^
  File "C:\Users\фыа\AppData\Local\Programs\Python\Python314\Lib\site-packages\uvicorn\middleware\proxy_headers.py", line 63, in __call__
    return await self.app(scope, receive, send)
           ^^^^^^^^^^^^^^^^^^^^^^^^^^^^^^^^^^^^
  File "C:\Users\фыа\AppData\Local\Programs\Python\Python314\Lib\site-packages\fastapi\applications.py", line 1163, in __call__
    await super().__call__(scope, receive, send)
  File "C:\Users\фыа\AppData\Local\Programs\Python\Python314\Lib\site-packages\starlette\applications.py", line 96, in __call__
    await self.middleware_stack(scope, receive, send)
  File "C:\Users\фыа\AppData\Local\Programs\Python\Python314\Lib\site-packages\starlette\middleware\errors.py", line 186, in __call__
    raise exc
  File "C:\Users\фыа\AppData\Local\Programs\Python\Python314\Lib\site-packages\starlette\middleware\errors.py", line 164, in __call__
    await self.app(scope, receive, _send)
  File "C:\Users\фыа\AppData\Local\Programs\Python\Python314\Lib\site-packages\starlette\middleware\cors.py", line 88, in __call__
    await self.app(scope, receive, send)
  File "C:\Users\фыа\AppData\Local\Programs\Python\Python314\Lib\site-packages\starlette\middleware\exceptions.py", line 63, in __call__
    await wrap_app_handling_exceptions(self.app, conn)(scope, receive, send)
  File "C:\Users\фыа\AppData\Local\Programs\Python\Python314\Lib\site-packages\starlette\_exception_handler.py", line 53, in wrapped_app
    raise exc
  File "C:\Users\фыа\AppData\Local\Programs\Python\Python314\Lib\site-packages\starlette\_exception_handler.py", line 42, in wrapped_app
    await app(scope, receive, sender)
  File "C:\Users\фыа\AppData\Local\Programs\Python\Python314\Lib\site-packages\fastapi\middleware\asyncexitstack.py", line 18, in __call__
    await self.app(scope, receive, send)
  File "C:\Users\фыа\AppData\Local\Programs\Python\Python314\Lib\site-packages\starlette\routing.py", line 670, in __call__
    await self.middleware_stack(scope, receive, send)
  File "C:\Users\фыа\AppData\Local\Programs\Python\Python314\Lib\site-packages\fastapi\routing.py", line 2734, in app
    await route.handle(scope, receive, send)
  File "C:\Users\фыа\AppData\Local\Programs\Python\Python314\Lib\site-packages\fastapi\routing.py", line 1780, in handle
    await self.original_router.handle(scope, receive, send)
  File "C:\Users\фыа\AppData\Local\Programs\Python\Python314\Lib\site-packages\fastapi\routing.py", line 2789, in handle
    await included_router._handle_selected(scope, receive, send)
  File "C:\Users\фыа\AppData\Local\Programs\Python\Python314\Lib\site-packages\fastapi\routing.py", line 1800, in _handle_selected
    await original_route.handle(scope, receive, send)
  File "C:\Users\фыа\AppData\Local\Programs\Python\Python314\Lib\site-packages\fastapi\routing.py", line 1279, in handle
    await app(scope, receive, send)
  File "C:\Users\фыа\AppData\Local\Programs\Python\Python314\Lib\site-packages\fastapi\routing.py", line 158, in app
    await wrap_app_handling_exceptions(app, request)(scope, receive, send)
  File "C:\Users\фыа\AppData\Local\Programs\Python\Python314\Lib\site-packages\starlette\_exception_handler.py", line 53, in wrapped_app
    raise exc
  File "C:\Users\фыа\AppData\Local\Programs\Python\Python314\Lib\site-packages\starlette\_exception_handler.py", line 42, in wrapped_app
    await app(scope, receive, sender)
  File "C:\Users\фыа\AppData\Local\Programs\Python\Python314\Lib\site-packages\fastapi\routing.py", line 144, in app
    response = await f(request)
               ^^^^^^^^^^^^^^^^
  File "C:\Users\фыа\AppData\Local\Programs\Python\Python314\Lib\site-packages\fastapi\routing.py", line 706, in app
    raw_response = await run_endpoint_function(
                   ^^^^^^^^^^^^^^^^^^^^^^^^^^^^
    ...<3 lines>...
    )
    ^
  File "C:\Users\фыа\AppData\Local\Programs\Python\Python314\Lib\site-packages\fastapi\routing.py", line 354, in run_endpoint_function
    return await run_in_threadpool(dependant.call, **values)
           ^^^^^^^^^^^^^^^^^^^^^^^^^^^^^^^^^^^^^^^^^^^^^^^^^
  File "C:\Users\фыа\AppData\Local\Programs\Python\Python314\Lib\site-packages\starlette\concurrency.py", line 34, in run_in_threadpool
    return await anyio.to_thread.run_sync(func)
           ^^^^^^^^^^^^^^^^^^^^^^^^^^^^^^^^^^^^
  File "C:\Users\фыа\AppData\Local\Programs\Python\Python314\Lib\site-packages\anyio\to_thread.py", line 63, in run_sync
    return await get_async_backend().run_sync_in_worker_thread(
           ^^^^^^^^^^^^^^^^^^^^^^^^^^^^^^^^^^^^^^^^^^^^^^^^^^^^
        func, args, abandon_on_cancel=abandon_on_cancel, limiter=limiter
        ^^^^^^^^^^^^^^^^^^^^^^^^^^^^^^^^^^^^^^^^^^^^^^^^^^^^^^^^^^^^^^^^
    )
    ^
  File "C:\Users\фыа\AppData\Local\Programs\Python\Python314\Lib\site-packages\anyio\_backends\_asyncio.py", line 2596, in run_sync_in_worker_thread
    return await future
           ^^^^^^^^^^^^
  File "C:\Users\фыа\AppData\Local\Programs\Python\Python314\Lib\site-packages\anyio\_backends\_asyncio.py", line 1029, in run
    result = context.run(func, *args)
  File "C:\Users\фыа\Documents\Obsidian Vault\Programs\JobMatrix\api\routes\notifications.py", line 24, in list_events
    q = q.filter(Event.read_at.is_(None))
  File "<string>", line 2, in filter
  File "C:\Users\фыа\AppData\Local\Programs\Python\Python314\Lib\site-packages\sqlalchemy\sql\base.py", line 284, in _generative
    x = fn(self, *args, **kw)
  File "<string>", line 2, in filter
  File "C:\Users\фыа\AppData\Local\Programs\Python\Python314\Lib\site-packages\sqlalchemy\orm\base.py", line 303, in generate
    assertion(self, fn.__name__)
    ~~~~~~~~~^^^^^^^^^^^^^^^^^^^
  File "C:\Users\фыа\AppData\Local\Programs\Python\Python314\Lib\site-packages\sqlalchemy\orm\query.py", line 444, in _no_limit_offset
    raise sa_exc.InvalidRequestError(
    ...<3 lines>...
    )
sqlalchemy.exc.InvalidRequestError: Query.filter() being called on a Query which already has LIMIT or OFFSET applied.  Call filter() before limit() or offset() are applied.
INFO:     127.0.0.1:54073 - "GET /api/vacancies HTTP/1.1" 200 OK
INFO:     127.0.0.1:62464 - "GET /api/notifications?unread=1 HTTP/1.1" 500 Internal Server Error
ERROR:    Exception in ASGI application
Traceback (most recent call last):
  File "C:\Users\фыа\AppData\Local\Programs\Python\Python314\Lib\site-packages\uvicorn\protocols\http\httptools_impl.py", line 422, in run_asgi
    result = await app(  # type: ignore[func-returns-value]
             ^^^^^^^^^^^^^^^^^^^^^^^^^^^^^^^^^^^^^^^^^^^^^^
        self.scope, self.receive, self.send
        ^^^^^^^^^^^^^^^^^^^^^^^^^^^^^^^^^^^
    )
    ^
  File "C:\Users\фыа\AppData\Local\Programs\Python\Python314\Lib\site-packages\uvicorn\middleware\proxy_headers.py", line 63, in __call__
    return await self.app(scope, receive, send)
           ^^^^^^^^^^^^^^^^^^^^^^^^^^^^^^^^^^^^
  File "C:\Users\фыа\AppData\Local\Programs\Python\Python314\Lib\site-packages\fastapi\applications.py", line 1163, in __call__
    await super().__call__(scope, receive, send)
  File "C:\Users\фыа\AppData\Local\Programs\Python\Python314\Lib\site-packages\starlette\applications.py", line 96, in __call__
    await self.middleware_stack(scope, receive, send)
  File "C:\Users\фыа\AppData\Local\Programs\Python\Python314\Lib\site-packages\starlette\middleware\errors.py", line 186, in __call__
    raise exc
  File "C:\Users\фыа\AppData\Local\Programs\Python\Python314\Lib\site-packages\starlette\middleware\errors.py", line 164, in __call__
    await self.app(scope, receive, _send)
  File "C:\Users\фыа\AppData\Local\Programs\Python\Python314\Lib\site-packages\starlette\middleware\cors.py", line 88, in __call__
    await self.app(scope, receive, send)
  File "C:\Users\фыа\AppData\Local\Programs\Python\Python314\Lib\site-packages\starlette\middleware\exceptions.py", line 63, in __call__
    await wrap_app_handling_exceptions(self.app, conn)(scope, receive, send)
  File "C:\Users\фыа\AppData\Local\Programs\Python\Python314\Lib\site-packages\starlette\_exception_handler.py", line 53, in wrapped_app
    raise exc
  File "C:\Users\фыа\AppData\Local\Programs\Python\Python314\Lib\site-packages\starlette\_exception_handler.py", line 42, in wrapped_app
    await app(scope, receive, sender)
  File "C:\Users\фыа\AppData\Local\Programs\Python\Python314\Lib\site-packages\fastapi\middleware\asyncexitstack.py", line 18, in __call__
    await self.app(scope, receive, send)
  File "C:\Users\фыа\AppData\Local\Programs\Python\Python314\Lib\site-packages\starlette\routing.py", line 670, in __call__
    await self.middleware_stack(scope, receive, send)
  File "C:\Users\фыа\AppData\Local\Programs\Python\Python314\Lib\site-packages\fastapi\routing.py", line 2734, in app
    await route.handle(scope, receive, send)
  File "C:\Users\фыа\AppData\Local\Programs\Python\Python314\Lib\site-packages\fastapi\routing.py", line 1780, in handle
    await self.original_router.handle(scope, receive, send)
  File "C:\Users\фыа\AppData\Local\Programs\Python\Python314\Lib\site-packages\fastapi\routing.py", line 2789, in handle
    await included_router._handle_selected(scope, receive, send)
  File "C:\Users\фыа\AppData\Local\Programs\Python\Python314\Lib\site-packages\fastapi\routing.py", line 1800, in _handle_selected
    await original_route.handle(scope, receive, send)
  File "C:\Users\фыа\AppData\Local\Programs\Python\Python314\Lib\site-packages\fastapi\routing.py", line 1279, in handle
    await app(scope, receive, send)
  File "C:\Users\фыа\AppData\Local\Programs\Python\Python314\Lib\site-packages\fastapi\routing.py", line 158, in app
    await wrap_app_handling_exceptions(app, request)(scope, receive, send)
  File "C:\Users\фыа\AppData\Local\Programs\Python\Python314\Lib\site-packages\starlette\_exception_handler.py", line 53, in wrapped_app
    raise exc
  File "C:\Users\фыа\AppData\Local\Programs\Python\Python314\Lib\site-packages\starlette\_exception_handler.py", line 42, in wrapped_app
    await app(scope, receive, sender)
  File "C:\Users\фыа\AppData\Local\Programs\Python\Python314\Lib\site-packages\fastapi\routing.py", line 144, in app
    response = await f(request)
               ^^^^^^^^^^^^^^^^
  File "C:\Users\фыа\AppData\Local\Programs\Python\Python314\Lib\site-packages\fastapi\routing.py", line 706, in app
    raw_response = await run_endpoint_function(
                   ^^^^^^^^^^^^^^^^^^^^^^^^^^^^
    ...<3 lines>...
    )
    ^
  File "C:\Users\фыа\AppData\Local\Programs\Python\Python314\Lib\site-packages\fastapi\routing.py", line 354, in run_endpoint_function
    return await run_in_threadpool(dependant.call, **values)
           ^^^^^^^^^^^^^^^^^^^^^^^^^^^^^^^^^^^^^^^^^^^^^^^^^
  File "C:\Users\фыа\AppData\Local\Programs\Python\Python314\Lib\site-packages\starlette\concurrency.py", line 34, in run_in_threadpool
    return await anyio.to_thread.run_sync(func)
           ^^^^^^^^^^^^^^^^^^^^^^^^^^^^^^^^^^^^
  File "C:\Users\фыа\AppData\Local\Programs\Python\Python314\Lib\site-packages\anyio\to_thread.py", line 63, in run_sync
    return await get_async_backend().run_sync_in_worker_thread(
           ^^^^^^^^^^^^^^^^^^^^^^^^^^^^^^^^^^^^^^^^^^^^^^^^^^^^
        func, args, abandon_on_cancel=abandon_on_cancel, limiter=limiter
        ^^^^^^^^^^^^^^^^^^^^^^^^^^^^^^^^^^^^^^^^^^^^^^^^^^^^^^^^^^^^^^^^
    )
    ^
  File "C:\Users\фыа\AppData\Local\Programs\Python\Python314\Lib\site-packages\anyio\_backends\_asyncio.py", line 2596, in run_sync_in_worker_thread
    return await future
           ^^^^^^^^^^^^
  File "C:\Users\фыа\AppData\Local\Programs\Python\Python314\Lib\site-packages\anyio\_backends\_asyncio.py", line 1029, in run
    result = context.run(func, *args)
  File "C:\Users\фыа\Documents\Obsidian Vault\Programs\JobMatrix\api\routes\notifications.py", line 24, in list_events
    q = q.filter(Event.read_at.is_(None))
  File "<string>", line 2, in filter
  File "C:\Users\фыа\AppData\Local\Programs\Python\Python314\Lib\site-packages\sqlalchemy\sql\base.py", line 284, in _generative
    x = fn(self, *args, **kw)
  File "<string>", line 2, in filter
  File "C:\Users\фыа\AppData\Local\Programs\Python\Python314\Lib\site-packages\sqlalchemy\orm\base.py", line 303, in generate
    assertion(self, fn.__name__)
    ~~~~~~~~~^^^^^^^^^^^^^^^^^^^
  File "C:\Users\фыа\AppData\Local\Programs\Python\Python314\Lib\site-packages\sqlalchemy\orm\query.py", line 444, in _no_limit_offset
    raise sa_exc.InvalidRequestError(
    ...<3 lines>...
    )
sqlalchemy.exc.InvalidRequestError: Query.filter() being called on a Query which already has LIMIT or OFFSET applied.  Call filter() before limit() or offset() are applied.
INFO:     127.0.0.1:54073 - "GET /api/vacancies HTTP/1.1" 200 OK
INFO:     127.0.0.1:54073 - "GET /api/vacancies HTTP/1.1" 200 OK
INFO:     127.0.0.1:52249 - "GET /api/notifications?unread=1 HTTP/1.1" 500 Internal Server Error
ERROR:    Exception in ASGI application
Traceback (most recent call last):
  File "C:\Users\фыа\AppData\Local\Programs\Python\Python314\Lib\site-packages\uvicorn\protocols\http\httptools_impl.py", line 422, in run_asgi
    result = await app(  # type: ignore[func-returns-value]
             ^^^^^^^^^^^^^^^^^^^^^^^^^^^^^^^^^^^^^^^^^^^^^^
        self.scope, self.receive, self.send
        ^^^^^^^^^^^^^^^^^^^^^^^^^^^^^^^^^^^
    )
    ^
  File "C:\Users\фыа\AppData\Local\Programs\Python\Python314\Lib\site-packages\uvicorn\middleware\proxy_headers.py", line 63, in __call__
    return await self.app(scope, receive, send)
           ^^^^^^^^^^^^^^^^^^^^^^^^^^^^^^^^^^^^
  File "C:\Users\фыа\AppData\Local\Programs\Python\Python314\Lib\site-packages\fastapi\applications.py", line 1163, in __call__
    await super().__call__(scope, receive, send)
  File "C:\Users\фыа\AppData\Local\Programs\Python\Python314\Lib\site-packages\starlette\applications.py", line 96, in __call__
    await self.middleware_stack(scope, receive, send)
  File "C:\Users\фыа\AppData\Local\Programs\Python\Python314\Lib\site-packages\starlette\middleware\errors.py", line 186, in __call__
    raise exc
  File "C:\Users\фыа\AppData\Local\Programs\Python\Python314\Lib\site-packages\starlette\middleware\errors.py", line 164, in __call__
    await self.app(scope, receive, _send)
  File "C:\Users\фыа\AppData\Local\Programs\Python\Python314\Lib\site-packages\starlette\middleware\cors.py", line 88, in __call__
    await self.app(scope, receive, send)
  File "C:\Users\фыа\AppData\Local\Programs\Python\Python314\Lib\site-packages\starlette\middleware\exceptions.py", line 63, in __call__
    await wrap_app_handling_exceptions(self.app, conn)(scope, receive, send)
  File "C:\Users\фыа\AppData\Local\Programs\Python\Python314\Lib\site-packages\starlette\_exception_handler.py", line 53, in wrapped_app
    raise exc
  File "C:\Users\фыа\AppData\Local\Programs\Python\Python314\Lib\site-packages\starlette\_exception_handler.py", line 42, in wrapped_app
    await app(scope, receive, sender)
  File "C:\Users\фыа\AppData\Local\Programs\Python\Python314\Lib\site-packages\fastapi\middleware\asyncexitstack.py", line 18, in __call__
    await self.app(scope, receive, send)
  File "C:\Users\фыа\AppData\Local\Programs\Python\Python314\Lib\site-packages\starlette\routing.py", line 670, in __call__
    await self.middleware_stack(scope, receive, send)
  File "C:\Users\фыа\AppData\Local\Programs\Python\Python314\Lib\site-packages\fastapi\routing.py", line 2734, in app
    await route.handle(scope, receive, send)
  File "C:\Users\фыа\AppData\Local\Programs\Python\Python314\Lib\site-packages\fastapi\routing.py", line 1780, in handle
    await self.original_router.handle(scope, receive, send)
  File "C:\Users\фыа\AppData\Local\Programs\Python\Python314\Lib\site-packages\fastapi\routing.py", line 2789, in handle
    await included_router._handle_selected(scope, receive, send)
  File "C:\Users\фыа\AppData\Local\Programs\Python\Python314\Lib\site-packages\fastapi\routing.py", line 1800, in _handle_selected
    await original_route.handle(scope, receive, send)
  File "C:\Users\фыа\AppData\Local\Programs\Python\Python314\Lib\site-packages\fastapi\routing.py", line 1279, in handle
    await app(scope, receive, send)
  File "C:\Users\фыа\AppData\Local\Programs\Python\Python314\Lib\site-packages\fastapi\routing.py", line 158, in app
    await wrap_app_handling_exceptions(app, request)(scope, receive, send)
  File "C:\Users\фыа\AppData\Local\Programs\Python\Python314\Lib\site-packages\starlette\_exception_handler.py", line 53, in wrapped_app
    raise exc
  File "C:\Users\фыа\AppData\Local\Programs\Python\Python314\Lib\site-packages\starlette\_exception_handler.py", line 42, in wrapped_app
    await app(scope, receive, sender)
  File "C:\Users\фыа\AppData\Local\Programs\Python\Python314\Lib\site-packages\fastapi\routing.py", line 144, in app
    response = await f(request)
               ^^^^^^^^^^^^^^^^
  File "C:\Users\фыа\AppData\Local\Programs\Python\Python314\Lib\site-packages\fastapi\routing.py", line 706, in app
    raw_response = await run_endpoint_function(
                   ^^^^^^^^^^^^^^^^^^^^^^^^^^^^
    ...<3 lines>...
    )
    ^
  File "C:\Users\фыа\AppData\Local\Programs\Python\Python314\Lib\site-packages\fastapi\routing.py", line 354, in run_endpoint_function
    return await run_in_threadpool(dependant.call, **values)
           ^^^^^^^^^^^^^^^^^^^^^^^^^^^^^^^^^^^^^^^^^^^^^^^^^
  File "C:\Users\фыа\AppData\Local\Programs\Python\Python314\Lib\site-packages\starlette\concurrency.py", line 34, in run_in_threadpool
    return await anyio.to_thread.run_sync(func)
           ^^^^^^^^^^^^^^^^^^^^^^^^^^^^^^^^^^^^
  File "C:\Users\фыа\AppData\Local\Programs\Python\Python314\Lib\site-packages\anyio\to_thread.py", line 63, in run_sync
    return await get_async_backend().run_sync_in_worker_thread(
           ^^^^^^^^^^^^^^^^^^^^^^^^^^^^^^^^^^^^^^^^^^^^^^^^^^^^
        func, args, abandon_on_cancel=abandon_on_cancel, limiter=limiter
        ^^^^^^^^^^^^^^^^^^^^^^^^^^^^^^^^^^^^^^^^^^^^^^^^^^^^^^^^^^^^^^^^
    )
    ^
  File "C:\Users\фыа\AppData\Local\Programs\Python\Python314\Lib\site-packages\anyio\_backends\_asyncio.py", line 2596, in run_sync_in_worker_thread
    return await future
           ^^^^^^^^^^^^
  File "C:\Users\фыа\AppData\Local\Programs\Python\Python314\Lib\site-packages\anyio\_backends\_asyncio.py", line 1029, in run
    result = context.run(func, *args)
  File "C:\Users\фыа\Documents\Obsidian Vault\Programs\JobMatrix\api\routes\notifications.py", line 24, in list_events
    q = q.filter(Event.read_at.is_(None))
  File "<string>", line 2, in filter
  File "C:\Users\фыа\AppData\Local\Programs\Python\Python314\Lib\site-packages\sqlalchemy\sql\base.py", line 284, in _generative
    x = fn(self, *args, **kw)
  File "<string>", line 2, in filter
  File "C:\Users\фыа\AppData\Local\Programs\Python\Python314\Lib\site-packages\sqlalchemy\orm\base.py", line 303, in generate
    assertion(self, fn.__name__)
    ~~~~~~~~~^^^^^^^^^^^^^^^^^^^
  File "C:\Users\фыа\AppData\Local\Programs\Python\Python314\Lib\site-packages\sqlalchemy\orm\query.py", line 444, in _no_limit_offset
    raise sa_exc.InvalidRequestError(
    ...<3 lines>...
    )
sqlalchemy.exc.InvalidRequestError: Query.filter() being called on a Query which already has LIMIT or OFFSET applied.  Call filter() before limit() or offset() are applied.
INFO:     127.0.0.1:58674 - "GET /api/notifications?unread=1 HTTP/1.1" 500 Internal Server Error
ERROR:    Exception in ASGI application
Traceback (most recent call last):
  File "C:\Users\фыа\AppData\Local\Programs\Python\Python314\Lib\site-packages\uvicorn\protocols\http\httptools_impl.py", line 422, in run_asgi
    result = await app(  # type: ignore[func-returns-value]
             ^^^^^^^^^^^^^^^^^^^^^^^^^^^^^^^^^^^^^^^^^^^^^^
        self.scope, self.receive, self.send
        ^^^^^^^^^^^^^^^^^^^^^^^^^^^^^^^^^^^
    )
    ^
  File "C:\Users\фыа\AppData\Local\Programs\Python\Python314\Lib\site-packages\uvicorn\middleware\proxy_headers.py", line 63, in __call__
    return await self.app(scope, receive, send)
           ^^^^^^^^^^^^^^^^^^^^^^^^^^^^^^^^^^^^
  File "C:\Users\фыа\AppData\Local\Programs\Python\Python314\Lib\site-packages\fastapi\applications.py", line 1163, in __call__
    await super().__call__(scope, receive, send)
  File "C:\Users\фыа\AppData\Local\Programs\Python\Python314\Lib\site-packages\starlette\applications.py", line 96, in __call__
    await self.middleware_stack(scope, receive, send)
  File "C:\Users\фыа\AppData\Local\Programs\Python\Python314\Lib\site-packages\starlette\middleware\errors.py", line 186, in __call__
    raise exc
  File "C:\Users\фыа\AppData\Local\Programs\Python\Python314\Lib\site-packages\starlette\middleware\errors.py", line 164, in __call__
    await self.app(scope, receive, _send)
  File "C:\Users\фыа\AppData\Local\Programs\Python\Python314\Lib\site-packages\starlette\middleware\cors.py", line 88, in __call__
    await self.app(scope, receive, send)
  File "C:\Users\фыа\AppData\Local\Programs\Python\Python314\Lib\site-packages\starlette\middleware\exceptions.py", line 63, in __call__
    await wrap_app_handling_exceptions(self.app, conn)(scope, receive, send)
  File "C:\Users\фыа\AppData\Local\Programs\Python\Python314\Lib\site-packages\starlette\_exception_handler.py", line 53, in wrapped_app
    raise exc
  File "C:\Users\фыа\AppData\Local\Programs\Python\Python314\Lib\site-packages\starlette\_exception_handler.py", line 42, in wrapped_app
    await app(scope, receive, sender)
  File "C:\Users\фыа\AppData\Local\Programs\Python\Python314\Lib\site-packages\fastapi\middleware\asyncexitstack.py", line 18, in __call__
    await self.app(scope, receive, send)
  File "C:\Users\фыа\AppData\Local\Programs\Python\Python314\Lib\site-packages\starlette\routing.py", line 670, in __call__
    await self.middleware_stack(scope, receive, send)
  File "C:\Users\фыа\AppData\Local\Programs\Python\Python314\Lib\site-packages\fastapi\routing.py", line 2734, in app
    await route.handle(scope, receive, send)
  File "C:\Users\фыа\AppData\Local\Programs\Python\Python314\Lib\site-packages\fastapi\routing.py", line 1780, in handle
    await self.original_router.handle(scope, receive, send)
  File "C:\Users\фыа\AppData\Local\Programs\Python\Python314\Lib\site-packages\fastapi\routing.py", line 2789, in handle
    await included_router._handle_selected(scope, receive, send)
  File "C:\Users\фыа\AppData\Local\Programs\Python\Python314\Lib\site-packages\fastapi\routing.py", line 1800, in _handle_selected
    await original_route.handle(scope, receive, send)
  File "C:\Users\фыа\AppData\Local\Programs\Python\Python314\Lib\site-packages\fastapi\routing.py", line 1279, in handle
    await app(scope, receive, send)
  File "C:\Users\фыа\AppData\Local\Programs\Python\Python314\Lib\site-packages\fastapi\routing.py", line 158, in app
    await wrap_app_handling_exceptions(app, request)(scope, receive, send)
  File "C:\Users\фыа\AppData\Local\Programs\Python\Python314\Lib\site-packages\starlette\_exception_handler.py", line 53, in wrapped_app
    raise exc
  File "C:\Users\фыа\AppData\Local\Programs\Python\Python314\Lib\site-packages\starlette\_exception_handler.py", line 42, in wrapped_app
    await app(scope, receive, sender)
  File "C:\Users\фыа\AppData\Local\Programs\Python\Python314\Lib\site-packages\fastapi\routing.py", line 144, in app
    response = await f(request)
               ^^^^^^^^^^^^^^^^
  File "C:\Users\фыа\AppData\Local\Programs\Python\Python314\Lib\site-packages\fastapi\routing.py", line 706, in app
    raw_response = await run_endpoint_function(
                   ^^^^^^^^^^^^^^^^^^^^^^^^^^^^
    ...<3 lines>...
    )
    ^
  File "C:\Users\фыа\AppData\Local\Programs\Python\Python314\Lib\site-packages\fastapi\routing.py", line 354, in run_endpoint_function
    return await run_in_threadpool(dependant.call, **values)
           ^^^^^^^^^^^^^^^^^^^^^^^^^^^^^^^^^^^^^^^^^^^^^^^^^
  File "C:\Users\фыа\AppData\Local\Programs\Python\Python314\Lib\site-packages\starlette\concurrency.py", line 34, in run_in_threadpool
    return await anyio.to_thread.run_sync(func)
           ^^^^^^^^^^^^^^^^^^^^^^^^^^^^^^^^^^^^
  File "C:\Users\фыа\AppData\Local\Programs\Python\Python314\Lib\site-packages\anyio\to_thread.py", line 63, in run_sync
    return await get_async_backend().run_sync_in_worker_thread(
           ^^^^^^^^^^^^^^^^^^^^^^^^^^^^^^^^^^^^^^^^^^^^^^^^^^^^
        func, args, abandon_on_cancel=abandon_on_cancel, limiter=limiter
        ^^^^^^^^^^^^^^^^^^^^^^^^^^^^^^^^^^^^^^^^^^^^^^^^^^^^^^^^^^^^^^^^
    )
    ^
  File "C:\Users\фыа\AppData\Local\Programs\Python\Python314\Lib\site-packages\anyio\_backends\_asyncio.py", line 2596, in run_sync_in_worker_thread
    return await future
           ^^^^^^^^^^^^
  File "C:\Users\фыа\AppData\Local\Programs\Python\Python314\Lib\site-packages\anyio\_backends\_asyncio.py", line 1029, in run
    result = context.run(func, *args)
  File "C:\Users\фыа\Documents\Obsidian Vault\Programs\JobMatrix\api\routes\notifications.py", line 24, in list_events
    q = q.filter(Event.read_at.is_(None))
  File "<string>", line 2, in filter
  File "C:\Users\фыа\AppData\Local\Programs\Python\Python314\Lib\site-packages\sqlalchemy\sql\base.py", line 284, in _generative
    x = fn(self, *args, **kw)
  File "<string>", line 2, in filter
  File "C:\Users\фыа\AppData\Local\Programs\Python\Python314\Lib\site-packages\sqlalchemy\orm\base.py", line 303, in generate
    assertion(self, fn.__name__)
    ~~~~~~~~~^^^^^^^^^^^^^^^^^^^
  File "C:\Users\фыа\AppData\Local\Programs\Python\Python314\Lib\site-packages\sqlalchemy\orm\query.py", line 444, in _no_limit_offset
    raise sa_exc.InvalidRequestError(
    ...<3 lines>...
    )
sqlalchemy.exc.InvalidRequestError: Query.filter() being called on a Query which already has LIMIT or OFFSET applied.  Call filter() before limit() or offset() are applied.
INFO:     127.0.0.1:60670 - "GET /api/vacancies HTTP/1.1" 200 OK
INFO:     Started server process [7740]
INFO:     Waiting for application startup.
2026-08-19 08:00:20,999 INFO jobmatrix: JobMatrix запущен: http://127.0.0.1:8000 (demo=True)
2026-08-19 08:00:21,128 INFO jobmatrix: Сбор: проверено 11, новых событий 7
INFO:     Application startup complete.
INFO:     Uvicorn running on http://127.0.0.1:8000 (Press CTRL+C to quit)
INFO:     127.0.0.1:65106 - "WebSocket /ws/events" [accepted]
INFO:     connection open
INFO:     127.0.0.1:54205 - "WebSocket /ws/events" [accepted]
INFO:     connection open
[JobMatrix] Запуск: http://127.0.0.1:8000
[JobMatrix] Демо-режим: True | Сбор каждые 2 мин
[JobMatrix] Логи: C:\Users\фыа\Documents\Obsidian Vault\Programs\JobMatrix\data\logs\app.log
[JobMatrix] Остановка: launcher\stop.bat (или Ctrl+C, если видна консоль)
INFO:     127.0.0.1:62656 - "GET / HTTP/1.1" 304 Not Modified
INFO:     127.0.0.1:63672 - "GET /app.js HTTP/1.1" 304 Not Modified
INFO:     127.0.0.1:62656 - "GET /style.css HTTP/1.1" 304 Not Modified
INFO:     127.0.0.1:63493 - "WebSocket /ws/events" [accepted]
INFO:     connection open
INFO:     127.0.0.1:63672 - "GET /api/notifications?unread=1 HTTP/1.1" 500 Internal Server Error
ERROR:    Exception in ASGI application
Traceback (most recent call last):
  File "C:\Users\фыа\AppData\Local\Programs\Python\Python314\Lib\site-packages\uvicorn\protocols\http\httptools_impl.py", line 422, in run_asgi
    result = await app(  # type: ignore[func-returns-value]
             ^^^^^^^^^^^^^^^^^^^^^^^^^^^^^^^^^^^^^^^^^^^^^^
        self.scope, self.receive, self.send
        ^^^^^^^^^^^^^^^^^^^^^^^^^^^^^^^^^^^
    )
    ^
  File "C:\Users\фыа\AppData\Local\Programs\Python\Python314\Lib\site-packages\uvicorn\middleware\proxy_headers.py", line 63, in __call__
    return await self.app(scope, receive, send)
           ^^^^^^^^^^^^^^^^^^^^^^^^^^^^^^^^^^^^
  File "C:\Users\фыа\AppData\Local\Programs\Python\Python314\Lib\site-packages\fastapi\applications.py", line 1163, in __call__
    await super().__call__(scope, receive, send)
  File "C:\Users\фыа\AppData\Local\Programs\Python\Python314\Lib\site-packages\starlette\applications.py", line 96, in __call__
    await self.middleware_stack(scope, receive, send)
  File "C:\Users\фыа\AppData\Local\Programs\Python\Python314\Lib\site-packages\starlette\middleware\errors.py", line 186, in __call__
    raise exc
  File "C:\Users\фыа\AppData\Local\Programs\Python\Python314\Lib\site-packages\starlette\middleware\errors.py", line 164, in __call__
    await self.app(scope, receive, _send)
  File "C:\Users\фыа\AppData\Local\Programs\Python\Python314\Lib\site-packages\starlette\middleware\cors.py", line 88, in __call__
    await self.app(scope, receive, send)
  File "C:\Users\фыа\AppData\Local\Programs\Python\Python314\Lib\site-packages\starlette\middleware\exceptions.py", line 63, in __call__
    await wrap_app_handling_exceptions(self.app, conn)(scope, receive, send)
  File "C:\Users\фыа\AppData\Local\Programs\Python\Python314\Lib\site-packages\starlette\_exception_handler.py", line 53, in wrapped_app
    raise exc
  File "C:\Users\фыа\AppData\Local\Programs\Python\Python314\Lib\site-packages\starlette\_exception_handler.py", line 42, in wrapped_app
    await app(scope, receive, sender)
  File "C:\Users\фыа\AppData\Local\Programs\Python\Python314\Lib\site-packages\fastapi\middleware\asyncexitstack.py", line 18, in __call__
    await self.app(scope, receive, send)
  File "C:\Users\фыа\AppData\Local\Programs\Python\Python314\Lib\site-packages\starlette\routing.py", line 670, in __call__
    await self.middleware_stack(scope, receive, send)
  File "C:\Users\фыа\AppData\Local\Programs\Python\Python314\Lib\site-packages\fastapi\routing.py", line 2734, in app
    await route.handle(scope, receive, send)
  File "C:\Users\фыа\AppData\Local\Programs\Python\Python314\Lib\site-packages\fastapi\routing.py", line 1780, in handle
    await self.original_router.handle(scope, receive, send)
  File "C:\Users\фыа\AppData\Local\Programs\Python\Python314\Lib\site-packages\fastapi\routing.py", line 2789, in handle
    await included_router._handle_selected(scope, receive, send)
  File "C:\Users\фыа\AppData\Local\Programs\Python\Python314\Lib\site-packages\fastapi\routing.py", line 1800, in _handle_selected
    await original_route.handle(scope, receive, send)
  File "C:\Users\фыа\AppData\Local\Programs\Python\Python314\Lib\site-packages\fastapi\routing.py", line 1279, in handle
    await app(scope, receive, send)
  File "C:\Users\фыа\AppData\Local\Programs\Python\Python314\Lib\site-packages\fastapi\routing.py", line 158, in app
    await wrap_app_handling_exceptions(app, request)(scope, receive, send)
  File "C:\Users\фыа\AppData\Local\Programs\Python\Python314\Lib\site-packages\starlette\_exception_handler.py", line 53, in wrapped_app
    raise exc
  File "C:\Users\фыа\AppData\Local\Programs\Python\Python314\Lib\site-packages\starlette\_exception_handler.py", line 42, in wrapped_app
    await app(scope, receive, sender)
  File "C:\Users\фыа\AppData\Local\Programs\Python\Python314\Lib\site-packages\fastapi\routing.py", line 144, in app
    response = await f(request)
               ^^^^^^^^^^^^^^^^
  File "C:\Users\фыа\AppData\Local\Programs\Python\Python314\Lib\site-packages\fastapi\routing.py", line 706, in app
    raw_response = await run_endpoint_function(
                   ^^^^^^^^^^^^^^^^^^^^^^^^^^^^
    ...<3 lines>...
    )
    ^
  File "C:\Users\фыа\AppData\Local\Programs\Python\Python314\Lib\site-packages\fastapi\routing.py", line 354, in run_endpoint_function
    return await run_in_threadpool(dependant.call, **values)
           ^^^^^^^^^^^^^^^^^^^^^^^^^^^^^^^^^^^^^^^^^^^^^^^^^
  File "C:\Users\фыа\AppData\Local\Programs\Python\Python314\Lib\site-packages\starlette\concurrency.py", line 34, in run_in_threadpool
    return await anyio.to_thread.run_sync(func)
           ^^^^^^^^^^^^^^^^^^^^^^^^^^^^^^^^^^^^
  File "C:\Users\фыа\AppData\Local\Programs\Python\Python314\Lib\site-packages\anyio\to_thread.py", line 63, in run_sync
    return await get_async_backend().run_sync_in_worker_thread(
           ^^^^^^^^^^^^^^^^^^^^^^^^^^^^^^^^^^^^^^^^^^^^^^^^^^^^
        func, args, abandon_on_cancel=abandon_on_cancel, limiter=limiter
        ^^^^^^^^^^^^^^^^^^^^^^^^^^^^^^^^^^^^^^^^^^^^^^^^^^^^^^^^^^^^^^^^
    )
    ^
  File "C:\Users\фыа\AppData\Local\Programs\Python\Python314\Lib\site-packages\anyio\_backends\_asyncio.py", line 2596, in run_sync_in_worker_thread
    return await future
           ^^^^^^^^^^^^
  File "C:\Users\фыа\AppData\Local\Programs\Python\Python314\Lib\site-packages\anyio\_backends\_asyncio.py", line 1029, in run
    result = context.run(func, *args)
  File "C:\Users\фыа\Documents\Obsidian Vault\Programs\JobMatrix\api\routes\notifications.py", line 24, in list_events
    q = q.filter(Event.read_at.is_(None))
  File "<string>", line 2, in filter
  File "C:\Users\фыа\AppData\Local\Programs\Python\Python314\Lib\site-packages\sqlalchemy\sql\base.py", line 284, in _generative
    x = fn(self, *args, **kw)
  File "<string>", line 2, in filter
  File "C:\Users\фыа\AppData\Local\Programs\Python\Python314\Lib\site-packages\sqlalchemy\orm\base.py", line 303, in generate
    assertion(self, fn.__name__)
    ~~~~~~~~~^^^^^^^^^^^^^^^^^^^
  File "C:\Users\фыа\AppData\Local\Programs\Python\Python314\Lib\site-packages\sqlalchemy\orm\query.py", line 444, in _no_limit_offset
    raise sa_exc.InvalidRequestError(
    ...<3 lines>...
    )
sqlalchemy.exc.InvalidRequestError: Query.filter() being called on a Query which already has LIMIT or OFFSET applied.  Call filter() before limit() or offset() are applied.
INFO:     127.0.0.1:62656 - "GET /api/vacancies HTTP/1.1" 200 OK
INFO:     127.0.0.1:49672 - "GET /api/notifications?unread=1 HTTP/1.1" 500 Internal Server Error
ERROR:    Exception in ASGI application
Traceback (most recent call last):
  File "C:\Users\фыа\AppData\Local\Programs\Python\Python314\Lib\site-packages\uvicorn\protocols\http\httptools_impl.py", line 422, in run_asgi
    result = await app(  # type: ignore[func-returns-value]
             ^^^^^^^^^^^^^^^^^^^^^^^^^^^^^^^^^^^^^^^^^^^^^^
        self.scope, self.receive, self.send
        ^^^^^^^^^^^^^^^^^^^^^^^^^^^^^^^^^^^
    )
    ^
  File "C:\Users\фыа\AppData\Local\Programs\Python\Python314\Lib\site-packages\uvicorn\middleware\proxy_headers.py", line 63, in __call__
    return await self.app(scope, receive, send)
           ^^^^^^^^^^^^^^^^^^^^^^^^^^^^^^^^^^^^
  File "C:\Users\фыа\AppData\Local\Programs\Python\Python314\Lib\site-packages\fastapi\applications.py", line 1163, in __call__
    await super().__call__(scope, receive, send)
  File "C:\Users\фыа\AppData\Local\Programs\Python\Python314\Lib\site-packages\starlette\applications.py", line 96, in __call__
    await self.middleware_stack(scope, receive, send)
  File "C:\Users\фыа\AppData\Local\Programs\Python\Python314\Lib\site-packages\starlette\middleware\errors.py", line 186, in __call__
    raise exc
  File "C:\Users\фыа\AppData\Local\Programs\Python\Python314\Lib\site-packages\starlette\middleware\errors.py", line 164, in __call__
    await self.app(scope, receive, _send)
  File "C:\Users\фыа\AppData\Local\Programs\Python\Python314\Lib\site-packages\starlette\middleware\cors.py", line 88, in __call__
    await self.app(scope, receive, send)
  File "C:\Users\фыа\AppData\Local\Programs\Python\Python314\Lib\site-packages\starlette\middleware\exceptions.py", line 63, in __call__
    await wrap_app_handling_exceptions(self.app, conn)(scope, receive, send)
  File "C:\Users\фыа\AppData\Local\Programs\Python\Python314\Lib\site-packages\starlette\_exception_handler.py", line 53, in wrapped_app
    raise exc
  File "C:\Users\фыа\AppData\Local\Programs\Python\Python314\Lib\site-packages\starlette\_exception_handler.py", line 42, in wrapped_app
    await app(scope, receive, sender)
  File "C:\Users\фыа\AppData\Local\Programs\Python\Python314\Lib\site-packages\fastapi\middleware\asyncexitstack.py", line 18, in __call__
    await self.app(scope, receive, send)
  File "C:\Users\фыа\AppData\Local\Programs\Python\Python314\Lib\site-packages\starlette\routing.py", line 670, in __call__
    await self.middleware_stack(scope, receive, send)
  File "C:\Users\фыа\AppData\Local\Programs\Python\Python314\Lib\site-packages\fastapi\routing.py", line 2734, in app
    await route.handle(scope, receive, send)
  File "C:\Users\фыа\AppData\Local\Programs\Python\Python314\Lib\site-packages\fastapi\routing.py", line 1780, in handle
    await self.original_router.handle(scope, receive, send)
  File "C:\Users\фыа\AppData\Local\Programs\Python\Python314\Lib\site-packages\fastapi\routing.py", line 2789, in handle
    await included_router._handle_selected(scope, receive, send)
  File "C:\Users\фыа\AppData\Local\Programs\Python\Python314\Lib\site-packages\fastapi\routing.py", line 1800, in _handle_selected
    await original_route.handle(scope, receive, send)
  File "C:\Users\фыа\AppData\Local\Programs\Python\Python314\Lib\site-packages\fastapi\routing.py", line 1279, in handle
    await app(scope, receive, send)
  File "C:\Users\фыа\AppData\Local\Programs\Python\Python314\Lib\site-packages\fastapi\routing.py", line 158, in app
    await wrap_app_handling_exceptions(app, request)(scope, receive, send)
  File "C:\Users\фыа\AppData\Local\Programs\Python\Python314\Lib\site-packages\starlette\_exception_handler.py", line 53, in wrapped_app
    raise exc
  File "C:\Users\фыа\AppData\Local\Programs\Python\Python314\Lib\site-packages\starlette\_exception_handler.py", line 42, in wrapped_app
    await app(scope, receive, sender)
  File "C:\Users\фыа\AppData\Local\Programs\Python\Python314\Lib\site-packages\fastapi\routing.py", line 144, in app
    response = await f(request)
               ^^^^^^^^^^^^^^^^
  File "C:\Users\фыа\AppData\Local\Programs\Python\Python314\Lib\site-packages\fastapi\routing.py", line 706, in app
    raw_response = await run_endpoint_function(
                   ^^^^^^^^^^^^^^^^^^^^^^^^^^^^
    ...<3 lines>...
    )
    ^
  File "C:\Users\фыа\AppData\Local\Programs\Python\Python314\Lib\site-packages\fastapi\routing.py", line 354, in run_endpoint_function
    return await run_in_threadpool(dependant.call, **values)
           ^^^^^^^^^^^^^^^^^^^^^^^^^^^^^^^^^^^^^^^^^^^^^^^^^
  File "C:\Users\фыа\AppData\Local\Programs\Python\Python314\Lib\site-packages\starlette\concurrency.py", line 34, in run_in_threadpool
    return await anyio.to_thread.run_sync(func)
           ^^^^^^^^^^^^^^^^^^^^^^^^^^^^^^^^^^^^
  File "C:\Users\фыа\AppData\Local\Programs\Python\Python314\Lib\site-packages\anyio\to_thread.py", line 63, in run_sync
    return await get_async_backend().run_sync_in_worker_thread(
           ^^^^^^^^^^^^^^^^^^^^^^^^^^^^^^^^^^^^^^^^^^^^^^^^^^^^
        func, args, abandon_on_cancel=abandon_on_cancel, limiter=limiter
        ^^^^^^^^^^^^^^^^^^^^^^^^^^^^^^^^^^^^^^^^^^^^^^^^^^^^^^^^^^^^^^^^
    )
    ^
  File "C:\Users\фыа\AppData\Local\Programs\Python\Python314\Lib\site-packages\anyio\_backends\_asyncio.py", line 2596, in run_sync_in_worker_thread
    return await future
           ^^^^^^^^^^^^
  File "C:\Users\фыа\AppData\Local\Programs\Python\Python314\Lib\site-packages\anyio\_backends\_asyncio.py", line 1029, in run
    result = context.run(func, *args)
  File "C:\Users\фыа\Documents\Obsidian Vault\Programs\JobMatrix\api\routes\notifications.py", line 24, in list_events
    q = q.filter(Event.read_at.is_(None))
  File "<string>", line 2, in filter
  File "C:\Users\фыа\AppData\Local\Programs\Python\Python314\Lib\site-packages\sqlalchemy\sql\base.py", line 284, in _generative
    x = fn(self, *args, **kw)
  File "<string>", line 2, in filter
  File "C:\Users\фыа\AppData\Local\Programs\Python\Python314\Lib\site-packages\sqlalchemy\orm\base.py", line 303, in generate
    assertion(self, fn.__name__)
    ~~~~~~~~~^^^^^^^^^^^^^^^^^^^
  File "C:\Users\фыа\AppData\Local\Programs\Python\Python314\Lib\site-packages\sqlalchemy\orm\query.py", line 444, in _no_limit_offset
    raise sa_exc.InvalidRequestError(
    ...<3 lines>...
    )
sqlalchemy.exc.InvalidRequestError: Query.filter() being called on a Query which already has LIMIT or OFFSET applied.  Call filter() before limit() or offset() are applied.
INFO:     127.0.0.1:62656 - "GET /api/vacancies HTTP/1.1" 200 OK
INFO:     127.0.0.1:56555 - "GET /api/notifications?unread=1 HTTP/1.1" 500 Internal Server Error
ERROR:    Exception in ASGI application
Traceback (most recent call last):
  File "C:\Users\фыа\AppData\Local\Programs\Python\Python314\Lib\site-packages\uvicorn\protocols\http\httptools_impl.py", line 422, in run_asgi
    result = await app(  # type: ignore[func-returns-value]
             ^^^^^^^^^^^^^^^^^^^^^^^^^^^^^^^^^^^^^^^^^^^^^^
        self.scope, self.receive, self.send
        ^^^^^^^^^^^^^^^^^^^^^^^^^^^^^^^^^^^
    )
    ^
  File "C:\Users\фыа\AppData\Local\Programs\Python\Python314\Lib\site-packages\uvicorn\middleware\proxy_headers.py", line 63, in __call__
    return await self.app(scope, receive, send)
           ^^^^^^^^^^^^^^^^^^^^^^^^^^^^^^^^^^^^
  File "C:\Users\фыа\AppData\Local\Programs\Python\Python314\Lib\site-packages\fastapi\applications.py", line 1163, in __call__
    await super().__call__(scope, receive, send)
  File "C:\Users\фыа\AppData\Local\Programs\Python\Python314\Lib\site-packages\starlette\applications.py", line 96, in __call__
    await self.middleware_stack(scope, receive, send)
  File "C:\Users\фыа\AppData\Local\Programs\Python\Python314\Lib\site-packages\starlette\middleware\errors.py", line 186, in __call__
    raise exc
  File "C:\Users\фыа\AppData\Local\Programs\Python\Python314\Lib\site-packages\starlette\middleware\errors.py", line 164, in __call__
    await self.app(scope, receive, _send)
  File "C:\Users\фыа\AppData\Local\Programs\Python\Python314\Lib\site-packages\starlette\middleware\cors.py", line 88, in __call__
    await self.app(scope, receive, send)
  File "C:\Users\фыа\AppData\Local\Programs\Python\Python314\Lib\site-packages\starlette\middleware\exceptions.py", line 63, in __call__
    await wrap_app_handling_exceptions(self.app, conn)(scope, receive, send)
  File "C:\Users\фыа\AppData\Local\Programs\Python\Python314\Lib\site-packages\starlette\_exception_handler.py", line 53, in wrapped_app
    raise exc
  File "C:\Users\фыа\AppData\Local\Programs\Python\Python314\Lib\site-packages\starlette\_exception_handler.py", line 42, in wrapped_app
    await app(scope, receive, sender)
  File "C:\Users\фыа\AppData\Local\Programs\Python\Python314\Lib\site-packages\fastapi\middleware\asyncexitstack.py", line 18, in __call__
    await self.app(scope, receive, send)
  File "C:\Users\фыа\AppData\Local\Programs\Python\Python314\Lib\site-packages\starlette\routing.py", line 670, in __call__
    await self.middleware_stack(scope, receive, send)
  File "C:\Users\фыа\AppData\Local\Programs\Python\Python314\Lib\site-packages\fastapi\routing.py", line 2734, in app
    await route.handle(scope, receive, send)
  File "C:\Users\фыа\AppData\Local\Programs\Python\Python314\Lib\site-packages\fastapi\routing.py", line 1780, in handle
    await self.original_router.handle(scope, receive, send)
  File "C:\Users\фыа\AppData\Local\Programs\Python\Python314\Lib\site-packages\fastapi\routing.py", line 2789, in handle
    await included_router._handle_selected(scope, receive, send)
  File "C:\Users\фыа\AppData\Local\Programs\Python\Python314\Lib\site-packages\fastapi\routing.py", line 1800, in _handle_selected
    await original_route.handle(scope, receive, send)
  File "C:\Users\фыа\AppData\Local\Programs\Python\Python314\Lib\site-packages\fastapi\routing.py", line 1279, in handle
    await app(scope, receive, send)
  File "C:\Users\фыа\AppData\Local\Programs\Python\Python314\Lib\site-packages\fastapi\routing.py", line 158, in app
    await wrap_app_handling_exceptions(app, request)(scope, receive, send)
  File "C:\Users\фыа\AppData\Local\Programs\Python\Python314\Lib\site-packages\starlette\_exception_handler.py", line 53, in wrapped_app
    raise exc
  File "C:\Users\фыа\AppData\Local\Programs\Python\Python314\Lib\site-packages\starlette\_exception_handler.py", line 42, in wrapped_app
    await app(scope, receive, sender)
  File "C:\Users\фыа\AppData\Local\Programs\Python\Python314\Lib\site-packages\fastapi\routing.py", line 144, in app
    response = await f(request)
               ^^^^^^^^^^^^^^^^
  File "C:\Users\фыа\AppData\Local\Programs\Python\Python314\Lib\site-packages\fastapi\routing.py", line 706, in app
    raw_response = await run_endpoint_function(
                   ^^^^^^^^^^^^^^^^^^^^^^^^^^^^
    ...<3 lines>...
    )
    ^
  File "C:\Users\фыа\AppData\Local\Programs\Python\Python314\Lib\site-packages\fastapi\routing.py", line 354, in run_endpoint_function
    return await run_in_threadpool(dependant.call, **values)
           ^^^^^^^^^^^^^^^^^^^^^^^^^^^^^^^^^^^^^^^^^^^^^^^^^
  File "C:\Users\фыа\AppData\Local\Programs\Python\Python314\Lib\site-packages\starlette\concurrency.py", line 34, in run_in_threadpool
    return await anyio.to_thread.run_sync(func)
           ^^^^^^^^^^^^^^^^^^^^^^^^^^^^^^^^^^^^
  File "C:\Users\фыа\AppData\Local\Programs\Python\Python314\Lib\site-packages\anyio\to_thread.py", line 63, in run_sync
    return await get_async_backend().run_sync_in_worker_thread(
           ^^^^^^^^^^^^^^^^^^^^^^^^^^^^^^^^^^^^^^^^^^^^^^^^^^^^
        func, args, abandon_on_cancel=abandon_on_cancel, limiter=limiter
        ^^^^^^^^^^^^^^^^^^^^^^^^^^^^^^^^^^^^^^^^^^^^^^^^^^^^^^^^^^^^^^^^
    )
    ^
  File "C:\Users\фыа\AppData\Local\Programs\Python\Python314\Lib\site-packages\anyio\_backends\_asyncio.py", line 2596, in run_sync_in_worker_thread
    return await future
           ^^^^^^^^^^^^
  File "C:\Users\фыа\AppData\Local\Programs\Python\Python314\Lib\site-packages\anyio\_backends\_asyncio.py", line 1029, in run
    result = context.run(func, *args)
  File "C:\Users\фыа\Documents\Obsidian Vault\Programs\JobMatrix\api\routes\notifications.py", line 24, in list_events
    q = q.filter(Event.read_at.is_(None))
  File "<string>", line 2, in filter
  File "C:\Users\фыа\AppData\Local\Programs\Python\Python314\Lib\site-packages\sqlalchemy\sql\base.py", line 284, in _generative
    x = fn(self, *args, **kw)
  File "<string>", line 2, in filter
  File "C:\Users\фыа\AppData\Local\Programs\Python\Python314\Lib\site-packages\sqlalchemy\orm\base.py", line 303, in generate
    assertion(self, fn.__name__)
    ~~~~~~~~~^^^^^^^^^^^^^^^^^^^
  File "C:\Users\фыа\AppData\Local\Programs\Python\Python314\Lib\site-packages\sqlalchemy\orm\query.py", line 444, in _no_limit_offset
    raise sa_exc.InvalidRequestError(
    ...<3 lines>...
    )
sqlalchemy.exc.InvalidRequestError: Query.filter() being called on a Query which already has LIMIT or OFFSET applied.  Call filter() before limit() or offset() are applied.
INFO:     127.0.0.1:49259 - "GET /api/vacancies HTTP/1.1" 200 OK
INFO:     127.0.0.1:55085 - "GET /api/notifications?unread=1 HTTP/1.1" 500 Internal Server Error
ERROR:    Exception in ASGI application
Traceback (most recent call last):
  File "C:\Users\фыа\AppData\Local\Programs\Python\Python314\Lib\site-packages\uvicorn\protocols\http\httptools_impl.py", line 422, in run_asgi
    result = await app(  # type: ignore[func-returns-value]
             ^^^^^^^^^^^^^^^^^^^^^^^^^^^^^^^^^^^^^^^^^^^^^^
        self.scope, self.receive, self.send
        ^^^^^^^^^^^^^^^^^^^^^^^^^^^^^^^^^^^
    )
    ^
  File "C:\Users\фыа\AppData\Local\Programs\Python\Python314\Lib\site-packages\uvicorn\middleware\proxy_headers.py", line 63, in __call__
    return await self.app(scope, receive, send)
           ^^^^^^^^^^^^^^^^^^^^^^^^^^^^^^^^^^^^
  File "C:\Users\фыа\AppData\Local\Programs\Python\Python314\Lib\site-packages\fastapi\applications.py", line 1163, in __call__
    await super().__call__(scope, receive, send)
  File "C:\Users\фыа\AppData\Local\Programs\Python\Python314\Lib\site-packages\starlette\applications.py", line 96, in __call__
    await self.middleware_stack(scope, receive, send)
  File "C:\Users\фыа\AppData\Local\Programs\Python\Python314\Lib\site-packages\starlette\middleware\errors.py", line 186, in __call__
    raise exc
  File "C:\Users\фыа\AppData\Local\Programs\Python\Python314\Lib\site-packages\starlette\middleware\errors.py", line 164, in __call__
    await self.app(scope, receive, _send)
  File "C:\Users\фыа\AppData\Local\Programs\Python\Python314\Lib\site-packages\starlette\middleware\cors.py", line 88, in __call__
    await self.app(scope, receive, send)
  File "C:\Users\фыа\AppData\Local\Programs\Python\Python314\Lib\site-packages\starlette\middleware\exceptions.py", line 63, in __call__
    await wrap_app_handling_exceptions(self.app, conn)(scope, receive, send)
  File "C:\Users\фыа\AppData\Local\Programs\Python\Python314\Lib\site-packages\starlette\_exception_handler.py", line 53, in wrapped_app
    raise exc
  File "C:\Users\фыа\AppData\Local\Programs\Python\Python314\Lib\site-packages\starlette\_exception_handler.py", line 42, in wrapped_app
    await app(scope, receive, sender)
  File "C:\Users\фыа\AppData\Local\Programs\Python\Python314\Lib\site-packages\fastapi\middleware\asyncexitstack.py", line 18, in __call__
    await self.app(scope, receive, send)
  File "C:\Users\фыа\AppData\Local\Programs\Python\Python314\Lib\site-packages\starlette\routing.py", line 670, in __call__
    await self.middleware_stack(scope, receive, send)
  File "C:\Users\фыа\AppData\Local\Programs\Python\Python314\Lib\site-packages\fastapi\routing.py", line 2734, in app
    await route.handle(scope, receive, send)
  File "C:\Users\фыа\AppData\Local\Programs\Python\Python314\Lib\site-packages\fastapi\routing.py", line 1780, in handle
    await self.original_router.handle(scope, receive, send)
  File "C:\Users\фыа\AppData\Local\Programs\Python\Python314\Lib\site-packages\fastapi\routing.py", line 2789, in handle
    await included_router._handle_selected(scope, receive, send)
  File "C:\Users\фыа\AppData\Local\Programs\Python\Python314\Lib\site-packages\fastapi\routing.py", line 1800, in _handle_selected
    await original_route.handle(scope, receive, send)
  File "C:\Users\фыа\AppData\Local\Programs\Python\Python314\Lib\site-packages\fastapi\routing.py", line 1279, in handle
    await app(scope, receive, send)
  File "C:\Users\фыа\AppData\Local\Programs\Python\Python314\Lib\site-packages\fastapi\routing.py", line 158, in app
    await wrap_app_handling_exceptions(app, request)(scope, receive, send)
  File "C:\Users\фыа\AppData\Local\Programs\Python\Python314\Lib\site-packages\starlette\_exception_handler.py", line 53, in wrapped_app
    raise exc
  File "C:\Users\фыа\AppData\Local\Programs\Python\Python314\Lib\site-packages\starlette\_exception_handler.py", line 42, in wrapped_app
    await app(scope, receive, sender)
  File "C:\Users\фыа\AppData\Local\Programs\Python\Python314\Lib\site-packages\fastapi\routing.py", line 144, in app
    response = await f(request)
               ^^^^^^^^^^^^^^^^
  File "C:\Users\фыа\AppData\Local\Programs\Python\Python314\Lib\site-packages\fastapi\routing.py", line 706, in app
    raw_response = await run_endpoint_function(
                   ^^^^^^^^^^^^^^^^^^^^^^^^^^^^
    ...<3 lines>...
    )
    ^
  File "C:\Users\фыа\AppData\Local\Programs\Python\Python314\Lib\site-packages\fastapi\routing.py", line 354, in run_endpoint_function
    return await run_in_threadpool(dependant.call, **values)
           ^^^^^^^^^^^^^^^^^^^^^^^^^^^^^^^^^^^^^^^^^^^^^^^^^
  File "C:\Users\фыа\AppData\Local\Programs\Python\Python314\Lib\site-packages\starlette\concurrency.py", line 34, in run_in_threadpool
    return await anyio.to_thread.run_sync(func)
           ^^^^^^^^^^^^^^^^^^^^^^^^^^^^^^^^^^^^
  File "C:\Users\фыа\AppData\Local\Programs\Python\Python314\Lib\site-packages\anyio\to_thread.py", line 63, in run_sync
    return await get_async_backend().run_sync_in_worker_thread(
           ^^^^^^^^^^^^^^^^^^^^^^^^^^^^^^^^^^^^^^^^^^^^^^^^^^^^
        func, args, abandon_on_cancel=abandon_on_cancel, limiter=limiter
        ^^^^^^^^^^^^^^^^^^^^^^^^^^^^^^^^^^^^^^^^^^^^^^^^^^^^^^^^^^^^^^^^
    )
    ^
  File "C:\Users\фыа\AppData\Local\Programs\Python\Python314\Lib\site-packages\anyio\_backends\_asyncio.py", line 2596, in run_sync_in_worker_thread
    return await future
           ^^^^^^^^^^^^
  File "C:\Users\фыа\AppData\Local\Programs\Python\Python314\Lib\site-packages\anyio\_backends\_asyncio.py", line 1029, in run
    result = context.run(func, *args)
  File "C:\Users\фыа\Documents\Obsidian Vault\Programs\JobMatrix\api\routes\notifications.py", line 24, in list_events
    q = q.filter(Event.read_at.is_(None))
  File "<string>", line 2, in filter
  File "C:\Users\фыа\AppData\Local\Programs\Python\Python314\Lib\site-packages\sqlalchemy\sql\base.py", line 284, in _generative
    x = fn(self, *args, **kw)
  File "<string>", line 2, in filter
  File "C:\Users\фыа\AppData\Local\Programs\Python\Python314\Lib\site-packages\sqlalchemy\orm\base.py", line 303, in generate
    assertion(self, fn.__name__)
    ~~~~~~~~~^^^^^^^^^^^^^^^^^^^
  File "C:\Users\фыа\AppData\Local\Programs\Python\Python314\Lib\site-packages\sqlalchemy\orm\query.py", line 444, in _no_limit_offset
    raise sa_exc.InvalidRequestError(
    ...<3 lines>...
    )
sqlalchemy.exc.InvalidRequestError: Query.filter() being called on a Query which already has LIMIT or OFFSET applied.  Call filter() before limit() or offset() are applied.
INFO:     127.0.0.1:63623 - "GET /api/vacancies HTTP/1.1" 200 OK
INFO:     127.0.0.1:62873 - "GET /api/notifications?unread=1 HTTP/1.1" 500 Internal Server Error
ERROR:    Exception in ASGI application
Traceback (most recent call last):
  File "C:\Users\фыа\AppData\Local\Programs\Python\Python314\Lib\site-packages\uvicorn\protocols\http\httptools_impl.py", line 422, in run_asgi
    result = await app(  # type: ignore[func-returns-value]
             ^^^^^^^^^^^^^^^^^^^^^^^^^^^^^^^^^^^^^^^^^^^^^^
        self.scope, self.receive, self.send
        ^^^^^^^^^^^^^^^^^^^^^^^^^^^^^^^^^^^
    )
    ^
  File "C:\Users\фыа\AppData\Local\Programs\Python\Python314\Lib\site-packages\uvicorn\middleware\proxy_headers.py", line 63, in __call__
    return await self.app(scope, receive, send)
           ^^^^^^^^^^^^^^^^^^^^^^^^^^^^^^^^^^^^
  File "C:\Users\фыа\AppData\Local\Programs\Python\Python314\Lib\site-packages\fastapi\applications.py", line 1163, in __call__
    await super().__call__(scope, receive, send)
  File "C:\Users\фыа\AppData\Local\Programs\Python\Python314\Lib\site-packages\starlette\applications.py", line 96, in __call__
    await self.middleware_stack(scope, receive, send)
  File "C:\Users\фыа\AppData\Local\Programs\Python\Python314\Lib\site-packages\starlette\middleware\errors.py", line 186, in __call__
    raise exc
  File "C:\Users\фыа\AppData\Local\Programs\Python\Python314\Lib\site-packages\starlette\middleware\errors.py", line 164, in __call__
    await self.app(scope, receive, _send)
  File "C:\Users\фыа\AppData\Local\Programs\Python\Python314\Lib\site-packages\starlette\middleware\cors.py", line 88, in __call__
    await self.app(scope, receive, send)
  File "C:\Users\фыа\AppData\Local\Programs\Python\Python314\Lib\site-packages\starlette\middleware\exceptions.py", line 63, in __call__
    await wrap_app_handling_exceptions(self.app, conn)(scope, receive, send)
  File "C:\Users\фыа\AppData\Local\Programs\Python\Python314\Lib\site-packages\starlette\_exception_handler.py", line 53, in wrapped_app
    raise exc
  File "C:\Users\фыа\AppData\Local\Programs\Python\Python314\Lib\site-packages\starlette\_exception_handler.py", line 42, in wrapped_app
    await app(scope, receive, sender)
  File "C:\Users\фыа\AppData\Local\Programs\Python\Python314\Lib\site-packages\fastapi\middleware\asyncexitstack.py", line 18, in __call__
    await self.app(scope, receive, send)
  File "C:\Users\фыа\AppData\Local\Programs\Python\Python314\Lib\site-packages\starlette\routing.py", line 670, in __call__
    await self.middleware_stack(scope, receive, send)
  File "C:\Users\фыа\AppData\Local\Programs\Python\Python314\Lib\site-packages\fastapi\routing.py", line 2734, in app
    await route.handle(scope, receive, send)
  File "C:\Users\фыа\AppData\Local\Programs\Python\Python314\Lib\site-packages\fastapi\routing.py", line 1780, in handle
    await self.original_router.handle(scope, receive, send)
  File "C:\Users\фыа\AppData\Local\Programs\Python\Python314\Lib\site-packages\fastapi\routing.py", line 2789, in handle
    await included_router._handle_selected(scope, receive, send)
  File "C:\Users\фыа\AppData\Local\Programs\Python\Python314\Lib\site-packages\fastapi\routing.py", line 1800, in _handle_selected
    await original_route.handle(scope, receive, send)
  File "C:\Users\фыа\AppData\Local\Programs\Python\Python314\Lib\site-packages\fastapi\routing.py", line 1279, in handle
    await app(scope, receive, send)
  File "C:\Users\фыа\AppData\Local\Programs\Python\Python314\Lib\site-packages\fastapi\routing.py", line 158, in app
    await wrap_app_handling_exceptions(app, request)(scope, receive, send)
  File "C:\Users\фыа\AppData\Local\Programs\Python\Python314\Lib\site-packages\starlette\_exception_handler.py", line 53, in wrapped_app
    raise exc
  File "C:\Users\фыа\AppData\Local\Programs\Python\Python314\Lib\site-packages\starlette\_exception_handler.py", line 42, in wrapped_app
    await app(scope, receive, sender)
  File "C:\Users\фыа\AppData\Local\Programs\Python\Python314\Lib\site-packages\fastapi\routing.py", line 144, in app
    response = await f(request)
               ^^^^^^^^^^^^^^^^
  File "C:\Users\фыа\AppData\Local\Programs\Python\Python314\Lib\site-packages\fastapi\routing.py", line 706, in app
    raw_response = await run_endpoint_function(
                   ^^^^^^^^^^^^^^^^^^^^^^^^^^^^
    ...<3 lines>...
    )
    ^
  File "C:\Users\фыа\AppData\Local\Programs\Python\Python314\Lib\site-packages\fastapi\routing.py", line 354, in run_endpoint_function
    return await run_in_threadpool(dependant.call, **values)
           ^^^^^^^^^^^^^^^^^^^^^^^^^^^^^^^^^^^^^^^^^^^^^^^^^
  File "C:\Users\фыа\AppData\Local\Programs\Python\Python314\Lib\site-packages\starlette\concurrency.py", line 34, in run_in_threadpool
    return await anyio.to_thread.run_sync(func)
           ^^^^^^^^^^^^^^^^^^^^^^^^^^^^^^^^^^^^
  File "C:\Users\фыа\AppData\Local\Programs\Python\Python314\Lib\site-packages\anyio\to_thread.py", line 63, in run_sync
    return await get_async_backend().run_sync_in_worker_thread(
           ^^^^^^^^^^^^^^^^^^^^^^^^^^^^^^^^^^^^^^^^^^^^^^^^^^^^
        func, args, abandon_on_cancel=abandon_on_cancel, limiter=limiter
        ^^^^^^^^^^^^^^^^^^^^^^^^^^^^^^^^^^^^^^^^^^^^^^^^^^^^^^^^^^^^^^^^
    )
    ^
  File "C:\Users\фыа\AppData\Local\Programs\Python\Python314\Lib\site-packages\anyio\_backends\_asyncio.py", line 2596, in run_sync_in_worker_thread
    return await future
           ^^^^^^^^^^^^
  File "C:\Users\фыа\AppData\Local\Programs\Python\Python314\Lib\site-packages\anyio\_backends\_asyncio.py", line 1029, in run
    result = context.run(func, *args)
  File "C:\Users\фыа\Documents\Obsidian Vault\Programs\JobMatrix\api\routes\notifications.py", line 24, in list_events
    q = q.filter(Event.read_at.is_(None))
  File "<string>", line 2, in filter
  File "C:\Users\фыа\AppData\Local\Programs\Python\Python314\Lib\site-packages\sqlalchemy\sql\base.py", line 284, in _generative
    x = fn(self, *args, **kw)
  File "<string>", line 2, in filter
  File "C:\Users\фыа\AppData\Local\Programs\Python\Python314\Lib\site-packages\sqlalchemy\orm\base.py", line 303, in generate
    assertion(self, fn.__name__)
    ~~~~~~~~~^^^^^^^^^^^^^^^^^^^
  File "C:\Users\фыа\AppData\Local\Programs\Python\Python314\Lib\site-packages\sqlalchemy\orm\query.py", line 444, in _no_limit_offset
    raise sa_exc.InvalidRequestError(
    ...<3 lines>...
    )
sqlalchemy.exc.InvalidRequestError: Query.filter() being called on a Query which already has LIMIT or OFFSET applied.  Call filter() before limit() or offset() are applied.
INFO:     127.0.0.1:63623 - "GET /api/vacancies HTTP/1.1" 200 OK
INFO:     127.0.0.1:60428 - "GET /api/notifications?unread=1 HTTP/1.1" 500 Internal Server Error
ERROR:    Exception in ASGI application
Traceback (most recent call last):
  File "C:\Users\фыа\AppData\Local\Programs\Python\Python314\Lib\site-packages\uvicorn\protocols\http\httptools_impl.py", line 422, in run_asgi
    result = await app(  # type: ignore[func-returns-value]
             ^^^^^^^^^^^^^^^^^^^^^^^^^^^^^^^^^^^^^^^^^^^^^^
        self.scope, self.receive, self.send
        ^^^^^^^^^^^^^^^^^^^^^^^^^^^^^^^^^^^
    )
    ^
  File "C:\Users\фыа\AppData\Local\Programs\Python\Python314\Lib\site-packages\uvicorn\middleware\proxy_headers.py", line 63, in __call__
    return await self.app(scope, receive, send)
           ^^^^^^^^^^^^^^^^^^^^^^^^^^^^^^^^^^^^
  File "C:\Users\фыа\AppData\Local\Programs\Python\Python314\Lib\site-packages\fastapi\applications.py", line 1163, in __call__
    await super().__call__(scope, receive, send)
  File "C:\Users\фыа\AppData\Local\Programs\Python\Python314\Lib\site-packages\starlette\applications.py", line 96, in __call__
    await self.middleware_stack(scope, receive, send)
  File "C:\Users\фыа\AppData\Local\Programs\Python\Python314\Lib\site-packages\starlette\middleware\errors.py", line 186, in __call__
    raise exc
  File "C:\Users\фыа\AppData\Local\Programs\Python\Python314\Lib\site-packages\starlette\middleware\errors.py", line 164, in __call__
    await self.app(scope, receive, _send)
  File "C:\Users\фыа\AppData\Local\Programs\Python\Python314\Lib\site-packages\starlette\middleware\cors.py", line 88, in __call__
    await self.app(scope, receive, send)
  File "C:\Users\фыа\AppData\Local\Programs\Python\Python314\Lib\site-packages\starlette\middleware\exceptions.py", line 63, in __call__
    await wrap_app_handling_exceptions(self.app, conn)(scope, receive, send)
  File "C:\Users\фыа\AppData\Local\Programs\Python\Python314\Lib\site-packages\starlette\_exception_handler.py", line 53, in wrapped_app
    raise exc
  File "C:\Users\фыа\AppData\Local\Programs\Python\Python314\Lib\site-packages\starlette\_exception_handler.py", line 42, in wrapped_app
    await app(scope, receive, sender)
  File "C:\Users\фыа\AppData\Local\Programs\Python\Python314\Lib\site-packages\fastapi\middleware\asyncexitstack.py", line 18, in __call__
    await self.app(scope, receive, send)
  File "C:\Users\фыа\AppData\Local\Programs\Python\Python314\Lib\site-packages\starlette\routing.py", line 670, in __call__
    await self.middleware_stack(scope, receive, send)
  File "C:\Users\фыа\AppData\Local\Programs\Python\Python314\Lib\site-packages\fastapi\routing.py", line 2734, in app
    await route.handle(scope, receive, send)
  File "C:\Users\фыа\AppData\Local\Programs\Python\Python314\Lib\site-packages\fastapi\routing.py", line 1780, in handle
    await self.original_router.handle(scope, receive, send)
  File "C:\Users\фыа\AppData\Local\Programs\Python\Python314\Lib\site-packages\fastapi\routing.py", line 2789, in handle
    await included_router._handle_selected(scope, receive, send)
  File "C:\Users\фыа\AppData\Local\Programs\Python\Python314\Lib\site-packages\fastapi\routing.py", line 1800, in _handle_selected
    await original_route.handle(scope, receive, send)
  File "C:\Users\фыа\AppData\Local\Programs\Python\Python314\Lib\site-packages\fastapi\routing.py", line 1279, in handle
    await app(scope, receive, send)
  File "C:\Users\фыа\AppData\Local\Programs\Python\Python314\Lib\site-packages\fastapi\routing.py", line 158, in app
    await wrap_app_handling_exceptions(app, request)(scope, receive, send)
  File "C:\Users\фыа\AppData\Local\Programs\Python\Python314\Lib\site-packages\starlette\_exception_handler.py", line 53, in wrapped_app
    raise exc
  File "C:\Users\фыа\AppData\Local\Programs\Python\Python314\Lib\site-packages\starlette\_exception_handler.py", line 42, in wrapped_app
    await app(scope, receive, sender)
  File "C:\Users\фыа\AppData\Local\Programs\Python\Python314\Lib\site-packages\fastapi\routing.py", line 144, in app
    response = await f(request)
               ^^^^^^^^^^^^^^^^
  File "C:\Users\фыа\AppData\Local\Programs\Python\Python314\Lib\site-packages\fastapi\routing.py", line 706, in app
    raw_response = await run_endpoint_function(
                   ^^^^^^^^^^^^^^^^^^^^^^^^^^^^
    ...<3 lines>...
    )
    ^
  File "C:\Users\фыа\AppData\Local\Programs\Python\Python314\Lib\site-packages\fastapi\routing.py", line 354, in run_endpoint_function
    return await run_in_threadpool(dependant.call, **values)
           ^^^^^^^^^^^^^^^^^^^^^^^^^^^^^^^^^^^^^^^^^^^^^^^^^
  File "C:\Users\фыа\AppData\Local\Programs\Python\Python314\Lib\site-packages\starlette\concurrency.py", line 34, in run_in_threadpool
    return await anyio.to_thread.run_sync(func)
           ^^^^^^^^^^^^^^^^^^^^^^^^^^^^^^^^^^^^
  File "C:\Users\фыа\AppData\Local\Programs\Python\Python314\Lib\site-packages\anyio\to_thread.py", line 63, in run_sync
    return await get_async_backend().run_sync_in_worker_thread(
           ^^^^^^^^^^^^^^^^^^^^^^^^^^^^^^^^^^^^^^^^^^^^^^^^^^^^
        func, args, abandon_on_cancel=abandon_on_cancel, limiter=limiter
        ^^^^^^^^^^^^^^^^^^^^^^^^^^^^^^^^^^^^^^^^^^^^^^^^^^^^^^^^^^^^^^^^
    )
    ^
  File "C:\Users\фыа\AppData\Local\Programs\Python\Python314\Lib\site-packages\anyio\_backends\_asyncio.py", line 2596, in run_sync_in_worker_thread
    return await future
           ^^^^^^^^^^^^
  File "C:\Users\фыа\AppData\Local\Programs\Python\Python314\Lib\site-packages\anyio\_backends\_asyncio.py", line 1029, in run
    result = context.run(func, *args)
  File "C:\Users\фыа\Documents\Obsidian Vault\Programs\JobMatrix\api\routes\notifications.py", line 24, in list_events
    q = q.filter(Event.read_at.is_(None))
  File "<string>", line 2, in filter
  File "C:\Users\фыа\AppData\Local\Programs\Python\Python314\Lib\site-packages\sqlalchemy\sql\base.py", line 284, in _generative
    x = fn(self, *args, **kw)
  File "<string>", line 2, in filter
  File "C:\Users\фыа\AppData\Local\Programs\Python\Python314\Lib\site-packages\sqlalchemy\orm\base.py", line 303, in generate
    assertion(self, fn.__name__)
    ~~~~~~~~~^^^^^^^^^^^^^^^^^^^
  File "C:\Users\фыа\AppData\Local\Programs\Python\Python314\Lib\site-packages\sqlalchemy\orm\query.py", line 444, in _no_limit_offset
    raise sa_exc.InvalidRequestError(
    ...<3 lines>...
    )
sqlalchemy.exc.InvalidRequestError: Query.filter() being called on a Query which already has LIMIT or OFFSET applied.  Call filter() before limit() or offset() are applied.
INFO:     127.0.0.1:57952 - "GET /api/vacancies HTTP/1.1" 200 OK
INFO:     127.0.0.1:64021 - "GET /api/notifications?unread=1 HTTP/1.1" 500 Internal Server Error
ERROR:    Exception in ASGI application
Traceback (most recent call last):
  File "C:\Users\фыа\AppData\Local\Programs\Python\Python314\Lib\site-packages\uvicorn\protocols\http\httptools_impl.py", line 422, in run_asgi
    result = await app(  # type: ignore[func-returns-value]
             ^^^^^^^^^^^^^^^^^^^^^^^^^^^^^^^^^^^^^^^^^^^^^^
        self.scope, self.receive, self.send
        ^^^^^^^^^^^^^^^^^^^^^^^^^^^^^^^^^^^
    )
    ^
  File "C:\Users\фыа\AppData\Local\Programs\Python\Python314\Lib\site-packages\uvicorn\middleware\proxy_headers.py", line 63, in __call__
    return await self.app(scope, receive, send)
           ^^^^^^^^^^^^^^^^^^^^^^^^^^^^^^^^^^^^
  File "C:\Users\фыа\AppData\Local\Programs\Python\Python314\Lib\site-packages\fastapi\applications.py", line 1163, in __call__
    await super().__call__(scope, receive, send)
  File "C:\Users\фыа\AppData\Local\Programs\Python\Python314\Lib\site-packages\starlette\applications.py", line 96, in __call__
    await self.middleware_stack(scope, receive, send)
  File "C:\Users\фыа\AppData\Local\Programs\Python\Python314\Lib\site-packages\starlette\middleware\errors.py", line 186, in __call__
    raise exc
  File "C:\Users\фыа\AppData\Local\Programs\Python\Python314\Lib\site-packages\starlette\middleware\errors.py", line 164, in __call__
    await self.app(scope, receive, _send)
  File "C:\Users\фыа\AppData\Local\Programs\Python\Python314\Lib\site-packages\starlette\middleware\cors.py", line 88, in __call__
    await self.app(scope, receive, send)
  File "C:\Users\фыа\AppData\Local\Programs\Python\Python314\Lib\site-packages\starlette\middleware\exceptions.py", line 63, in __call__
    await wrap_app_handling_exceptions(self.app, conn)(scope, receive, send)
  File "C:\Users\фыа\AppData\Local\Programs\Python\Python314\Lib\site-packages\starlette\_exception_handler.py", line 53, in wrapped_app
    raise exc
  File "C:\Users\фыа\AppData\Local\Programs\Python\Python314\Lib\site-packages\starlette\_exception_handler.py", line 42, in wrapped_app
    await app(scope, receive, sender)
  File "C:\Users\фыа\AppData\Local\Programs\Python\Python314\Lib\site-packages\fastapi\middleware\asyncexitstack.py", line 18, in __call__
    await self.app(scope, receive, send)
  File "C:\Users\фыа\AppData\Local\Programs\Python\Python314\Lib\site-packages\starlette\routing.py", line 670, in __call__
    await self.middleware_stack(scope, receive, send)
  File "C:\Users\фыа\AppData\Local\Programs\Python\Python314\Lib\site-packages\fastapi\routing.py", line 2734, in app
    await route.handle(scope, receive, send)
  File "C:\Users\фыа\AppData\Local\Programs\Python\Python314\Lib\site-packages\fastapi\routing.py", line 1780, in handle
    await self.original_router.handle(scope, receive, send)
  File "C:\Users\фыа\AppData\Local\Programs\Python\Python314\Lib\site-packages\fastapi\routing.py", line 2789, in handle
    await included_router._handle_selected(scope, receive, send)
  File "C:\Users\фыа\AppData\Local\Programs\Python\Python314\Lib\site-packages\fastapi\routing.py", line 1800, in _handle_selected
    await original_route.handle(scope, receive, send)
  File "C:\Users\фыа\AppData\Local\Programs\Python\Python314\Lib\site-packages\fastapi\routing.py", line 1279, in handle
    await app(scope, receive, send)
  File "C:\Users\фыа\AppData\Local\Programs\Python\Python314\Lib\site-packages\fastapi\routing.py", line 158, in app
    await wrap_app_handling_exceptions(app, request)(scope, receive, send)
  File "C:\Users\фыа\AppData\Local\Programs\Python\Python314\Lib\site-packages\starlette\_exception_handler.py", line 53, in wrapped_app
    raise exc
  File "C:\Users\фыа\AppData\Local\Programs\Python\Python314\Lib\site-packages\starlette\_exception_handler.py", line 42, in wrapped_app
    await app(scope, receive, sender)
  File "C:\Users\фыа\AppData\Local\Programs\Python\Python314\Lib\site-packages\fastapi\routing.py", line 144, in app
    response = await f(request)
               ^^^^^^^^^^^^^^^^
  File "C:\Users\фыа\AppData\Local\Programs\Python\Python314\Lib\site-packages\fastapi\routing.py", line 706, in app
    raw_response = await run_endpoint_function(
                   ^^^^^^^^^^^^^^^^^^^^^^^^^^^^
    ...<3 lines>...
    )
    ^
  File "C:\Users\фыа\AppData\Local\Programs\Python\Python314\Lib\site-packages\fastapi\routing.py", line 354, in run_endpoint_function
    return await run_in_threadpool(dependant.call, **values)
           ^^^^^^^^^^^^^^^^^^^^^^^^^^^^^^^^^^^^^^^^^^^^^^^^^
  File "C:\Users\фыа\AppData\Local\Programs\Python\Python314\Lib\site-packages\starlette\concurrency.py", line 34, in run_in_threadpool
    return await anyio.to_thread.run_sync(func)
           ^^^^^^^^^^^^^^^^^^^^^^^^^^^^^^^^^^^^
  File "C:\Users\фыа\AppData\Local\Programs\Python\Python314\Lib\site-packages\anyio\to_thread.py", line 63, in run_sync
    return await get_async_backend().run_sync_in_worker_thread(
           ^^^^^^^^^^^^^^^^^^^^^^^^^^^^^^^^^^^^^^^^^^^^^^^^^^^^
        func, args, abandon_on_cancel=abandon_on_cancel, limiter=limiter
        ^^^^^^^^^^^^^^^^^^^^^^^^^^^^^^^^^^^^^^^^^^^^^^^^^^^^^^^^^^^^^^^^
    )
    ^
  File "C:\Users\фыа\AppData\Local\Programs\Python\Python314\Lib\site-packages\anyio\_backends\_asyncio.py", line 2596, in run_sync_in_worker_thread
    return await future
           ^^^^^^^^^^^^
  File "C:\Users\фыа\AppData\Local\Programs\Python\Python314\Lib\site-packages\anyio\_backends\_asyncio.py", line 1029, in run
    result = context.run(func, *args)
  File "C:\Users\фыа\Documents\Obsidian Vault\Programs\JobMatrix\api\routes\notifications.py", line 24, in list_events
    q = q.filter(Event.read_at.is_(None))
  File "<string>", line 2, in filter
  File "C:\Users\фыа\AppData\Local\Programs\Python\Python314\Lib\site-packages\sqlalchemy\sql\base.py", line 284, in _generative
    x = fn(self, *args, **kw)
  File "<string>", line 2, in filter
  File "C:\Users\фыа\AppData\Local\Programs\Python\Python314\Lib\site-packages\sqlalchemy\orm\base.py", line 303, in generate
    assertion(self, fn.__name__)
    ~~~~~~~~~^^^^^^^^^^^^^^^^^^^
  File "C:\Users\фыа\AppData\Local\Programs\Python\Python314\Lib\site-packages\sqlalchemy\orm\query.py", line 444, in _no_limit_offset
    raise sa_exc.InvalidRequestError(
    ...<3 lines>...
    )
sqlalchemy.exc.InvalidRequestError: Query.filter() being called on a Query which already has LIMIT or OFFSET applied.  Call filter() before limit() or offset() are applied.
INFO:     127.0.0.1:57952 - "GET /api/vacancies HTTP/1.1" 200 OK
INFO:     127.0.0.1:54426 - "GET /api/notifications?unread=1 HTTP/1.1" 500 Internal Server Error
ERROR:    Exception in ASGI application
Traceback (most recent call last):
  File "C:\Users\фыа\AppData\Local\Programs\Python\Python314\Lib\site-packages\uvicorn\protocols\http\httptools_impl.py", line 422, in run_asgi
    result = await app(  # type: ignore[func-returns-value]
             ^^^^^^^^^^^^^^^^^^^^^^^^^^^^^^^^^^^^^^^^^^^^^^
        self.scope, self.receive, self.send
        ^^^^^^^^^^^^^^^^^^^^^^^^^^^^^^^^^^^
    )
    ^
  File "C:\Users\фыа\AppData\Local\Programs\Python\Python314\Lib\site-packages\uvicorn\middleware\proxy_headers.py", line 63, in __call__
    return await self.app(scope, receive, send)
           ^^^^^^^^^^^^^^^^^^^^^^^^^^^^^^^^^^^^
  File "C:\Users\фыа\AppData\Local\Programs\Python\Python314\Lib\site-packages\fastapi\applications.py", line 1163, in __call__
    await super().__call__(scope, receive, send)
  File "C:\Users\фыа\AppData\Local\Programs\Python\Python314\Lib\site-packages\starlette\applications.py", line 96, in __call__
    await self.middleware_stack(scope, receive, send)
  File "C:\Users\фыа\AppData\Local\Programs\Python\Python314\Lib\site-packages\starlette\middleware\errors.py", line 186, in __call__
    raise exc
  File "C:\Users\фыа\AppData\Local\Programs\Python\Python314\Lib\site-packages\starlette\middleware\errors.py", line 164, in __call__
    await self.app(scope, receive, _send)
  File "C:\Users\фыа\AppData\Local\Programs\Python\Python314\Lib\site-packages\starlette\middleware\cors.py", line 88, in __call__
    await self.app(scope, receive, send)
  File "C:\Users\фыа\AppData\Local\Programs\Python\Python314\Lib\site-packages\starlette\middleware\exceptions.py", line 63, in __call__
    await wrap_app_handling_exceptions(self.app, conn)(scope, receive, send)
  File "C:\Users\фыа\AppData\Local\Programs\Python\Python314\Lib\site-packages\starlette\_exception_handler.py", line 53, in wrapped_app
    raise exc
  File "C:\Users\фыа\AppData\Local\Programs\Python\Python314\Lib\site-packages\starlette\_exception_handler.py", line 42, in wrapped_app
    await app(scope, receive, sender)
  File "C:\Users\фыа\AppData\Local\Programs\Python\Python314\Lib\site-packages\fastapi\middleware\asyncexitstack.py", line 18, in __call__
    await self.app(scope, receive, send)
  File "C:\Users\фыа\AppData\Local\Programs\Python\Python314\Lib\site-packages\starlette\routing.py", line 670, in __call__
    await self.middleware_stack(scope, receive, send)
  File "C:\Users\фыа\AppData\Local\Programs\Python\Python314\Lib\site-packages\fastapi\routing.py", line 2734, in app
    await route.handle(scope, receive, send)
  File "C:\Users\фыа\AppData\Local\Programs\Python\Python314\Lib\site-packages\fastapi\routing.py", line 1780, in handle
    await self.original_router.handle(scope, receive, send)
  File "C:\Users\фыа\AppData\Local\Programs\Python\Python314\Lib\site-packages\fastapi\routing.py", line 2789, in handle
    await included_router._handle_selected(scope, receive, send)
  File "C:\Users\фыа\AppData\Local\Programs\Python\Python314\Lib\site-packages\fastapi\routing.py", line 1800, in _handle_selected
    await original_route.handle(scope, receive, send)
  File "C:\Users\фыа\AppData\Local\Programs\Python\Python314\Lib\site-packages\fastapi\routing.py", line 1279, in handle
    await app(scope, receive, send)
  File "C:\Users\фыа\AppData\Local\Programs\Python\Python314\Lib\site-packages\fastapi\routing.py", line 158, in app
    await wrap_app_handling_exceptions(app, request)(scope, receive, send)
  File "C:\Users\фыа\AppData\Local\Programs\Python\Python314\Lib\site-packages\starlette\_exception_handler.py", line 53, in wrapped_app
    raise exc
  File "C:\Users\фыа\AppData\Local\Programs\Python\Python314\Lib\site-packages\starlette\_exception_handler.py", line 42, in wrapped_app
    await app(scope, receive, sender)
  File "C:\Users\фыа\AppData\Local\Programs\Python\Python314\Lib\site-packages\fastapi\routing.py", line 144, in app
    response = await f(request)
               ^^^^^^^^^^^^^^^^
  File "C:\Users\фыа\AppData\Local\Programs\Python\Python314\Lib\site-packages\fastapi\routing.py", line 706, in app
    raw_response = await run_endpoint_function(
                   ^^^^^^^^^^^^^^^^^^^^^^^^^^^^
    ...<3 lines>...
    )
    ^
  File "C:\Users\фыа\AppData\Local\Programs\Python\Python314\Lib\site-packages\fastapi\routing.py", line 354, in run_endpoint_function
    return await run_in_threadpool(dependant.call, **values)
           ^^^^^^^^^^^^^^^^^^^^^^^^^^^^^^^^^^^^^^^^^^^^^^^^^
  File "C:\Users\фыа\AppData\Local\Programs\Python\Python314\Lib\site-packages\starlette\concurrency.py", line 34, in run_in_threadpool
    return await anyio.to_thread.run_sync(func)
           ^^^^^^^^^^^^^^^^^^^^^^^^^^^^^^^^^^^^
  File "C:\Users\фыа\AppData\Local\Programs\Python\Python314\Lib\site-packages\anyio\to_thread.py", line 63, in run_sync
    return await get_async_backend().run_sync_in_worker_thread(
           ^^^^^^^^^^^^^^^^^^^^^^^^^^^^^^^^^^^^^^^^^^^^^^^^^^^^
        func, args, abandon_on_cancel=abandon_on_cancel, limiter=limiter
        ^^^^^^^^^^^^^^^^^^^^^^^^^^^^^^^^^^^^^^^^^^^^^^^^^^^^^^^^^^^^^^^^
    )
    ^
  File "C:\Users\фыа\AppData\Local\Programs\Python\Python314\Lib\site-packages\anyio\_backends\_asyncio.py", line 2596, in run_sync_in_worker_thread
    return await future
           ^^^^^^^^^^^^
  File "C:\Users\фыа\AppData\Local\Programs\Python\Python314\Lib\site-packages\anyio\_backends\_asyncio.py", line 1029, in run
    result = context.run(func, *args)
  File "C:\Users\фыа\Documents\Obsidian Vault\Programs\JobMatrix\api\routes\notifications.py", line 24, in list_events
    q = q.filter(Event.read_at.is_(None))
  File "<string>", line 2, in filter
  File "C:\Users\фыа\AppData\Local\Programs\Python\Python314\Lib\site-packages\sqlalchemy\sql\base.py", line 284, in _generative
    x = fn(self, *args, **kw)
  File "<string>", line 2, in filter
  File "C:\Users\фыа\AppData\Local\Programs\Python\Python314\Lib\site-packages\sqlalchemy\orm\base.py", line 303, in generate
    assertion(self, fn.__name__)
    ~~~~~~~~~^^^^^^^^^^^^^^^^^^^
  File "C:\Users\фыа\AppData\Local\Programs\Python\Python314\Lib\site-packages\sqlalchemy\orm\query.py", line 444, in _no_limit_offset
    raise sa_exc.InvalidRequestError(
    ...<3 lines>...
    )
sqlalchemy.exc.InvalidRequestError: Query.filter() being called on a Query which already has LIMIT or OFFSET applied.  Call filter() before limit() or offset() are applied.
INFO:     127.0.0.1:60912 - "GET /api/vacancies HTTP/1.1" 200 OK
INFO:     127.0.0.1:56014 - "GET /api/notifications?unread=1 HTTP/1.1" 500 Internal Server Error
ERROR:    Exception in ASGI application
Traceback (most recent call last):
  File "C:\Users\фыа\AppData\Local\Programs\Python\Python314\Lib\site-packages\uvicorn\protocols\http\httptools_impl.py", line 422, in run_asgi
    result = await app(  # type: ignore[func-returns-value]
             ^^^^^^^^^^^^^^^^^^^^^^^^^^^^^^^^^^^^^^^^^^^^^^
        self.scope, self.receive, self.send
        ^^^^^^^^^^^^^^^^^^^^^^^^^^^^^^^^^^^
    )
    ^
  File "C:\Users\фыа\AppData\Local\Programs\Python\Python314\Lib\site-packages\uvicorn\middleware\proxy_headers.py", line 63, in __call__
    return await self.app(scope, receive, send)
           ^^^^^^^^^^^^^^^^^^^^^^^^^^^^^^^^^^^^
  File "C:\Users\фыа\AppData\Local\Programs\Python\Python314\Lib\site-packages\fastapi\applications.py", line 1163, in __call__
    await super().__call__(scope, receive, send)
  File "C:\Users\фыа\AppData\Local\Programs\Python\Python314\Lib\site-packages\starlette\applications.py", line 96, in __call__
    await self.middleware_stack(scope, receive, send)
  File "C:\Users\фыа\AppData\Local\Programs\Python\Python314\Lib\site-packages\starlette\middleware\errors.py", line 186, in __call__
    raise exc
  File "C:\Users\фыа\AppData\Local\Programs\Python\Python314\Lib\site-packages\starlette\middleware\errors.py", line 164, in __call__
    await self.app(scope, receive, _send)
  File "C:\Users\фыа\AppData\Local\Programs\Python\Python314\Lib\site-packages\starlette\middleware\cors.py", line 88, in __call__
    await self.app(scope, receive, send)
  File "C:\Users\фыа\AppData\Local\Programs\Python\Python314\Lib\site-packages\starlette\middleware\exceptions.py", line 63, in __call__
    await wrap_app_handling_exceptions(self.app, conn)(scope, receive, send)
  File "C:\Users\фыа\AppData\Local\Programs\Python\Python314\Lib\site-packages\starlette\_exception_handler.py", line 53, in wrapped_app
    raise exc
  File "C:\Users\фыа\AppData\Local\Programs\Python\Python314\Lib\site-packages\starlette\_exception_handler.py", line 42, in wrapped_app
    await app(scope, receive, sender)
  File "C:\Users\фыа\AppData\Local\Programs\Python\Python314\Lib\site-packages\fastapi\middleware\asyncexitstack.py", line 18, in __call__
    await self.app(scope, receive, send)
  File "C:\Users\фыа\AppData\Local\Programs\Python\Python314\Lib\site-packages\starlette\routing.py", line 670, in __call__
    await self.middleware_stack(scope, receive, send)
  File "C:\Users\фыа\AppData\Local\Programs\Python\Python314\Lib\site-packages\fastapi\routing.py", line 2734, in app
    await route.handle(scope, receive, send)
  File "C:\Users\фыа\AppData\Local\Programs\Python\Python314\Lib\site-packages\fastapi\routing.py", line 1780, in handle
    await self.original_router.handle(scope, receive, send)
  File "C:\Users\фыа\AppData\Local\Programs\Python\Python314\Lib\site-packages\fastapi\routing.py", line 2789, in handle
    await included_router._handle_selected(scope, receive, send)
  File "C:\Users\фыа\AppData\Local\Programs\Python\Python314\Lib\site-packages\fastapi\routing.py", line 1800, in _handle_selected
    await original_route.handle(scope, receive, send)
  File "C:\Users\фыа\AppData\Local\Programs\Python\Python314\Lib\site-packages\fastapi\routing.py", line 1279, in handle
    await app(scope, receive, send)
  File "C:\Users\фыа\AppData\Local\Programs\Python\Python314\Lib\site-packages\fastapi\routing.py", line 158, in app
    await wrap_app_handling_exceptions(app, request)(scope, receive, send)
  File "C:\Users\фыа\AppData\Local\Programs\Python\Python314\Lib\site-packages\starlette\_exception_handler.py", line 53, in wrapped_app
    raise exc
  File "C:\Users\фыа\AppData\Local\Programs\Python\Python314\Lib\site-packages\starlette\_exception_handler.py", line 42, in wrapped_app
    await app(scope, receive, sender)
  File "C:\Users\фыа\AppData\Local\Programs\Python\Python314\Lib\site-packages\fastapi\routing.py", line 144, in app
    response = await f(request)
               ^^^^^^^^^^^^^^^^
  File "C:\Users\фыа\AppData\Local\Programs\Python\Python314\Lib\site-packages\fastapi\routing.py", line 706, in app
    raw_response = await run_endpoint_function(
                   ^^^^^^^^^^^^^^^^^^^^^^^^^^^^
    ...<3 lines>...
    )
    ^
  File "C:\Users\фыа\AppData\Local\Programs\Python\Python314\Lib\site-packages\fastapi\routing.py", line 354, in run_endpoint_function
    return await run_in_threadpool(dependant.call, **values)
           ^^^^^^^^^^^^^^^^^^^^^^^^^^^^^^^^^^^^^^^^^^^^^^^^^
  File "C:\Users\фыа\AppData\Local\Programs\Python\Python314\Lib\site-packages\starlette\concurrency.py", line 34, in run_in_threadpool
    return await anyio.to_thread.run_sync(func)
           ^^^^^^^^^^^^^^^^^^^^^^^^^^^^^^^^^^^^
  File "C:\Users\фыа\AppData\Local\Programs\Python\Python314\Lib\site-packages\anyio\to_thread.py", line 63, in run_sync
    return await get_async_backend().run_sync_in_worker_thread(
           ^^^^^^^^^^^^^^^^^^^^^^^^^^^^^^^^^^^^^^^^^^^^^^^^^^^^
        func, args, abandon_on_cancel=abandon_on_cancel, limiter=limiter
        ^^^^^^^^^^^^^^^^^^^^^^^^^^^^^^^^^^^^^^^^^^^^^^^^^^^^^^^^^^^^^^^^
    )
    ^
  File "C:\Users\фыа\AppData\Local\Programs\Python\Python314\Lib\site-packages\anyio\_backends\_asyncio.py", line 2596, in run_sync_in_worker_thread
    return await future
           ^^^^^^^^^^^^
  File "C:\Users\фыа\AppData\Local\Programs\Python\Python314\Lib\site-packages\anyio\_backends\_asyncio.py", line 1029, in run
    result = context.run(func, *args)
  File "C:\Users\фыа\Documents\Obsidian Vault\Programs\JobMatrix\api\routes\notifications.py", line 24, in list_events
    q = q.filter(Event.read_at.is_(None))
  File "<string>", line 2, in filter
  File "C:\Users\фыа\AppData\Local\Programs\Python\Python314\Lib\site-packages\sqlalchemy\sql\base.py", line 284, in _generative
    x = fn(self, *args, **kw)
  File "<string>", line 2, in filter
  File "C:\Users\фыа\AppData\Local\Programs\Python\Python314\Lib\site-packages\sqlalchemy\orm\base.py", line 303, in generate
    assertion(self, fn.__name__)
    ~~~~~~~~~^^^^^^^^^^^^^^^^^^^
  File "C:\Users\фыа\AppData\Local\Programs\Python\Python314\Lib\site-packages\sqlalchemy\orm\query.py", line 444, in _no_limit_offset
    raise sa_exc.InvalidRequestError(
    ...<3 lines>...
    )
sqlalchemy.exc.InvalidRequestError: Query.filter() being called on a Query which already has LIMIT or OFFSET applied.  Call filter() before limit() or offset() are applied.
INFO:     127.0.0.1:57594 - "GET /api/vacancies HTTP/1.1" 200 OK
2026-08-19 08:02:21,247 INFO jobmatrix: Сбор: проверено 11, новых событий 5
INFO:     127.0.0.1:54188 - "GET /api/notifications?unread=1 HTTP/1.1" 500 Internal Server Error
ERROR:    Exception in ASGI application
Traceback (most recent call last):
  File "C:\Users\фыа\AppData\Local\Programs\Python\Python314\Lib\site-packages\uvicorn\protocols\http\httptools_impl.py", line 422, in run_asgi
    result = await app(  # type: ignore[func-returns-value]
             ^^^^^^^^^^^^^^^^^^^^^^^^^^^^^^^^^^^^^^^^^^^^^^
        self.scope, self.receive, self.send
        ^^^^^^^^^^^^^^^^^^^^^^^^^^^^^^^^^^^
    )
    ^
  File "C:\Users\фыа\AppData\Local\Programs\Python\Python314\Lib\site-packages\uvicorn\middleware\proxy_headers.py", line 63, in __call__
    return await self.app(scope, receive, send)
           ^^^^^^^^^^^^^^^^^^^^^^^^^^^^^^^^^^^^
  File "C:\Users\фыа\AppData\Local\Programs\Python\Python314\Lib\site-packages\fastapi\applications.py", line 1163, in __call__
    await super().__call__(scope, receive, send)
  File "C:\Users\фыа\AppData\Local\Programs\Python\Python314\Lib\site-packages\starlette\applications.py", line 96, in __call__
    await self.middleware_stack(scope, receive, send)
  File "C:\Users\фыа\AppData\Local\Programs\Python\Python314\Lib\site-packages\starlette\middleware\errors.py", line 186, in __call__
    raise exc
  File "C:\Users\фыа\AppData\Local\Programs\Python\Python314\Lib\site-packages\starlette\middleware\errors.py", line 164, in __call__
    await self.app(scope, receive, _send)
  File "C:\Users\фыа\AppData\Local\Programs\Python\Python314\Lib\site-packages\starlette\middleware\cors.py", line 88, in __call__
    await self.app(scope, receive, send)
  File "C:\Users\фыа\AppData\Local\Programs\Python\Python314\Lib\site-packages\starlette\middleware\exceptions.py", line 63, in __call__
    await wrap_app_handling_exceptions(self.app, conn)(scope, receive, send)
  File "C:\Users\фыа\AppData\Local\Programs\Python\Python314\Lib\site-packages\starlette\_exception_handler.py", line 53, in wrapped_app
    raise exc
  File "C:\Users\фыа\AppData\Local\Programs\Python\Python314\Lib\site-packages\starlette\_exception_handler.py", line 42, in wrapped_app
    await app(scope, receive, sender)
  File "C:\Users\фыа\AppData\Local\Programs\Python\Python314\Lib\site-packages\fastapi\middleware\asyncexitstack.py", line 18, in __call__
    await self.app(scope, receive, send)
  File "C:\Users\фыа\AppData\Local\Programs\Python\Python314\Lib\site-packages\starlette\routing.py", line 670, in __call__
    await self.middleware_stack(scope, receive, send)
  File "C:\Users\фыа\AppData\Local\Programs\Python\Python314\Lib\site-packages\fastapi\routing.py", line 2734, in app
    await route.handle(scope, receive, send)
  File "C:\Users\фыа\AppData\Local\Programs\Python\Python314\Lib\site-packages\fastapi\routing.py", line 1780, in handle
    await self.original_router.handle(scope, receive, send)
  File "C:\Users\фыа\AppData\Local\Programs\Python\Python314\Lib\site-packages\fastapi\routing.py", line 2789, in handle
    await included_router._handle_selected(scope, receive, send)
  File "C:\Users\фыа\AppData\Local\Programs\Python\Python314\Lib\site-packages\fastapi\routing.py", line 1800, in _handle_selected
    await original_route.handle(scope, receive, send)
  File "C:\Users\фыа\AppData\Local\Programs\Python\Python314\Lib\site-packages\fastapi\routing.py", line 1279, in handle
    await app(scope, receive, send)
  File "C:\Users\фыа\AppData\Local\Programs\Python\Python314\Lib\site-packages\fastapi\routing.py", line 158, in app
    await wrap_app_handling_exceptions(app, request)(scope, receive, send)
  File "C:\Users\фыа\AppData\Local\Programs\Python\Python314\Lib\site-packages\starlette\_exception_handler.py", line 53, in wrapped_app
    raise exc
  File "C:\Users\фыа\AppData\Local\Programs\Python\Python314\Lib\site-packages\starlette\_exception_handler.py", line 42, in wrapped_app
    await app(scope, receive, sender)
  File "C:\Users\фыа\AppData\Local\Programs\Python\Python314\Lib\site-packages\fastapi\routing.py", line 144, in app
    response = await f(request)
               ^^^^^^^^^^^^^^^^
  File "C:\Users\фыа\AppData\Local\Programs\Python\Python314\Lib\site-packages\fastapi\routing.py", line 706, in app
    raw_response = await run_endpoint_function(
                   ^^^^^^^^^^^^^^^^^^^^^^^^^^^^
    ...<3 lines>...
    )
    ^
  File "C:\Users\фыа\AppData\Local\Programs\Python\Python314\Lib\site-packages\fastapi\routing.py", line 354, in run_endpoint_function
    return await run_in_threadpool(dependant.call, **values)
           ^^^^^^^^^^^^^^^^^^^^^^^^^^^^^^^^^^^^^^^^^^^^^^^^^
  File "C:\Users\фыа\AppData\Local\Programs\Python\Python314\Lib\site-packages\starlette\concurrency.py", line 34, in run_in_threadpool
    return await anyio.to_thread.run_sync(func)
           ^^^^^^^^^^^^^^^^^^^^^^^^^^^^^^^^^^^^
  File "C:\Users\фыа\AppData\Local\Programs\Python\Python314\Lib\site-packages\anyio\to_thread.py", line 63, in run_sync
    return await get_async_backend().run_sync_in_worker_thread(
           ^^^^^^^^^^^^^^^^^^^^^^^^^^^^^^^^^^^^^^^^^^^^^^^^^^^^
        func, args, abandon_on_cancel=abandon_on_cancel, limiter=limiter
        ^^^^^^^^^^^^^^^^^^^^^^^^^^^^^^^^^^^^^^^^^^^^^^^^^^^^^^^^^^^^^^^^
    )
    ^
  File "C:\Users\фыа\AppData\Local\Programs\Python\Python314\Lib\site-packages\anyio\_backends\_asyncio.py", line 2596, in run_sync_in_worker_thread
    return await future
           ^^^^^^^^^^^^
  File "C:\Users\фыа\AppData\Local\Programs\Python\Python314\Lib\site-packages\anyio\_backends\_asyncio.py", line 1029, in run
    result = context.run(func, *args)
  File "C:\Users\фыа\Documents\Obsidian Vault\Programs\JobMatrix\api\routes\notifications.py", line 24, in list_events
    q = q.filter(Event.read_at.is_(None))
  File "<string>", line 2, in filter
  File "C:\Users\фыа\AppData\Local\Programs\Python\Python314\Lib\site-packages\sqlalchemy\sql\base.py", line 284, in _generative
    x = fn(self, *args, **kw)
  File "<string>", line 2, in filter
  File "C:\Users\фыа\AppData\Local\Programs\Python\Python314\Lib\site-packages\sqlalchemy\orm\base.py", line 303, in generate
    assertion(self, fn.__name__)
    ~~~~~~~~~^^^^^^^^^^^^^^^^^^^
  File "C:\Users\фыа\AppData\Local\Programs\Python\Python314\Lib\site-packages\sqlalchemy\orm\query.py", line 444, in _no_limit_offset
    raise sa_exc.InvalidRequestError(
    ...<3 lines>...
    )
sqlalchemy.exc.InvalidRequestError: Query.filter() being called on a Query which already has LIMIT or OFFSET applied.  Call filter() before limit() or offset() are applied.
INFO:     127.0.0.1:55027 - "GET /api/vacancies HTTP/1.1" 200 OK
INFO:     127.0.0.1:56292 - "GET /api/notifications?unread=1 HTTP/1.1" 500 Internal Server Error
ERROR:    Exception in ASGI application
Traceback (most recent call last):
  File "C:\Users\фыа\AppData\Local\Programs\Python\Python314\Lib\site-packages\uvicorn\protocols\http\httptools_impl.py", line 422, in run_asgi
    result = await app(  # type: ignore[func-returns-value]
             ^^^^^^^^^^^^^^^^^^^^^^^^^^^^^^^^^^^^^^^^^^^^^^
        self.scope, self.receive, self.send
        ^^^^^^^^^^^^^^^^^^^^^^^^^^^^^^^^^^^
    )
    ^
  File "C:\Users\фыа\AppData\Local\Programs\Python\Python314\Lib\site-packages\uvicorn\middleware\proxy_headers.py", line 63, in __call__
    return await self.app(scope, receive, send)
           ^^^^^^^^^^^^^^^^^^^^^^^^^^^^^^^^^^^^
  File "C:\Users\фыа\AppData\Local\Programs\Python\Python314\Lib\site-packages\fastapi\applications.py", line 1163, in __call__
    await super().__call__(scope, receive, send)
  File "C:\Users\фыа\AppData\Local\Programs\Python\Python314\Lib\site-packages\starlette\applications.py", line 96, in __call__
    await self.middleware_stack(scope, receive, send)
  File "C:\Users\фыа\AppData\Local\Programs\Python\Python314\Lib\site-packages\starlette\middleware\errors.py", line 186, in __call__
    raise exc
  File "C:\Users\фыа\AppData\Local\Programs\Python\Python314\Lib\site-packages\starlette\middleware\errors.py", line 164, in __call__
    await self.app(scope, receive, _send)
  File "C:\Users\фыа\AppData\Local\Programs\Python\Python314\Lib\site-packages\starlette\middleware\cors.py", line 88, in __call__
    await self.app(scope, receive, send)
  File "C:\Users\фыа\AppData\Local\Programs\Python\Python314\Lib\site-packages\starlette\middleware\exceptions.py", line 63, in __call__
    await wrap_app_handling_exceptions(self.app, conn)(scope, receive, send)
  File "C:\Users\фыа\AppData\Local\Programs\Python\Python314\Lib\site-packages\starlette\_exception_handler.py", line 53, in wrapped_app
    raise exc
  File "C:\Users\фыа\AppData\Local\Programs\Python\Python314\Lib\site-packages\starlette\_exception_handler.py", line 42, in wrapped_app
    await app(scope, receive, sender)
  File "C:\Users\фыа\AppData\Local\Programs\Python\Python314\Lib\site-packages\fastapi\middleware\asyncexitstack.py", line 18, in __call__
    await self.app(scope, receive, send)
  File "C:\Users\фыа\AppData\Local\Programs\Python\Python314\Lib\site-packages\starlette\routing.py", line 670, in __call__
    await self.middleware_stack(scope, receive, send)
  File "C:\Users\фыа\AppData\Local\Programs\Python\Python314\Lib\site-packages\fastapi\routing.py", line 2734, in app
    await route.handle(scope, receive, send)
  File "C:\Users\фыа\AppData\Local\Programs\Python\Python314\Lib\site-packages\fastapi\routing.py", line 1780, in handle
    await self.original_router.handle(scope, receive, send)
  File "C:\Users\фыа\AppData\Local\Programs\Python\Python314\Lib\site-packages\fastapi\routing.py", line 2789, in handle
    await included_router._handle_selected(scope, receive, send)
  File "C:\Users\фыа\AppData\Local\Programs\Python\Python314\Lib\site-packages\fastapi\routing.py", line 1800, in _handle_selected
    await original_route.handle(scope, receive, send)
  File "C:\Users\фыа\AppData\Local\Programs\Python\Python314\Lib\site-packages\fastapi\routing.py", line 1279, in handle
    await app(scope, receive, send)
  File "C:\Users\фыа\AppData\Local\Programs\Python\Python314\Lib\site-packages\fastapi\routing.py", line 158, in app
    await wrap_app_handling_exceptions(app, request)(scope, receive, send)
  File "C:\Users\фыа\AppData\Local\Programs\Python\Python314\Lib\site-packages\starlette\_exception_handler.py", line 53, in wrapped_app
    raise exc
  File "C:\Users\фыа\AppData\Local\Programs\Python\Python314\Lib\site-packages\starlette\_exception_handler.py", line 42, in wrapped_app
    await app(scope, receive, sender)
  File "C:\Users\фыа\AppData\Local\Programs\Python\Python314\Lib\site-packages\fastapi\routing.py", line 144, in app
    response = await f(request)
               ^^^^^^^^^^^^^^^^
  File "C:\Users\фыа\AppData\Local\Programs\Python\Python314\Lib\site-packages\fastapi\routing.py", line 706, in app
    raw_response = await run_endpoint_function(
                   ^^^^^^^^^^^^^^^^^^^^^^^^^^^^
    ...<3 lines>...
    )
    ^
  File "C:\Users\фыа\AppData\Local\Programs\Python\Python314\Lib\site-packages\fastapi\routing.py", line 354, in run_endpoint_function
    return await run_in_threadpool(dependant.call, **values)
           ^^^^^^^^^^^^^^^^^^^^^^^^^^^^^^^^^^^^^^^^^^^^^^^^^
  File "C:\Users\фыа\AppData\Local\Programs\Python\Python314\Lib\site-packages\starlette\concurrency.py", line 34, in run_in_threadpool
    return await anyio.to_thread.run_sync(func)
           ^^^^^^^^^^^^^^^^^^^^^^^^^^^^^^^^^^^^
  File "C:\Users\фыа\AppData\Local\Programs\Python\Python314\Lib\site-packages\anyio\to_thread.py", line 63, in run_sync
    return await get_async_backend().run_sync_in_worker_thread(
           ^^^^^^^^^^^^^^^^^^^^^^^^^^^^^^^^^^^^^^^^^^^^^^^^^^^^
        func, args, abandon_on_cancel=abandon_on_cancel, limiter=limiter
        ^^^^^^^^^^^^^^^^^^^^^^^^^^^^^^^^^^^^^^^^^^^^^^^^^^^^^^^^^^^^^^^^
    )
    ^
  File "C:\Users\фыа\AppData\Local\Programs\Python\Python314\Lib\site-packages\anyio\_backends\_asyncio.py", line 2596, in run_sync_in_worker_thread
    return await future
           ^^^^^^^^^^^^
  File "C:\Users\фыа\AppData\Local\Programs\Python\Python314\Lib\site-packages\anyio\_backends\_asyncio.py", line 1029, in run
    result = context.run(func, *args)
  File "C:\Users\фыа\Documents\Obsidian Vault\Programs\JobMatrix\api\routes\notifications.py", line 24, in list_events
    q = q.filter(Event.read_at.is_(None))
  File "<string>", line 2, in filter
  File "C:\Users\фыа\AppData\Local\Programs\Python\Python314\Lib\site-packages\sqlalchemy\sql\base.py", line 284, in _generative
    x = fn(self, *args, **kw)
  File "<string>", line 2, in filter
  File "C:\Users\фыа\AppData\Local\Programs\Python\Python314\Lib\site-packages\sqlalchemy\orm\base.py", line 303, in generate
    assertion(self, fn.__name__)
    ~~~~~~~~~^^^^^^^^^^^^^^^^^^^
  File "C:\Users\фыа\AppData\Local\Programs\Python\Python314\Lib\site-packages\sqlalchemy\orm\query.py", line 444, in _no_limit_offset
    raise sa_exc.InvalidRequestError(
    ...<3 lines>...
    )
sqlalchemy.exc.InvalidRequestError: Query.filter() being called on a Query which already has LIMIT or OFFSET applied.  Call filter() before limit() or offset() are applied.
INFO:     127.0.0.1:51597 - "GET /api/vacancies HTTP/1.1" 200 OK
INFO:     127.0.0.1:55027 - "GET /api/notifications?unread=1 HTTP/1.1" 500 Internal Server Error
ERROR:    Exception in ASGI application
Traceback (most recent call last):
  File "C:\Users\фыа\AppData\Local\Programs\Python\Python314\Lib\site-packages\uvicorn\protocols\http\httptools_impl.py", line 422, in run_asgi
    result = await app(  # type: ignore[func-returns-value]
             ^^^^^^^^^^^^^^^^^^^^^^^^^^^^^^^^^^^^^^^^^^^^^^
        self.scope, self.receive, self.send
        ^^^^^^^^^^^^^^^^^^^^^^^^^^^^^^^^^^^
    )
    ^
  File "C:\Users\фыа\AppData\Local\Programs\Python\Python314\Lib\site-packages\uvicorn\middleware\proxy_headers.py", line 63, in __call__
    return await self.app(scope, receive, send)
           ^^^^^^^^^^^^^^^^^^^^^^^^^^^^^^^^^^^^
  File "C:\Users\фыа\AppData\Local\Programs\Python\Python314\Lib\site-packages\fastapi\applications.py", line 1163, in __call__
    await super().__call__(scope, receive, send)
  File "C:\Users\фыа\AppData\Local\Programs\Python\Python314\Lib\site-packages\starlette\applications.py", line 96, in __call__
    await self.middleware_stack(scope, receive, send)
  File "C:\Users\фыа\AppData\Local\Programs\Python\Python314\Lib\site-packages\starlette\middleware\errors.py", line 186, in __call__
    raise exc
  File "C:\Users\фыа\AppData\Local\Programs\Python\Python314\Lib\site-packages\starlette\middleware\errors.py", line 164, in __call__
    await self.app(scope, receive, _send)
  File "C:\Users\фыа\AppData\Local\Programs\Python\Python314\Lib\site-packages\starlette\middleware\cors.py", line 88, in __call__
    await self.app(scope, receive, send)
  File "C:\Users\фыа\AppData\Local\Programs\Python\Python314\Lib\site-packages\starlette\middleware\exceptions.py", line 63, in __call__
    await wrap_app_handling_exceptions(self.app, conn)(scope, receive, send)
  File "C:\Users\фыа\AppData\Local\Programs\Python\Python314\Lib\site-packages\starlette\_exception_handler.py", line 53, in wrapped_app
    raise exc
  File "C:\Users\фыа\AppData\Local\Programs\Python\Python314\Lib\site-packages\starlette\_exception_handler.py", line 42, in wrapped_app
    await app(scope, receive, sender)
  File "C:\Users\фыа\AppData\Local\Programs\Python\Python314\Lib\site-packages\fastapi\middleware\asyncexitstack.py", line 18, in __call__
    await self.app(scope, receive, send)
  File "C:\Users\фыа\AppData\Local\Programs\Python\Python314\Lib\site-packages\starlette\routing.py", line 670, in __call__
    await self.middleware_stack(scope, receive, send)
  File "C:\Users\фыа\AppData\Local\Programs\Python\Python314\Lib\site-packages\fastapi\routing.py", line 2734, in app
    await route.handle(scope, receive, send)
  File "C:\Users\фыа\AppData\Local\Programs\Python\Python314\Lib\site-packages\fastapi\routing.py", line 1780, in handle
    await self.original_router.handle(scope, receive, send)
  File "C:\Users\фыа\AppData\Local\Programs\Python\Python314\Lib\site-packages\fastapi\routing.py", line 2789, in handle
    await included_router._handle_selected(scope, receive, send)
  File "C:\Users\фыа\AppData\Local\Programs\Python\Python314\Lib\site-packages\fastapi\routing.py", line 1800, in _handle_selected
    await original_route.handle(scope, receive, send)
  File "C:\Users\фыа\AppData\Local\Programs\Python\Python314\Lib\site-packages\fastapi\routing.py", line 1279, in handle
    await app(scope, receive, send)
  File "C:\Users\фыа\AppData\Local\Programs\Python\Python314\Lib\site-packages\fastapi\routing.py", line 158, in app
    await wrap_app_handling_exceptions(app, request)(scope, receive, send)
  File "C:\Users\фыа\AppData\Local\Programs\Python\Python314\Lib\site-packages\starlette\_exception_handler.py", line 53, in wrapped_app
    raise exc
  File "C:\Users\фыа\AppData\Local\Programs\Python\Python314\Lib\site-packages\starlette\_exception_handler.py", line 42, in wrapped_app
    await app(scope, receive, sender)
  File "C:\Users\фыа\AppData\Local\Programs\Python\Python314\Lib\site-packages\fastapi\routing.py", line 144, in app
    response = await f(request)
               ^^^^^^^^^^^^^^^^
  File "C:\Users\фыа\AppData\Local\Programs\Python\Python314\Lib\site-packages\fastapi\routing.py", line 706, in app
    raw_response = await run_endpoint_function(
                   ^^^^^^^^^^^^^^^^^^^^^^^^^^^^
    ...<3 lines>...
    )
    ^
  File "C:\Users\фыа\AppData\Local\Programs\Python\Python314\Lib\site-packages\fastapi\routing.py", line 354, in run_endpoint_function
    return await run_in_threadpool(dependant.call, **values)
           ^^^^^^^^^^^^^^^^^^^^^^^^^^^^^^^^^^^^^^^^^^^^^^^^^
  File "C:\Users\фыа\AppData\Local\Programs\Python\Python314\Lib\site-packages\starlette\concurrency.py", line 34, in run_in_threadpool
    return await anyio.to_thread.run_sync(func)
           ^^^^^^^^^^^^^^^^^^^^^^^^^^^^^^^^^^^^
  File "C:\Users\фыа\AppData\Local\Programs\Python\Python314\Lib\site-packages\anyio\to_thread.py", line 63, in run_sync
    return await get_async_backend().run_sync_in_worker_thread(
           ^^^^^^^^^^^^^^^^^^^^^^^^^^^^^^^^^^^^^^^^^^^^^^^^^^^^
        func, args, abandon_on_cancel=abandon_on_cancel, limiter=limiter
        ^^^^^^^^^^^^^^^^^^^^^^^^^^^^^^^^^^^^^^^^^^^^^^^^^^^^^^^^^^^^^^^^
    )
    ^
  File "C:\Users\фыа\AppData\Local\Programs\Python\Python314\Lib\site-packages\anyio\_backends\_asyncio.py", line 2596, in run_sync_in_worker_thread
    return await future
           ^^^^^^^^^^^^
  File "C:\Users\фыа\AppData\Local\Programs\Python\Python314\Lib\site-packages\anyio\_backends\_asyncio.py", line 1029, in run
    result = context.run(func, *args)
  File "C:\Users\фыа\Documents\Obsidian Vault\Programs\JobMatrix\api\routes\notifications.py", line 24, in list_events
    q = q.filter(Event.read_at.is_(None))
  File "<string>", line 2, in filter
  File "C:\Users\фыа\AppData\Local\Programs\Python\Python314\Lib\site-packages\sqlalchemy\sql\base.py", line 284, in _generative
    x = fn(self, *args, **kw)
  File "<string>", line 2, in filter
  File "C:\Users\фыа\AppData\Local\Programs\Python\Python314\Lib\site-packages\sqlalchemy\orm\base.py", line 303, in generate
    assertion(self, fn.__name__)
    ~~~~~~~~~^^^^^^^^^^^^^^^^^^^
  File "C:\Users\фыа\AppData\Local\Programs\Python\Python314\Lib\site-packages\sqlalchemy\orm\query.py", line 444, in _no_limit_offset
    raise sa_exc.InvalidRequestError(
    ...<3 lines>...
    )
sqlalchemy.exc.InvalidRequestError: Query.filter() being called on a Query which already has LIMIT or OFFSET applied.  Call filter() before limit() or offset() are applied.
INFO:     127.0.0.1:62481 - "GET /api/vacancies HTTP/1.1" 200 OK
INFO:     127.0.0.1:51597 - "GET /api/notifications?unread=1 HTTP/1.1" 500 Internal Server Error
ERROR:    Exception in ASGI application
Traceback (most recent call last):
  File "C:\Users\фыа\AppData\Local\Programs\Python\Python314\Lib\site-packages\uvicorn\protocols\http\httptools_impl.py", line 422, in run_asgi
    result = await app(  # type: ignore[func-returns-value]
             ^^^^^^^^^^^^^^^^^^^^^^^^^^^^^^^^^^^^^^^^^^^^^^
        self.scope, self.receive, self.send
        ^^^^^^^^^^^^^^^^^^^^^^^^^^^^^^^^^^^
    )
    ^
  File "C:\Users\фыа\AppData\Local\Programs\Python\Python314\Lib\site-packages\uvicorn\middleware\proxy_headers.py", line 63, in __call__
    return await self.app(scope, receive, send)
           ^^^^^^^^^^^^^^^^^^^^^^^^^^^^^^^^^^^^
  File "C:\Users\фыа\AppData\Local\Programs\Python\Python314\Lib\site-packages\fastapi\applications.py", line 1163, in __call__
    await super().__call__(scope, receive, send)
  File "C:\Users\фыа\AppData\Local\Programs\Python\Python314\Lib\site-packages\starlette\applications.py", line 96, in __call__
    await self.middleware_stack(scope, receive, send)
  File "C:\Users\фыа\AppData\Local\Programs\Python\Python314\Lib\site-packages\starlette\middleware\errors.py", line 186, in __call__
    raise exc
  File "C:\Users\фыа\AppData\Local\Programs\Python\Python314\Lib\site-packages\starlette\middleware\errors.py", line 164, in __call__
    await self.app(scope, receive, _send)
  File "C:\Users\фыа\AppData\Local\Programs\Python\Python314\Lib\site-packages\starlette\middleware\cors.py", line 88, in __call__
    await self.app(scope, receive, send)
  File "C:\Users\фыа\AppData\Local\Programs\Python\Python314\Lib\site-packages\starlette\middleware\exceptions.py", line 63, in __call__
    await wrap_app_handling_exceptions(self.app, conn)(scope, receive, send)
  File "C:\Users\фыа\AppData\Local\Programs\Python\Python314\Lib\site-packages\starlette\_exception_handler.py", line 53, in wrapped_app
    raise exc
  File "C:\Users\фыа\AppData\Local\Programs\Python\Python314\Lib\site-packages\starlette\_exception_handler.py", line 42, in wrapped_app
    await app(scope, receive, sender)
  File "C:\Users\фыа\AppData\Local\Programs\Python\Python314\Lib\site-packages\fastapi\middleware\asyncexitstack.py", line 18, in __call__
    await self.app(scope, receive, send)
  File "C:\Users\фыа\AppData\Local\Programs\Python\Python314\Lib\site-packages\starlette\routing.py", line 670, in __call__
    await self.middleware_stack(scope, receive, send)
  File "C:\Users\фыа\AppData\Local\Programs\Python\Python314\Lib\site-packages\fastapi\routing.py", line 2734, in app
    await route.handle(scope, receive, send)
  File "C:\Users\фыа\AppData\Local\Programs\Python\Python314\Lib\site-packages\fastapi\routing.py", line 1780, in handle
    await self.original_router.handle(scope, receive, send)
  File "C:\Users\фыа\AppData\Local\Programs\Python\Python314\Lib\site-packages\fastapi\routing.py", line 2789, in handle
    await included_router._handle_selected(scope, receive, send)
  File "C:\Users\фыа\AppData\Local\Programs\Python\Python314\Lib\site-packages\fastapi\routing.py", line 1800, in _handle_selected
    await original_route.handle(scope, receive, send)
  File "C:\Users\фыа\AppData\Local\Programs\Python\Python314\Lib\site-packages\fastapi\routing.py", line 1279, in handle
    await app(scope, receive, send)
  File "C:\Users\фыа\AppData\Local\Programs\Python\Python314\Lib\site-packages\fastapi\routing.py", line 158, in app
    await wrap_app_handling_exceptions(app, request)(scope, receive, send)
  File "C:\Users\фыа\AppData\Local\Programs\Python\Python314\Lib\site-packages\starlette\_exception_handler.py", line 53, in wrapped_app
    raise exc
  File "C:\Users\фыа\AppData\Local\Programs\Python\Python314\Lib\site-packages\starlette\_exception_handler.py", line 42, in wrapped_app
    await app(scope, receive, sender)
  File "C:\Users\фыа\AppData\Local\Programs\Python\Python314\Lib\site-packages\fastapi\routing.py", line 144, in app
    response = await f(request)
               ^^^^^^^^^^^^^^^^
  File "C:\Users\фыа\AppData\Local\Programs\Python\Python314\Lib\site-packages\fastapi\routing.py", line 706, in app
    raw_response = await run_endpoint_function(
                   ^^^^^^^^^^^^^^^^^^^^^^^^^^^^
    ...<3 lines>...
    )
    ^
  File "C:\Users\фыа\AppData\Local\Programs\Python\Python314\Lib\site-packages\fastapi\routing.py", line 354, in run_endpoint_function
    return await run_in_threadpool(dependant.call, **values)
           ^^^^^^^^^^^^^^^^^^^^^^^^^^^^^^^^^^^^^^^^^^^^^^^^^
  File "C:\Users\фыа\AppData\Local\Programs\Python\Python314\Lib\site-packages\starlette\concurrency.py", line 34, in run_in_threadpool
    return await anyio.to_thread.run_sync(func)
           ^^^^^^^^^^^^^^^^^^^^^^^^^^^^^^^^^^^^
  File "C:\Users\фыа\AppData\Local\Programs\Python\Python314\Lib\site-packages\anyio\to_thread.py", line 63, in run_sync
    return await get_async_backend().run_sync_in_worker_thread(
           ^^^^^^^^^^^^^^^^^^^^^^^^^^^^^^^^^^^^^^^^^^^^^^^^^^^^
        func, args, abandon_on_cancel=abandon_on_cancel, limiter=limiter
        ^^^^^^^^^^^^^^^^^^^^^^^^^^^^^^^^^^^^^^^^^^^^^^^^^^^^^^^^^^^^^^^^
    )
    ^
  File "C:\Users\фыа\AppData\Local\Programs\Python\Python314\Lib\site-packages\anyio\_backends\_asyncio.py", line 2596, in run_sync_in_worker_thread
    return await future
           ^^^^^^^^^^^^
  File "C:\Users\фыа\AppData\Local\Programs\Python\Python314\Lib\site-packages\anyio\_backends\_asyncio.py", line 1029, in run
    result = context.run(func, *args)
  File "C:\Users\фыа\Documents\Obsidian Vault\Programs\JobMatrix\api\routes\notifications.py", line 24, in list_events
    q = q.filter(Event.read_at.is_(None))
  File "<string>", line 2, in filter
  File "C:\Users\фыа\AppData\Local\Programs\Python\Python314\Lib\site-packages\sqlalchemy\sql\base.py", line 284, in _generative
    x = fn(self, *args, **kw)
  File "<string>", line 2, in filter
  File "C:\Users\фыа\AppData\Local\Programs\Python\Python314\Lib\site-packages\sqlalchemy\orm\base.py", line 303, in generate
    assertion(self, fn.__name__)
    ~~~~~~~~~^^^^^^^^^^^^^^^^^^^
  File "C:\Users\фыа\AppData\Local\Programs\Python\Python314\Lib\site-packages\sqlalchemy\orm\query.py", line 444, in _no_limit_offset
    raise sa_exc.InvalidRequestError(
    ...<3 lines>...
    )
sqlalchemy.exc.InvalidRequestError: Query.filter() being called on a Query which already has LIMIT or OFFSET applied.  Call filter() before limit() or offset() are applied.
INFO:     127.0.0.1:61174 - "GET /api/vacancies HTTP/1.1" 200 OK
INFO:     127.0.0.1:62481 - "GET /api/notifications?unread=1 HTTP/1.1" 500 Internal Server Error
ERROR:    Exception in ASGI application
Traceback (most recent call last):
  File "C:\Users\фыа\AppData\Local\Programs\Python\Python314\Lib\site-packages\uvicorn\protocols\http\httptools_impl.py", line 422, in run_asgi
    result = await app(  # type: ignore[func-returns-value]
             ^^^^^^^^^^^^^^^^^^^^^^^^^^^^^^^^^^^^^^^^^^^^^^
        self.scope, self.receive, self.send
        ^^^^^^^^^^^^^^^^^^^^^^^^^^^^^^^^^^^
    )
    ^
  File "C:\Users\фыа\AppData\Local\Programs\Python\Python314\Lib\site-packages\uvicorn\middleware\proxy_headers.py", line 63, in __call__
    return await self.app(scope, receive, send)
           ^^^^^^^^^^^^^^^^^^^^^^^^^^^^^^^^^^^^
  File "C:\Users\фыа\AppData\Local\Programs\Python\Python314\Lib\site-packages\fastapi\applications.py", line 1163, in __call__
    await super().__call__(scope, receive, send)
  File "C:\Users\фыа\AppData\Local\Programs\Python\Python314\Lib\site-packages\starlette\applications.py", line 96, in __call__
    await self.middleware_stack(scope, receive, send)
  File "C:\Users\фыа\AppData\Local\Programs\Python\Python314\Lib\site-packages\starlette\middleware\errors.py", line 186, in __call__
    raise exc
  File "C:\Users\фыа\AppData\Local\Programs\Python\Python314\Lib\site-packages\starlette\middleware\errors.py", line 164, in __call__
    await self.app(scope, receive, _send)
  File "C:\Users\фыа\AppData\Local\Programs\Python\Python314\Lib\site-packages\starlette\middleware\cors.py", line 88, in __call__
    await self.app(scope, receive, send)
  File "C:\Users\фыа\AppData\Local\Programs\Python\Python314\Lib\site-packages\starlette\middleware\exceptions.py", line 63, in __call__
    await wrap_app_handling_exceptions(self.app, conn)(scope, receive, send)
  File "C:\Users\фыа\AppData\Local\Programs\Python\Python314\Lib\site-packages\starlette\_exception_handler.py", line 53, in wrapped_app
    raise exc
  File "C:\Users\фыа\AppData\Local\Programs\Python\Python314\Lib\site-packages\starlette\_exception_handler.py", line 42, in wrapped_app
    await app(scope, receive, sender)
  File "C:\Users\фыа\AppData\Local\Programs\Python\Python314\Lib\site-packages\fastapi\middleware\asyncexitstack.py", line 18, in __call__
    await self.app(scope, receive, send)
  File "C:\Users\фыа\AppData\Local\Programs\Python\Python314\Lib\site-packages\starlette\routing.py", line 670, in __call__
    await self.middleware_stack(scope, receive, send)
  File "C:\Users\фыа\AppData\Local\Programs\Python\Python314\Lib\site-packages\fastapi\routing.py", line 2734, in app
    await route.handle(scope, receive, send)
  File "C:\Users\фыа\AppData\Local\Programs\Python\Python314\Lib\site-packages\fastapi\routing.py", line 1780, in handle
    await self.original_router.handle(scope, receive, send)
  File "C:\Users\фыа\AppData\Local\Programs\Python\Python314\Lib\site-packages\fastapi\routing.py", line 2789, in handle
    await included_router._handle_selected(scope, receive, send)
  File "C:\Users\фыа\AppData\Local\Programs\Python\Python314\Lib\site-packages\fastapi\routing.py", line 1800, in _handle_selected
    await original_route.handle(scope, receive, send)
  File "C:\Users\фыа\AppData\Local\Programs\Python\Python314\Lib\site-packages\fastapi\routing.py", line 1279, in handle
    await app(scope, receive, send)
  File "C:\Users\фыа\AppData\Local\Programs\Python\Python314\Lib\site-packages\fastapi\routing.py", line 158, in app
    await wrap_app_handling_exceptions(app, request)(scope, receive, send)
  File "C:\Users\фыа\AppData\Local\Programs\Python\Python314\Lib\site-packages\starlette\_exception_handler.py", line 53, in wrapped_app
    raise exc
  File "C:\Users\фыа\AppData\Local\Programs\Python\Python314\Lib\site-packages\starlette\_exception_handler.py", line 42, in wrapped_app
    await app(scope, receive, sender)
  File "C:\Users\фыа\AppData\Local\Programs\Python\Python314\Lib\site-packages\fastapi\routing.py", line 144, in app
    response = await f(request)
               ^^^^^^^^^^^^^^^^
  File "C:\Users\фыа\AppData\Local\Programs\Python\Python314\Lib\site-packages\fastapi\routing.py", line 706, in app
    raw_response = await run_endpoint_function(
                   ^^^^^^^^^^^^^^^^^^^^^^^^^^^^
    ...<3 lines>...
    )
    ^
  File "C:\Users\фыа\AppData\Local\Programs\Python\Python314\Lib\site-packages\fastapi\routing.py", line 354, in run_endpoint_function
    return await run_in_threadpool(dependant.call, **values)
           ^^^^^^^^^^^^^^^^^^^^^^^^^^^^^^^^^^^^^^^^^^^^^^^^^
  File "C:\Users\фыа\AppData\Local\Programs\Python\Python314\Lib\site-packages\starlette\concurrency.py", line 34, in run_in_threadpool
    return await anyio.to_thread.run_sync(func)
           ^^^^^^^^^^^^^^^^^^^^^^^^^^^^^^^^^^^^
  File "C:\Users\фыа\AppData\Local\Programs\Python\Python314\Lib\site-packages\anyio\to_thread.py", line 63, in run_sync
    return await get_async_backend().run_sync_in_worker_thread(
           ^^^^^^^^^^^^^^^^^^^^^^^^^^^^^^^^^^^^^^^^^^^^^^^^^^^^
        func, args, abandon_on_cancel=abandon_on_cancel, limiter=limiter
        ^^^^^^^^^^^^^^^^^^^^^^^^^^^^^^^^^^^^^^^^^^^^^^^^^^^^^^^^^^^^^^^^
    )
    ^
  File "C:\Users\фыа\AppData\Local\Programs\Python\Python314\Lib\site-packages\anyio\_backends\_asyncio.py", line 2596, in run_sync_in_worker_thread
    return await future
           ^^^^^^^^^^^^
  File "C:\Users\фыа\AppData\Local\Programs\Python\Python314\Lib\site-packages\anyio\_backends\_asyncio.py", line 1029, in run
    result = context.run(func, *args)
  File "C:\Users\фыа\Documents\Obsidian Vault\Programs\JobMatrix\api\routes\notifications.py", line 24, in list_events
    q = q.filter(Event.read_at.is_(None))
  File "<string>", line 2, in filter
  File "C:\Users\фыа\AppData\Local\Programs\Python\Python314\Lib\site-packages\sqlalchemy\sql\base.py", line 284, in _generative
    x = fn(self, *args, **kw)
  File "<string>", line 2, in filter
  File "C:\Users\фыа\AppData\Local\Programs\Python\Python314\Lib\site-packages\sqlalchemy\orm\base.py", line 303, in generate
    assertion(self, fn.__name__)
    ~~~~~~~~~^^^^^^^^^^^^^^^^^^^
  File "C:\Users\фыа\AppData\Local\Programs\Python\Python314\Lib\site-packages\sqlalchemy\orm\query.py", line 444, in _no_limit_offset
    raise sa_exc.InvalidRequestError(
    ...<3 lines>...
    )
sqlalchemy.exc.InvalidRequestError: Query.filter() being called on a Query which already has LIMIT or OFFSET applied.  Call filter() before limit() or offset() are applied.
INFO:     127.0.0.1:52950 - "GET /api/vacancies HTTP/1.1" 200 OK
INFO:     127.0.0.1:61174 - "GET /api/notifications?unread=1 HTTP/1.1" 500 Internal Server Error
ERROR:    Exception in ASGI application
Traceback (most recent call last):
  File "C:\Users\фыа\AppData\Local\Programs\Python\Python314\Lib\site-packages\uvicorn\protocols\http\httptools_impl.py", line 422, in run_asgi
    result = await app(  # type: ignore[func-returns-value]
             ^^^^^^^^^^^^^^^^^^^^^^^^^^^^^^^^^^^^^^^^^^^^^^
        self.scope, self.receive, self.send
        ^^^^^^^^^^^^^^^^^^^^^^^^^^^^^^^^^^^
    )
    ^
  File "C:\Users\фыа\AppData\Local\Programs\Python\Python314\Lib\site-packages\uvicorn\middleware\proxy_headers.py", line 63, in __call__
    return await self.app(scope, receive, send)
           ^^^^^^^^^^^^^^^^^^^^^^^^^^^^^^^^^^^^
  File "C:\Users\фыа\AppData\Local\Programs\Python\Python314\Lib\site-packages\fastapi\applications.py", line 1163, in __call__
    await super().__call__(scope, receive, send)
  File "C:\Users\фыа\AppData\Local\Programs\Python\Python314\Lib\site-packages\starlette\applications.py", line 96, in __call__
    await self.middleware_stack(scope, receive, send)
  File "C:\Users\фыа\AppData\Local\Programs\Python\Python314\Lib\site-packages\starlette\middleware\errors.py", line 186, in __call__
    raise exc
  File "C:\Users\фыа\AppData\Local\Programs\Python\Python314\Lib\site-packages\starlette\middleware\errors.py", line 164, in __call__
    await self.app(scope, receive, _send)
  File "C:\Users\фыа\AppData\Local\Programs\Python\Python314\Lib\site-packages\starlette\middleware\cors.py", line 88, in __call__
    await self.app(scope, receive, send)
  File "C:\Users\фыа\AppData\Local\Programs\Python\Python314\Lib\site-packages\starlette\middleware\exceptions.py", line 63, in __call__
    await wrap_app_handling_exceptions(self.app, conn)(scope, receive, send)
  File "C:\Users\фыа\AppData\Local\Programs\Python\Python314\Lib\site-packages\starlette\_exception_handler.py", line 53, in wrapped_app
    raise exc
  File "C:\Users\фыа\AppData\Local\Programs\Python\Python314\Lib\site-packages\starlette\_exception_handler.py", line 42, in wrapped_app
    await app(scope, receive, sender)
  File "C:\Users\фыа\AppData\Local\Programs\Python\Python314\Lib\site-packages\fastapi\middleware\asyncexitstack.py", line 18, in __call__
    await self.app(scope, receive, send)
  File "C:\Users\фыа\AppData\Local\Programs\Python\Python314\Lib\site-packages\starlette\routing.py", line 670, in __call__
    await self.middleware_stack(scope, receive, send)
  File "C:\Users\фыа\AppData\Local\Programs\Python\Python314\Lib\site-packages\fastapi\routing.py", line 2734, in app
    await route.handle(scope, receive, send)
  File "C:\Users\фыа\AppData\Local\Programs\Python\Python314\Lib\site-packages\fastapi\routing.py", line 1780, in handle
    await self.original_router.handle(scope, receive, send)
  File "C:\Users\фыа\AppData\Local\Programs\Python\Python314\Lib\site-packages\fastapi\routing.py", line 2789, in handle
    await included_router._handle_selected(scope, receive, send)
  File "C:\Users\фыа\AppData\Local\Programs\Python\Python314\Lib\site-packages\fastapi\routing.py", line 1800, in _handle_selected
    await original_route.handle(scope, receive, send)
  File "C:\Users\фыа\AppData\Local\Programs\Python\Python314\Lib\site-packages\fastapi\routing.py", line 1279, in handle
    await app(scope, receive, send)
  File "C:\Users\фыа\AppData\Local\Programs\Python\Python314\Lib\site-packages\fastapi\routing.py", line 158, in app
    await wrap_app_handling_exceptions(app, request)(scope, receive, send)
  File "C:\Users\фыа\AppData\Local\Programs\Python\Python314\Lib\site-packages\starlette\_exception_handler.py", line 53, in wrapped_app
    raise exc
  File "C:\Users\фыа\AppData\Local\Programs\Python\Python314\Lib\site-packages\starlette\_exception_handler.py", line 42, in wrapped_app
    await app(scope, receive, sender)
  File "C:\Users\фыа\AppData\Local\Programs\Python\Python314\Lib\site-packages\fastapi\routing.py", line 144, in app
    response = await f(request)
               ^^^^^^^^^^^^^^^^
  File "C:\Users\фыа\AppData\Local\Programs\Python\Python314\Lib\site-packages\fastapi\routing.py", line 706, in app
    raw_response = await run_endpoint_function(
                   ^^^^^^^^^^^^^^^^^^^^^^^^^^^^
    ...<3 lines>...
    )
    ^
  File "C:\Users\фыа\AppData\Local\Programs\Python\Python314\Lib\site-packages\fastapi\routing.py", line 354, in run_endpoint_function
    return await run_in_threadpool(dependant.call, **values)
           ^^^^^^^^^^^^^^^^^^^^^^^^^^^^^^^^^^^^^^^^^^^^^^^^^
  File "C:\Users\фыа\AppData\Local\Programs\Python\Python314\Lib\site-packages\starlette\concurrency.py", line 34, in run_in_threadpool
    return await anyio.to_thread.run_sync(func)
           ^^^^^^^^^^^^^^^^^^^^^^^^^^^^^^^^^^^^
  File "C:\Users\фыа\AppData\Local\Programs\Python\Python314\Lib\site-packages\anyio\to_thread.py", line 63, in run_sync
    return await get_async_backend().run_sync_in_worker_thread(
           ^^^^^^^^^^^^^^^^^^^^^^^^^^^^^^^^^^^^^^^^^^^^^^^^^^^^
        func, args, abandon_on_cancel=abandon_on_cancel, limiter=limiter
        ^^^^^^^^^^^^^^^^^^^^^^^^^^^^^^^^^^^^^^^^^^^^^^^^^^^^^^^^^^^^^^^^
    )
    ^
  File "C:\Users\фыа\AppData\Local\Programs\Python\Python314\Lib\site-packages\anyio\_backends\_asyncio.py", line 2596, in run_sync_in_worker_thread
    return await future
           ^^^^^^^^^^^^
  File "C:\Users\фыа\AppData\Local\Programs\Python\Python314\Lib\site-packages\anyio\_backends\_asyncio.py", line 1029, in run
    result = context.run(func, *args)
  File "C:\Users\фыа\Documents\Obsidian Vault\Programs\JobMatrix\api\routes\notifications.py", line 24, in list_events
    q = q.filter(Event.read_at.is_(None))
  File "<string>", line 2, in filter
  File "C:\Users\фыа\AppData\Local\Programs\Python\Python314\Lib\site-packages\sqlalchemy\sql\base.py", line 284, in _generative
    x = fn(self, *args, **kw)
  File "<string>", line 2, in filter
  File "C:\Users\фыа\AppData\Local\Programs\Python\Python314\Lib\site-packages\sqlalchemy\orm\base.py", line 303, in generate
    assertion(self, fn.__name__)
    ~~~~~~~~~^^^^^^^^^^^^^^^^^^^
  File "C:\Users\фыа\AppData\Local\Programs\Python\Python314\Lib\site-packages\sqlalchemy\orm\query.py", line 444, in _no_limit_offset
    raise sa_exc.InvalidRequestError(
    ...<3 lines>...
    )
sqlalchemy.exc.InvalidRequestError: Query.filter() being called on a Query which already has LIMIT or OFFSET applied.  Call filter() before limit() or offset() are applied.
INFO:     127.0.0.1:63692 - "GET /api/vacancies HTTP/1.1" 200 OK
INFO:     127.0.0.1:52950 - "GET /api/notifications?unread=1 HTTP/1.1" 500 Internal Server Error
ERROR:    Exception in ASGI application
Traceback (most recent call last):
  File "C:\Users\фыа\AppData\Local\Programs\Python\Python314\Lib\site-packages\uvicorn\protocols\http\httptools_impl.py", line 422, in run_asgi
    result = await app(  # type: ignore[func-returns-value]
             ^^^^^^^^^^^^^^^^^^^^^^^^^^^^^^^^^^^^^^^^^^^^^^
        self.scope, self.receive, self.send
        ^^^^^^^^^^^^^^^^^^^^^^^^^^^^^^^^^^^
    )
    ^
  File "C:\Users\фыа\AppData\Local\Programs\Python\Python314\Lib\site-packages\uvicorn\middleware\proxy_headers.py", line 63, in __call__
    return await self.app(scope, receive, send)
           ^^^^^^^^^^^^^^^^^^^^^^^^^^^^^^^^^^^^
  File "C:\Users\фыа\AppData\Local\Programs\Python\Python314\Lib\site-packages\fastapi\applications.py", line 1163, in __call__
    await super().__call__(scope, receive, send)
  File "C:\Users\фыа\AppData\Local\Programs\Python\Python314\Lib\site-packages\starlette\applications.py", line 96, in __call__
    await self.middleware_stack(scope, receive, send)
  File "C:\Users\фыа\AppData\Local\Programs\Python\Python314\Lib\site-packages\starlette\middleware\errors.py", line 186, in __call__
    raise exc
  File "C:\Users\фыа\AppData\Local\Programs\Python\Python314\Lib\site-packages\starlette\middleware\errors.py", line 164, in __call__
    await self.app(scope, receive, _send)
  File "C:\Users\фыа\AppData\Local\Programs\Python\Python314\Lib\site-packages\starlette\middleware\cors.py", line 88, in __call__
    await self.app(scope, receive, send)
  File "C:\Users\фыа\AppData\Local\Programs\Python\Python314\Lib\site-packages\starlette\middleware\exceptions.py", line 63, in __call__
    await wrap_app_handling_exceptions(self.app, conn)(scope, receive, send)
  File "C:\Users\фыа\AppData\Local\Programs\Python\Python314\Lib\site-packages\starlette\_exception_handler.py", line 53, in wrapped_app
    raise exc
  File "C:\Users\фыа\AppData\Local\Programs\Python\Python314\Lib\site-packages\starlette\_exception_handler.py", line 42, in wrapped_app
    await app(scope, receive, sender)
  File "C:\Users\фыа\AppData\Local\Programs\Python\Python314\Lib\site-packages\fastapi\middleware\asyncexitstack.py", line 18, in __call__
    await self.app(scope, receive, send)
  File "C:\Users\фыа\AppData\Local\Programs\Python\Python314\Lib\site-packages\starlette\routing.py", line 670, in __call__
    await self.middleware_stack(scope, receive, send)
  File "C:\Users\фыа\AppData\Local\Programs\Python\Python314\Lib\site-packages\fastapi\routing.py", line 2734, in app
    await route.handle(scope, receive, send)
  File "C:\Users\фыа\AppData\Local\Programs\Python\Python314\Lib\site-packages\fastapi\routing.py", line 1780, in handle
    await self.original_router.handle(scope, receive, send)
  File "C:\Users\фыа\AppData\Local\Programs\Python\Python314\Lib\site-packages\fastapi\routing.py", line 2789, in handle
    await included_router._handle_selected(scope, receive, send)
  File "C:\Users\фыа\AppData\Local\Programs\Python\Python314\Lib\site-packages\fastapi\routing.py", line 1800, in _handle_selected
    await original_route.handle(scope, receive, send)
  File "C:\Users\фыа\AppData\Local\Programs\Python\Python314\Lib\site-packages\fastapi\routing.py", line 1279, in handle
    await app(scope, receive, send)
  File "C:\Users\фыа\AppData\Local\Programs\Python\Python314\Lib\site-packages\fastapi\routing.py", line 158, in app
    await wrap_app_handling_exceptions(app, request)(scope, receive, send)
  File "C:\Users\фыа\AppData\Local\Programs\Python\Python314\Lib\site-packages\starlette\_exception_handler.py", line 53, in wrapped_app
    raise exc
  File "C:\Users\фыа\AppData\Local\Programs\Python\Python314\Lib\site-packages\starlette\_exception_handler.py", line 42, in wrapped_app
    await app(scope, receive, sender)
  File "C:\Users\фыа\AppData\Local\Programs\Python\Python314\Lib\site-packages\fastapi\routing.py", line 144, in app
    response = await f(request)
               ^^^^^^^^^^^^^^^^
  File "C:\Users\фыа\AppData\Local\Programs\Python\Python314\Lib\site-packages\fastapi\routing.py", line 706, in app
    raw_response = await run_endpoint_function(
                   ^^^^^^^^^^^^^^^^^^^^^^^^^^^^
    ...<3 lines>...
    )
    ^
  File "C:\Users\фыа\AppData\Local\Programs\Python\Python314\Lib\site-packages\fastapi\routing.py", line 354, in run_endpoint_function
    return await run_in_threadpool(dependant.call, **values)
           ^^^^^^^^^^^^^^^^^^^^^^^^^^^^^^^^^^^^^^^^^^^^^^^^^
  File "C:\Users\фыа\AppData\Local\Programs\Python\Python314\Lib\site-packages\starlette\concurrency.py", line 34, in run_in_threadpool
    return await anyio.to_thread.run_sync(func)
           ^^^^^^^^^^^^^^^^^^^^^^^^^^^^^^^^^^^^
  File "C:\Users\фыа\AppData\Local\Programs\Python\Python314\Lib\site-packages\anyio\to_thread.py", line 63, in run_sync
    return await get_async_backend().run_sync_in_worker_thread(
           ^^^^^^^^^^^^^^^^^^^^^^^^^^^^^^^^^^^^^^^^^^^^^^^^^^^^
        func, args, abandon_on_cancel=abandon_on_cancel, limiter=limiter
        ^^^^^^^^^^^^^^^^^^^^^^^^^^^^^^^^^^^^^^^^^^^^^^^^^^^^^^^^^^^^^^^^
    )
    ^
  File "C:\Users\фыа\AppData\Local\Programs\Python\Python314\Lib\site-packages\anyio\_backends\_asyncio.py", line 2596, in run_sync_in_worker_thread
    return await future
           ^^^^^^^^^^^^
  File "C:\Users\фыа\AppData\Local\Programs\Python\Python314\Lib\site-packages\anyio\_backends\_asyncio.py", line 1029, in run
    result = context.run(func, *args)
  File "C:\Users\фыа\Documents\Obsidian Vault\Programs\JobMatrix\api\routes\notifications.py", line 24, in list_events
    q = q.filter(Event.read_at.is_(None))
  File "<string>", line 2, in filter
  File "C:\Users\фыа\AppData\Local\Programs\Python\Python314\Lib\site-packages\sqlalchemy\sql\base.py", line 284, in _generative
    x = fn(self, *args, **kw)
  File "<string>", line 2, in filter
  File "C:\Users\фыа\AppData\Local\Programs\Python\Python314\Lib\site-packages\sqlalchemy\orm\base.py", line 303, in generate
    assertion(self, fn.__name__)
    ~~~~~~~~~^^^^^^^^^^^^^^^^^^^
  File "C:\Users\фыа\AppData\Local\Programs\Python\Python314\Lib\site-packages\sqlalchemy\orm\query.py", line 444, in _no_limit_offset
    raise sa_exc.InvalidRequestError(
    ...<3 lines>...
    )
sqlalchemy.exc.InvalidRequestError: Query.filter() being called on a Query which already has LIMIT or OFFSET applied.  Call filter() before limit() or offset() are applied.
INFO:     127.0.0.1:59574 - "GET /api/vacancies HTTP/1.1" 200 OK
INFO:     127.0.0.1:63692 - "GET /api/notifications?unread=1 HTTP/1.1" 500 Internal Server Error
ERROR:    Exception in ASGI application
Traceback (most recent call last):
  File "C:\Users\фыа\AppData\Local\Programs\Python\Python314\Lib\site-packages\uvicorn\protocols\http\httptools_impl.py", line 422, in run_asgi
    result = await app(  # type: ignore[func-returns-value]
             ^^^^^^^^^^^^^^^^^^^^^^^^^^^^^^^^^^^^^^^^^^^^^^
        self.scope, self.receive, self.send
        ^^^^^^^^^^^^^^^^^^^^^^^^^^^^^^^^^^^
    )
    ^
  File "C:\Users\фыа\AppData\Local\Programs\Python\Python314\Lib\site-packages\uvicorn\middleware\proxy_headers.py", line 63, in __call__
    return await self.app(scope, receive, send)
           ^^^^^^^^^^^^^^^^^^^^^^^^^^^^^^^^^^^^
  File "C:\Users\фыа\AppData\Local\Programs\Python\Python314\Lib\site-packages\fastapi\applications.py", line 1163, in __call__
    await super().__call__(scope, receive, send)
  File "C:\Users\фыа\AppData\Local\Programs\Python\Python314\Lib\site-packages\starlette\applications.py", line 96, in __call__
    await self.middleware_stack(scope, receive, send)
  File "C:\Users\фыа\AppData\Local\Programs\Python\Python314\Lib\site-packages\starlette\middleware\errors.py", line 186, in __call__
    raise exc
  File "C:\Users\фыа\AppData\Local\Programs\Python\Python314\Lib\site-packages\starlette\middleware\errors.py", line 164, in __call__
    await self.app(scope, receive, _send)
  File "C:\Users\фыа\AppData\Local\Programs\Python\Python314\Lib\site-packages\starlette\middleware\cors.py", line 88, in __call__
    await self.app(scope, receive, send)
  File "C:\Users\фыа\AppData\Local\Programs\Python\Python314\Lib\site-packages\starlette\middleware\exceptions.py", line 63, in __call__
    await wrap_app_handling_exceptions(self.app, conn)(scope, receive, send)
  File "C:\Users\фыа\AppData\Local\Programs\Python\Python314\Lib\site-packages\starlette\_exception_handler.py", line 53, in wrapped_app
    raise exc
  File "C:\Users\фыа\AppData\Local\Programs\Python\Python314\Lib\site-packages\starlette\_exception_handler.py", line 42, in wrapped_app
    await app(scope, receive, sender)
  File "C:\Users\фыа\AppData\Local\Programs\Python\Python314\Lib\site-packages\fastapi\middleware\asyncexitstack.py", line 18, in __call__
    await self.app(scope, receive, send)
  File "C:\Users\фыа\AppData\Local\Programs\Python\Python314\Lib\site-packages\starlette\routing.py", line 670, in __call__
    await self.middleware_stack(scope, receive, send)
  File "C:\Users\фыа\AppData\Local\Programs\Python\Python314\Lib\site-packages\fastapi\routing.py", line 2734, in app
    await route.handle(scope, receive, send)
  File "C:\Users\фыа\AppData\Local\Programs\Python\Python314\Lib\site-packages\fastapi\routing.py", line 1780, in handle
    await self.original_router.handle(scope, receive, send)
  File "C:\Users\фыа\AppData\Local\Programs\Python\Python314\Lib\site-packages\fastapi\routing.py", line 2789, in handle
    await included_router._handle_selected(scope, receive, send)
  File "C:\Users\фыа\AppData\Local\Programs\Python\Python314\Lib\site-packages\fastapi\routing.py", line 1800, in _handle_selected
    await original_route.handle(scope, receive, send)
  File "C:\Users\фыа\AppData\Local\Programs\Python\Python314\Lib\site-packages\fastapi\routing.py", line 1279, in handle
    await app(scope, receive, send)
  File "C:\Users\фыа\AppData\Local\Programs\Python\Python314\Lib\site-packages\fastapi\routing.py", line 158, in app
    await wrap_app_handling_exceptions(app, request)(scope, receive, send)
  File "C:\Users\фыа\AppData\Local\Programs\Python\Python314\Lib\site-packages\starlette\_exception_handler.py", line 53, in wrapped_app
    raise exc
  File "C:\Users\фыа\AppData\Local\Programs\Python\Python314\Lib\site-packages\starlette\_exception_handler.py", line 42, in wrapped_app
    await app(scope, receive, sender)
  File "C:\Users\фыа\AppData\Local\Programs\Python\Python314\Lib\site-packages\fastapi\routing.py", line 144, in app
    response = await f(request)
               ^^^^^^^^^^^^^^^^
  File "C:\Users\фыа\AppData\Local\Programs\Python\Python314\Lib\site-packages\fastapi\routing.py", line 706, in app
    raw_response = await run_endpoint_function(
                   ^^^^^^^^^^^^^^^^^^^^^^^^^^^^
    ...<3 lines>...
    )
    ^
  File "C:\Users\фыа\AppData\Local\Programs\Python\Python314\Lib\site-packages\fastapi\routing.py", line 354, in run_endpoint_function
    return await run_in_threadpool(dependant.call, **values)
           ^^^^^^^^^^^^^^^^^^^^^^^^^^^^^^^^^^^^^^^^^^^^^^^^^
  File "C:\Users\фыа\AppData\Local\Programs\Python\Python314\Lib\site-packages\starlette\concurrency.py", line 34, in run_in_threadpool
    return await anyio.to_thread.run_sync(func)
           ^^^^^^^^^^^^^^^^^^^^^^^^^^^^^^^^^^^^
  File "C:\Users\фыа\AppData\Local\Programs\Python\Python314\Lib\site-packages\anyio\to_thread.py", line 63, in run_sync
    return await get_async_backend().run_sync_in_worker_thread(
           ^^^^^^^^^^^^^^^^^^^^^^^^^^^^^^^^^^^^^^^^^^^^^^^^^^^^
        func, args, abandon_on_cancel=abandon_on_cancel, limiter=limiter
        ^^^^^^^^^^^^^^^^^^^^^^^^^^^^^^^^^^^^^^^^^^^^^^^^^^^^^^^^^^^^^^^^
    )
    ^
  File "C:\Users\фыа\AppData\Local\Programs\Python\Python314\Lib\site-packages\anyio\_backends\_asyncio.py", line 2596, in run_sync_in_worker_thread
    return await future
           ^^^^^^^^^^^^
  File "C:\Users\фыа\AppData\Local\Programs\Python\Python314\Lib\site-packages\anyio\_backends\_asyncio.py", line 1029, in run
    result = context.run(func, *args)
  File "C:\Users\фыа\Documents\Obsidian Vault\Programs\JobMatrix\api\routes\notifications.py", line 24, in list_events
    q = q.filter(Event.read_at.is_(None))
  File "<string>", line 2, in filter
  File "C:\Users\фыа\AppData\Local\Programs\Python\Python314\Lib\site-packages\sqlalchemy\sql\base.py", line 284, in _generative
    x = fn(self, *args, **kw)
  File "<string>", line 2, in filter
  File "C:\Users\фыа\AppData\Local\Programs\Python\Python314\Lib\site-packages\sqlalchemy\orm\base.py", line 303, in generate
    assertion(self, fn.__name__)
    ~~~~~~~~~^^^^^^^^^^^^^^^^^^^
  File "C:\Users\фыа\AppData\Local\Programs\Python\Python314\Lib\site-packages\sqlalchemy\orm\query.py", line 444, in _no_limit_offset
    raise sa_exc.InvalidRequestError(
    ...<3 lines>...
    )
sqlalchemy.exc.InvalidRequestError: Query.filter() being called on a Query which already has LIMIT or OFFSET applied.  Call filter() before limit() or offset() are applied.
INFO:     127.0.0.1:59574 - "GET /api/vacancies HTTP/1.1" 200 OK
INFO:     127.0.0.1:60016 - "GET /api/notifications?unread=1 HTTP/1.1" 500 Internal Server Error
ERROR:    Exception in ASGI application
Traceback (most recent call last):
  File "C:\Users\фыа\AppData\Local\Programs\Python\Python314\Lib\site-packages\uvicorn\protocols\http\httptools_impl.py", line 422, in run_asgi
    result = await app(  # type: ignore[func-returns-value]
             ^^^^^^^^^^^^^^^^^^^^^^^^^^^^^^^^^^^^^^^^^^^^^^
        self.scope, self.receive, self.send
        ^^^^^^^^^^^^^^^^^^^^^^^^^^^^^^^^^^^
    )
    ^
  File "C:\Users\фыа\AppData\Local\Programs\Python\Python314\Lib\site-packages\uvicorn\middleware\proxy_headers.py", line 63, in __call__
    return await self.app(scope, receive, send)
           ^^^^^^^^^^^^^^^^^^^^^^^^^^^^^^^^^^^^
  File "C:\Users\фыа\AppData\Local\Programs\Python\Python314\Lib\site-packages\fastapi\applications.py", line 1163, in __call__
    await super().__call__(scope, receive, send)
  File "C:\Users\фыа\AppData\Local\Programs\Python\Python314\Lib\site-packages\starlette\applications.py", line 96, in __call__
    await self.middleware_stack(scope, receive, send)
  File "C:\Users\фыа\AppData\Local\Programs\Python\Python314\Lib\site-packages\starlette\middleware\errors.py", line 186, in __call__
    raise exc
  File "C:\Users\фыа\AppData\Local\Programs\Python\Python314\Lib\site-packages\starlette\middleware\errors.py", line 164, in __call__
    await self.app(scope, receive, _send)
  File "C:\Users\фыа\AppData\Local\Programs\Python\Python314\Lib\site-packages\starlette\middleware\cors.py", line 88, in __call__
    await self.app(scope, receive, send)
  File "C:\Users\фыа\AppData\Local\Programs\Python\Python314\Lib\site-packages\starlette\middleware\exceptions.py", line 63, in __call__
    await wrap_app_handling_exceptions(self.app, conn)(scope, receive, send)
  File "C:\Users\фыа\AppData\Local\Programs\Python\Python314\Lib\site-packages\starlette\_exception_handler.py", line 53, in wrapped_app
    raise exc
  File "C:\Users\фыа\AppData\Local\Programs\Python\Python314\Lib\site-packages\starlette\_exception_handler.py", line 42, in wrapped_app
    await app(scope, receive, sender)
  File "C:\Users\фыа\AppData\Local\Programs\Python\Python314\Lib\site-packages\fastapi\middleware\asyncexitstack.py", line 18, in __call__
    await self.app(scope, receive, send)
  File "C:\Users\фыа\AppData\Local\Programs\Python\Python314\Lib\site-packages\starlette\routing.py", line 670, in __call__
    await self.middleware_stack(scope, receive, send)
  File "C:\Users\фыа\AppData\Local\Programs\Python\Python314\Lib\site-packages\fastapi\routing.py", line 2734, in app
    await route.handle(scope, receive, send)
  File "C:\Users\фыа\AppData\Local\Programs\Python\Python314\Lib\site-packages\fastapi\routing.py", line 1780, in handle
    await self.original_router.handle(scope, receive, send)
  File "C:\Users\фыа\AppData\Local\Programs\Python\Python314\Lib\site-packages\fastapi\routing.py", line 2789, in handle
    await included_router._handle_selected(scope, receive, send)
  File "C:\Users\фыа\AppData\Local\Programs\Python\Python314\Lib\site-packages\fastapi\routing.py", line 1800, in _handle_selected
    await original_route.handle(scope, receive, send)
  File "C:\Users\фыа\AppData\Local\Programs\Python\Python314\Lib\site-packages\fastapi\routing.py", line 1279, in handle
    await app(scope, receive, send)
  File "C:\Users\фыа\AppData\Local\Programs\Python\Python314\Lib\site-packages\fastapi\routing.py", line 158, in app
    await wrap_app_handling_exceptions(app, request)(scope, receive, send)
  File "C:\Users\фыа\AppData\Local\Programs\Python\Python314\Lib\site-packages\starlette\_exception_handler.py", line 53, in wrapped_app
    raise exc
  File "C:\Users\фыа\AppData\Local\Programs\Python\Python314\Lib\site-packages\starlette\_exception_handler.py", line 42, in wrapped_app
    await app(scope, receive, sender)
  File "C:\Users\фыа\AppData\Local\Programs\Python\Python314\Lib\site-packages\fastapi\routing.py", line 144, in app
    response = await f(request)
               ^^^^^^^^^^^^^^^^
  File "C:\Users\фыа\AppData\Local\Programs\Python\Python314\Lib\site-packages\fastapi\routing.py", line 706, in app
    raw_response = await run_endpoint_function(
                   ^^^^^^^^^^^^^^^^^^^^^^^^^^^^
    ...<3 lines>...
    )
    ^
  File "C:\Users\фыа\AppData\Local\Programs\Python\Python314\Lib\site-packages\fastapi\routing.py", line 354, in run_endpoint_function
    return await run_in_threadpool(dependant.call, **values)
           ^^^^^^^^^^^^^^^^^^^^^^^^^^^^^^^^^^^^^^^^^^^^^^^^^
  File "C:\Users\фыа\AppData\Local\Programs\Python\Python314\Lib\site-packages\starlette\concurrency.py", line 34, in run_in_threadpool
    return await anyio.to_thread.run_sync(func)
           ^^^^^^^^^^^^^^^^^^^^^^^^^^^^^^^^^^^^
  File "C:\Users\фыа\AppData\Local\Programs\Python\Python314\Lib\site-packages\anyio\to_thread.py", line 63, in run_sync
    return await get_async_backend().run_sync_in_worker_thread(
           ^^^^^^^^^^^^^^^^^^^^^^^^^^^^^^^^^^^^^^^^^^^^^^^^^^^^
        func, args, abandon_on_cancel=abandon_on_cancel, limiter=limiter
        ^^^^^^^^^^^^^^^^^^^^^^^^^^^^^^^^^^^^^^^^^^^^^^^^^^^^^^^^^^^^^^^^
    )
    ^
  File "C:\Users\фыа\AppData\Local\Programs\Python\Python314\Lib\site-packages\anyio\_backends\_asyncio.py", line 2596, in run_sync_in_worker_thread
    return await future
           ^^^^^^^^^^^^
  File "C:\Users\фыа\AppData\Local\Programs\Python\Python314\Lib\site-packages\anyio\_backends\_asyncio.py", line 1029, in run
    result = context.run(func, *args)
  File "C:\Users\фыа\Documents\Obsidian Vault\Programs\JobMatrix\api\routes\notifications.py", line 24, in list_events
    q = q.filter(Event.read_at.is_(None))
  File "<string>", line 2, in filter
  File "C:\Users\фыа\AppData\Local\Programs\Python\Python314\Lib\site-packages\sqlalchemy\sql\base.py", line 284, in _generative
    x = fn(self, *args, **kw)
  File "<string>", line 2, in filter
  File "C:\Users\фыа\AppData\Local\Programs\Python\Python314\Lib\site-packages\sqlalchemy\orm\base.py", line 303, in generate
    assertion(self, fn.__name__)
    ~~~~~~~~~^^^^^^^^^^^^^^^^^^^
  File "C:\Users\фыа\AppData\Local\Programs\Python\Python314\Lib\site-packages\sqlalchemy\orm\query.py", line 444, in _no_limit_offset
    raise sa_exc.InvalidRequestError(
    ...<3 lines>...
    )
sqlalchemy.exc.InvalidRequestError: Query.filter() being called on a Query which already has LIMIT or OFFSET applied.  Call filter() before limit() or offset() are applied.
INFO:     127.0.0.1:62621 - "GET /api/vacancies HTTP/1.1" 200 OK
INFO:     127.0.0.1:59574 - "GET /api/notifications?unread=1 HTTP/1.1" 500 Internal Server Error
ERROR:    Exception in ASGI application
Traceback (most recent call last):
  File "C:\Users\фыа\AppData\Local\Programs\Python\Python314\Lib\site-packages\uvicorn\protocols\http\httptools_impl.py", line 422, in run_asgi
    result = await app(  # type: ignore[func-returns-value]
             ^^^^^^^^^^^^^^^^^^^^^^^^^^^^^^^^^^^^^^^^^^^^^^
        self.scope, self.receive, self.send
        ^^^^^^^^^^^^^^^^^^^^^^^^^^^^^^^^^^^
    )
    ^
  File "C:\Users\фыа\AppData\Local\Programs\Python\Python314\Lib\site-packages\uvicorn\middleware\proxy_headers.py", line 63, in __call__
    return await self.app(scope, receive, send)
           ^^^^^^^^^^^^^^^^^^^^^^^^^^^^^^^^^^^^
  File "C:\Users\фыа\AppData\Local\Programs\Python\Python314\Lib\site-packages\fastapi\applications.py", line 1163, in __call__
    await super().__call__(scope, receive, send)
  File "C:\Users\фыа\AppData\Local\Programs\Python\Python314\Lib\site-packages\starlette\applications.py", line 96, in __call__
    await self.middleware_stack(scope, receive, send)
  File "C:\Users\фыа\AppData\Local\Programs\Python\Python314\Lib\site-packages\starlette\middleware\errors.py", line 186, in __call__
    raise exc
  File "C:\Users\фыа\AppData\Local\Programs\Python\Python314\Lib\site-packages\starlette\middleware\errors.py", line 164, in __call__
    await self.app(scope, receive, _send)
  File "C:\Users\фыа\AppData\Local\Programs\Python\Python314\Lib\site-packages\starlette\middleware\cors.py", line 88, in __call__
    await self.app(scope, receive, send)
  File "C:\Users\фыа\AppData\Local\Programs\Python\Python314\Lib\site-packages\starlette\middleware\exceptions.py", line 63, in __call__
    await wrap_app_handling_exceptions(self.app, conn)(scope, receive, send)
  File "C:\Users\фыа\AppData\Local\Programs\Python\Python314\Lib\site-packages\starlette\_exception_handler.py", line 53, in wrapped_app
    raise exc
  File "C:\Users\фыа\AppData\Local\Programs\Python\Python314\Lib\site-packages\starlette\_exception_handler.py", line 42, in wrapped_app
    await app(scope, receive, sender)
  File "C:\Users\фыа\AppData\Local\Programs\Python\Python314\Lib\site-packages\fastapi\middleware\asyncexitstack.py", line 18, in __call__
    await self.app(scope, receive, send)
  File "C:\Users\фыа\AppData\Local\Programs\Python\Python314\Lib\site-packages\starlette\routing.py", line 670, in __call__
    await self.middleware_stack(scope, receive, send)
  File "C:\Users\фыа\AppData\Local\Programs\Python\Python314\Lib\site-packages\fastapi\routing.py", line 2734, in app
    await route.handle(scope, receive, send)
  File "C:\Users\фыа\AppData\Local\Programs\Python\Python314\Lib\site-packages\fastapi\routing.py", line 1780, in handle
    await self.original_router.handle(scope, receive, send)
  File "C:\Users\фыа\AppData\Local\Programs\Python\Python314\Lib\site-packages\fastapi\routing.py", line 2789, in handle
    await included_router._handle_selected(scope, receive, send)
  File "C:\Users\фыа\AppData\Local\Programs\Python\Python314\Lib\site-packages\fastapi\routing.py", line 1800, in _handle_selected
    await original_route.handle(scope, receive, send)
  File "C:\Users\фыа\AppData\Local\Programs\Python\Python314\Lib\site-packages\fastapi\routing.py", line 1279, in handle
    await app(scope, receive, send)
  File "C:\Users\фыа\AppData\Local\Programs\Python\Python314\Lib\site-packages\fastapi\routing.py", line 158, in app
    await wrap_app_handling_exceptions(app, request)(scope, receive, send)
  File "C:\Users\фыа\AppData\Local\Programs\Python\Python314\Lib\site-packages\starlette\_exception_handler.py", line 53, in wrapped_app
    raise exc
  File "C:\Users\фыа\AppData\Local\Programs\Python\Python314\Lib\site-packages\starlette\_exception_handler.py", line 42, in wrapped_app
    await app(scope, receive, sender)
  File "C:\Users\фыа\AppData\Local\Programs\Python\Python314\Lib\site-packages\fastapi\routing.py", line 144, in app
    response = await f(request)
               ^^^^^^^^^^^^^^^^
  File "C:\Users\фыа\AppData\Local\Programs\Python\Python314\Lib\site-packages\fastapi\routing.py", line 706, in app
    raw_response = await run_endpoint_function(
                   ^^^^^^^^^^^^^^^^^^^^^^^^^^^^
    ...<3 lines>...
    )
    ^
  File "C:\Users\фыа\AppData\Local\Programs\Python\Python314\Lib\site-packages\fastapi\routing.py", line 354, in run_endpoint_function
    return await run_in_threadpool(dependant.call, **values)
           ^^^^^^^^^^^^^^^^^^^^^^^^^^^^^^^^^^^^^^^^^^^^^^^^^
  File "C:\Users\фыа\AppData\Local\Programs\Python\Python314\Lib\site-packages\starlette\concurrency.py", line 34, in run_in_threadpool
    return await anyio.to_thread.run_sync(func)
           ^^^^^^^^^^^^^^^^^^^^^^^^^^^^^^^^^^^^
  File "C:\Users\фыа\AppData\Local\Programs\Python\Python314\Lib\site-packages\anyio\to_thread.py", line 63, in run_sync
    return await get_async_backend().run_sync_in_worker_thread(
           ^^^^^^^^^^^^^^^^^^^^^^^^^^^^^^^^^^^^^^^^^^^^^^^^^^^^
        func, args, abandon_on_cancel=abandon_on_cancel, limiter=limiter
        ^^^^^^^^^^^^^^^^^^^^^^^^^^^^^^^^^^^^^^^^^^^^^^^^^^^^^^^^^^^^^^^^
    )
    ^
  File "C:\Users\фыа\AppData\Local\Programs\Python\Python314\Lib\site-packages\anyio\_backends\_asyncio.py", line 2596, in run_sync_in_worker_thread
    return await future
           ^^^^^^^^^^^^
  File "C:\Users\фыа\AppData\Local\Programs\Python\Python314\Lib\site-packages\anyio\_backends\_asyncio.py", line 1029, in run
    result = context.run(func, *args)
  File "C:\Users\фыа\Documents\Obsidian Vault\Programs\JobMatrix\api\routes\notifications.py", line 24, in list_events
    q = q.filter(Event.read_at.is_(None))
  File "<string>", line 2, in filter
  File "C:\Users\фыа\AppData\Local\Programs\Python\Python314\Lib\site-packages\sqlalchemy\sql\base.py", line 284, in _generative
    x = fn(self, *args, **kw)
  File "<string>", line 2, in filter
  File "C:\Users\фыа\AppData\Local\Programs\Python\Python314\Lib\site-packages\sqlalchemy\orm\base.py", line 303, in generate
    assertion(self, fn.__name__)
    ~~~~~~~~~^^^^^^^^^^^^^^^^^^^
  File "C:\Users\фыа\AppData\Local\Programs\Python\Python314\Lib\site-packages\sqlalchemy\orm\query.py", line 444, in _no_limit_offset
    raise sa_exc.InvalidRequestError(
    ...<3 lines>...
    )
sqlalchemy.exc.InvalidRequestError: Query.filter() being called on a Query which already has LIMIT or OFFSET applied.  Call filter() before limit() or offset() are applied.
INFO:     127.0.0.1:53114 - "GET /api/vacancies HTTP/1.1" 200 OK
INFO:     127.0.0.1:62621 - "GET /api/notifications?unread=1 HTTP/1.1" 500 Internal Server Error
ERROR:    Exception in ASGI application
Traceback (most recent call last):
  File "C:\Users\фыа\AppData\Local\Programs\Python\Python314\Lib\site-packages\uvicorn\protocols\http\httptools_impl.py", line 422, in run_asgi
    result = await app(  # type: ignore[func-returns-value]
             ^^^^^^^^^^^^^^^^^^^^^^^^^^^^^^^^^^^^^^^^^^^^^^
        self.scope, self.receive, self.send
        ^^^^^^^^^^^^^^^^^^^^^^^^^^^^^^^^^^^
    )
    ^
  File "C:\Users\фыа\AppData\Local\Programs\Python\Python314\Lib\site-packages\uvicorn\middleware\proxy_headers.py", line 63, in __call__
    return await self.app(scope, receive, send)
           ^^^^^^^^^^^^^^^^^^^^^^^^^^^^^^^^^^^^
  File "C:\Users\фыа\AppData\Local\Programs\Python\Python314\Lib\site-packages\fastapi\applications.py", line 1163, in __call__
    await super().__call__(scope, receive, send)
  File "C:\Users\фыа\AppData\Local\Programs\Python\Python314\Lib\site-packages\starlette\applications.py", line 96, in __call__
    await self.middleware_stack(scope, receive, send)
  File "C:\Users\фыа\AppData\Local\Programs\Python\Python314\Lib\site-packages\starlette\middleware\errors.py", line 186, in __call__
    raise exc
  File "C:\Users\фыа\AppData\Local\Programs\Python\Python314\Lib\site-packages\starlette\middleware\errors.py", line 164, in __call__
    await self.app(scope, receive, _send)
  File "C:\Users\фыа\AppData\Local\Programs\Python\Python314\Lib\site-packages\starlette\middleware\cors.py", line 88, in __call__
    await self.app(scope, receive, send)
  File "C:\Users\фыа\AppData\Local\Programs\Python\Python314\Lib\site-packages\starlette\middleware\exceptions.py", line 63, in __call__
    await wrap_app_handling_exceptions(self.app, conn)(scope, receive, send)
  File "C:\Users\фыа\AppData\Local\Programs\Python\Python314\Lib\site-packages\starlette\_exception_handler.py", line 53, in wrapped_app
    raise exc
  File "C:\Users\фыа\AppData\Local\Programs\Python\Python314\Lib\site-packages\starlette\_exception_handler.py", line 42, in wrapped_app
    await app(scope, receive, sender)
  File "C:\Users\фыа\AppData\Local\Programs\Python\Python314\Lib\site-packages\fastapi\middleware\asyncexitstack.py", line 18, in __call__
    await self.app(scope, receive, send)
  File "C:\Users\фыа\AppData\Local\Programs\Python\Python314\Lib\site-packages\starlette\routing.py", line 670, in __call__
    await self.middleware_stack(scope, receive, send)
  File "C:\Users\фыа\AppData\Local\Programs\Python\Python314\Lib\site-packages\fastapi\routing.py", line 2734, in app
    await route.handle(scope, receive, send)
  File "C:\Users\фыа\AppData\Local\Programs\Python\Python314\Lib\site-packages\fastapi\routing.py", line 1780, in handle
    await self.original_router.handle(scope, receive, send)
  File "C:\Users\фыа\AppData\Local\Programs\Python\Python314\Lib\site-packages\fastapi\routing.py", line 2789, in handle
    await included_router._handle_selected(scope, receive, send)
  File "C:\Users\фыа\AppData\Local\Programs\Python\Python314\Lib\site-packages\fastapi\routing.py", line 1800, in _handle_selected
    await original_route.handle(scope, receive, send)
  File "C:\Users\фыа\AppData\Local\Programs\Python\Python314\Lib\site-packages\fastapi\routing.py", line 1279, in handle
    await app(scope, receive, send)
  File "C:\Users\фыа\AppData\Local\Programs\Python\Python314\Lib\site-packages\fastapi\routing.py", line 158, in app
    await wrap_app_handling_exceptions(app, request)(scope, receive, send)
  File "C:\Users\фыа\AppData\Local\Programs\Python\Python314\Lib\site-packages\starlette\_exception_handler.py", line 53, in wrapped_app
    raise exc
  File "C:\Users\фыа\AppData\Local\Programs\Python\Python314\Lib\site-packages\starlette\_exception_handler.py", line 42, in wrapped_app
    await app(scope, receive, sender)
  File "C:\Users\фыа\AppData\Local\Programs\Python\Python314\Lib\site-packages\fastapi\routing.py", line 144, in app
    response = await f(request)
               ^^^^^^^^^^^^^^^^
  File "C:\Users\фыа\AppData\Local\Programs\Python\Python314\Lib\site-packages\fastapi\routing.py", line 706, in app
    raw_response = await run_endpoint_function(
                   ^^^^^^^^^^^^^^^^^^^^^^^^^^^^
    ...<3 lines>...
    )
    ^
  File "C:\Users\фыа\AppData\Local\Programs\Python\Python314\Lib\site-packages\fastapi\routing.py", line 354, in run_endpoint_function
    return await run_in_threadpool(dependant.call, **values)
           ^^^^^^^^^^^^^^^^^^^^^^^^^^^^^^^^^^^^^^^^^^^^^^^^^
  File "C:\Users\фыа\AppData\Local\Programs\Python\Python314\Lib\site-packages\starlette\concurrency.py", line 34, in run_in_threadpool
    return await anyio.to_thread.run_sync(func)
           ^^^^^^^^^^^^^^^^^^^^^^^^^^^^^^^^^^^^
  File "C:\Users\фыа\AppData\Local\Programs\Python\Python314\Lib\site-packages\anyio\to_thread.py", line 63, in run_sync
    return await get_async_backend().run_sync_in_worker_thread(
           ^^^^^^^^^^^^^^^^^^^^^^^^^^^^^^^^^^^^^^^^^^^^^^^^^^^^
        func, args, abandon_on_cancel=abandon_on_cancel, limiter=limiter
        ^^^^^^^^^^^^^^^^^^^^^^^^^^^^^^^^^^^^^^^^^^^^^^^^^^^^^^^^^^^^^^^^
    )
    ^
  File "C:\Users\фыа\AppData\Local\Programs\Python\Python314\Lib\site-packages\anyio\_backends\_asyncio.py", line 2596, in run_sync_in_worker_thread
    return await future
           ^^^^^^^^^^^^
  File "C:\Users\фыа\AppData\Local\Programs\Python\Python314\Lib\site-packages\anyio\_backends\_asyncio.py", line 1029, in run
    result = context.run(func, *args)
  File "C:\Users\фыа\Documents\Obsidian Vault\Programs\JobMatrix\api\routes\notifications.py", line 24, in list_events
    q = q.filter(Event.read_at.is_(None))
  File "<string>", line 2, in filter
  File "C:\Users\фыа\AppData\Local\Programs\Python\Python314\Lib\site-packages\sqlalchemy\sql\base.py", line 284, in _generative
    x = fn(self, *args, **kw)
  File "<string>", line 2, in filter
  File "C:\Users\фыа\AppData\Local\Programs\Python\Python314\Lib\site-packages\sqlalchemy\orm\base.py", line 303, in generate
    assertion(self, fn.__name__)
    ~~~~~~~~~^^^^^^^^^^^^^^^^^^^
  File "C:\Users\фыа\AppData\Local\Programs\Python\Python314\Lib\site-packages\sqlalchemy\orm\query.py", line 444, in _no_limit_offset
    raise sa_exc.InvalidRequestError(
    ...<3 lines>...
    )
sqlalchemy.exc.InvalidRequestError: Query.filter() being called on a Query which already has LIMIT or OFFSET applied.  Call filter() before limit() or offset() are applied.
INFO:     127.0.0.1:60594 - "GET /api/vacancies HTTP/1.1" 200 OK
INFO:     127.0.0.1:53114 - "GET /api/notifications?unread=1 HTTP/1.1" 500 Internal Server Error
ERROR:    Exception in ASGI application
Traceback (most recent call last):
  File "C:\Users\фыа\AppData\Local\Programs\Python\Python314\Lib\site-packages\uvicorn\protocols\http\httptools_impl.py", line 422, in run_asgi
    result = await app(  # type: ignore[func-returns-value]
             ^^^^^^^^^^^^^^^^^^^^^^^^^^^^^^^^^^^^^^^^^^^^^^
        self.scope, self.receive, self.send
        ^^^^^^^^^^^^^^^^^^^^^^^^^^^^^^^^^^^
    )
    ^
  File "C:\Users\фыа\AppData\Local\Programs\Python\Python314\Lib\site-packages\uvicorn\middleware\proxy_headers.py", line 63, in __call__
    return await self.app(scope, receive, send)
           ^^^^^^^^^^^^^^^^^^^^^^^^^^^^^^^^^^^^
  File "C:\Users\фыа\AppData\Local\Programs\Python\Python314\Lib\site-packages\fastapi\applications.py", line 1163, in __call__
    await super().__call__(scope, receive, send)
  File "C:\Users\фыа\AppData\Local\Programs\Python\Python314\Lib\site-packages\starlette\applications.py", line 96, in __call__
    await self.middleware_stack(scope, receive, send)
  File "C:\Users\фыа\AppData\Local\Programs\Python\Python314\Lib\site-packages\starlette\middleware\errors.py", line 186, in __call__
    raise exc
  File "C:\Users\фыа\AppData\Local\Programs\Python\Python314\Lib\site-packages\starlette\middleware\errors.py", line 164, in __call__
    await self.app(scope, receive, _send)
  File "C:\Users\фыа\AppData\Local\Programs\Python\Python314\Lib\site-packages\starlette\middleware\cors.py", line 88, in __call__
    await self.app(scope, receive, send)
  File "C:\Users\фыа\AppData\Local\Programs\Python\Python314\Lib\site-packages\starlette\middleware\exceptions.py", line 63, in __call__
    await wrap_app_handling_exceptions(self.app, conn)(scope, receive, send)
  File "C:\Users\фыа\AppData\Local\Programs\Python\Python314\Lib\site-packages\starlette\_exception_handler.py", line 53, in wrapped_app
    raise exc
  File "C:\Users\фыа\AppData\Local\Programs\Python\Python314\Lib\site-packages\starlette\_exception_handler.py", line 42, in wrapped_app
    await app(scope, receive, sender)
  File "C:\Users\фыа\AppData\Local\Programs\Python\Python314\Lib\site-packages\fastapi\middleware\asyncexitstack.py", line 18, in __call__
    await self.app(scope, receive, send)
  File "C:\Users\фыа\AppData\Local\Programs\Python\Python314\Lib\site-packages\starlette\routing.py", line 670, in __call__
    await self.middleware_stack(scope, receive, send)
  File "C:\Users\фыа\AppData\Local\Programs\Python\Python314\Lib\site-packages\fastapi\routing.py", line 2734, in app
    await route.handle(scope, receive, send)
  File "C:\Users\фыа\AppData\Local\Programs\Python\Python314\Lib\site-packages\fastapi\routing.py", line 1780, in handle
    await self.original_router.handle(scope, receive, send)
  File "C:\Users\фыа\AppData\Local\Programs\Python\Python314\Lib\site-packages\fastapi\routing.py", line 2789, in handle
    await included_router._handle_selected(scope, receive, send)
  File "C:\Users\фыа\AppData\Local\Programs\Python\Python314\Lib\site-packages\fastapi\routing.py", line 1800, in _handle_selected
    await original_route.handle(scope, receive, send)
  File "C:\Users\фыа\AppData\Local\Programs\Python\Python314\Lib\site-packages\fastapi\routing.py", line 1279, in handle
    await app(scope, receive, send)
  File "C:\Users\фыа\AppData\Local\Programs\Python\Python314\Lib\site-packages\fastapi\routing.py", line 158, in app
    await wrap_app_handling_exceptions(app, request)(scope, receive, send)
  File "C:\Users\фыа\AppData\Local\Programs\Python\Python314\Lib\site-packages\starlette\_exception_handler.py", line 53, in wrapped_app
    raise exc
  File "C:\Users\фыа\AppData\Local\Programs\Python\Python314\Lib\site-packages\starlette\_exception_handler.py", line 42, in wrapped_app
    await app(scope, receive, sender)
  File "C:\Users\фыа\AppData\Local\Programs\Python\Python314\Lib\site-packages\fastapi\routing.py", line 144, in app
    response = await f(request)
               ^^^^^^^^^^^^^^^^
  File "C:\Users\фыа\AppData\Local\Programs\Python\Python314\Lib\site-packages\fastapi\routing.py", line 706, in app
    raw_response = await run_endpoint_function(
                   ^^^^^^^^^^^^^^^^^^^^^^^^^^^^
    ...<3 lines>...
    )
    ^
  File "C:\Users\фыа\AppData\Local\Programs\Python\Python314\Lib\site-packages\fastapi\routing.py", line 354, in run_endpoint_function
    return await run_in_threadpool(dependant.call, **values)
           ^^^^^^^^^^^^^^^^^^^^^^^^^^^^^^^^^^^^^^^^^^^^^^^^^
  File "C:\Users\фыа\AppData\Local\Programs\Python\Python314\Lib\site-packages\starlette\concurrency.py", line 34, in run_in_threadpool
    return await anyio.to_thread.run_sync(func)
           ^^^^^^^^^^^^^^^^^^^^^^^^^^^^^^^^^^^^
  File "C:\Users\фыа\AppData\Local\Programs\Python\Python314\Lib\site-packages\anyio\to_thread.py", line 63, in run_sync
    return await get_async_backend().run_sync_in_worker_thread(
           ^^^^^^^^^^^^^^^^^^^^^^^^^^^^^^^^^^^^^^^^^^^^^^^^^^^^
        func, args, abandon_on_cancel=abandon_on_cancel, limiter=limiter
        ^^^^^^^^^^^^^^^^^^^^^^^^^^^^^^^^^^^^^^^^^^^^^^^^^^^^^^^^^^^^^^^^
    )
    ^
  File "C:\Users\фыа\AppData\Local\Programs\Python\Python314\Lib\site-packages\anyio\_backends\_asyncio.py", line 2596, in run_sync_in_worker_thread
    return await future
           ^^^^^^^^^^^^
  File "C:\Users\фыа\AppData\Local\Programs\Python\Python314\Lib\site-packages\anyio\_backends\_asyncio.py", line 1029, in run
    result = context.run(func, *args)
  File "C:\Users\фыа\Documents\Obsidian Vault\Programs\JobMatrix\api\routes\notifications.py", line 24, in list_events
    q = q.filter(Event.read_at.is_(None))
  File "<string>", line 2, in filter
  File "C:\Users\фыа\AppData\Local\Programs\Python\Python314\Lib\site-packages\sqlalchemy\sql\base.py", line 284, in _generative
    x = fn(self, *args, **kw)
  File "<string>", line 2, in filter
  File "C:\Users\фыа\AppData\Local\Programs\Python\Python314\Lib\site-packages\sqlalchemy\orm\base.py", line 303, in generate
    assertion(self, fn.__name__)
    ~~~~~~~~~^^^^^^^^^^^^^^^^^^^
  File "C:\Users\фыа\AppData\Local\Programs\Python\Python314\Lib\site-packages\sqlalchemy\orm\query.py", line 444, in _no_limit_offset
    raise sa_exc.InvalidRequestError(
    ...<3 lines>...
    )
sqlalchemy.exc.InvalidRequestError: Query.filter() being called on a Query which already has LIMIT or OFFSET applied.  Call filter() before limit() or offset() are applied.
INFO:     127.0.0.1:59608 - "GET /api/vacancies HTTP/1.1" 200 OK
INFO:     127.0.0.1:60594 - "GET /api/notifications?unread=1 HTTP/1.1" 500 Internal Server Error
ERROR:    Exception in ASGI application
Traceback (most recent call last):
  File "C:\Users\фыа\AppData\Local\Programs\Python\Python314\Lib\site-packages\uvicorn\protocols\http\httptools_impl.py", line 422, in run_asgi
    result = await app(  # type: ignore[func-returns-value]
             ^^^^^^^^^^^^^^^^^^^^^^^^^^^^^^^^^^^^^^^^^^^^^^
        self.scope, self.receive, self.send
        ^^^^^^^^^^^^^^^^^^^^^^^^^^^^^^^^^^^
    )
    ^
  File "C:\Users\фыа\AppData\Local\Programs\Python\Python314\Lib\site-packages\uvicorn\middleware\proxy_headers.py", line 63, in __call__
    return await self.app(scope, receive, send)
           ^^^^^^^^^^^^^^^^^^^^^^^^^^^^^^^^^^^^
  File "C:\Users\фыа\AppData\Local\Programs\Python\Python314\Lib\site-packages\fastapi\applications.py", line 1163, in __call__
    await super().__call__(scope, receive, send)
  File "C:\Users\фыа\AppData\Local\Programs\Python\Python314\Lib\site-packages\starlette\applications.py", line 96, in __call__
    await self.middleware_stack(scope, receive, send)
  File "C:\Users\фыа\AppData\Local\Programs\Python\Python314\Lib\site-packages\starlette\middleware\errors.py", line 186, in __call__
    raise exc
  File "C:\Users\фыа\AppData\Local\Programs\Python\Python314\Lib\site-packages\starlette\middleware\errors.py", line 164, in __call__
    await self.app(scope, receive, _send)
  File "C:\Users\фыа\AppData\Local\Programs\Python\Python314\Lib\site-packages\starlette\middleware\cors.py", line 88, in __call__
    await self.app(scope, receive, send)
  File "C:\Users\фыа\AppData\Local\Programs\Python\Python314\Lib\site-packages\starlette\middleware\exceptions.py", line 63, in __call__
    await wrap_app_handling_exceptions(self.app, conn)(scope, receive, send)
  File "C:\Users\фыа\AppData\Local\Programs\Python\Python314\Lib\site-packages\starlette\_exception_handler.py", line 53, in wrapped_app
    raise exc
  File "C:\Users\фыа\AppData\Local\Programs\Python\Python314\Lib\site-packages\starlette\_exception_handler.py", line 42, in wrapped_app
    await app(scope, receive, sender)
  File "C:\Users\фыа\AppData\Local\Programs\Python\Python314\Lib\site-packages\fastapi\middleware\asyncexitstack.py", line 18, in __call__
    await self.app(scope, receive, send)
  File "C:\Users\фыа\AppData\Local\Programs\Python\Python314\Lib\site-packages\starlette\routing.py", line 670, in __call__
    await self.middleware_stack(scope, receive, send)
  File "C:\Users\фыа\AppData\Local\Programs\Python\Python314\Lib\site-packages\fastapi\routing.py", line 2734, in app
    await route.handle(scope, receive, send)
  File "C:\Users\фыа\AppData\Local\Programs\Python\Python314\Lib\site-packages\fastapi\routing.py", line 1780, in handle
    await self.original_router.handle(scope, receive, send)
  File "C:\Users\фыа\AppData\Local\Programs\Python\Python314\Lib\site-packages\fastapi\routing.py", line 2789, in handle
    await included_router._handle_selected(scope, receive, send)
  File "C:\Users\фыа\AppData\Local\Programs\Python\Python314\Lib\site-packages\fastapi\routing.py", line 1800, in _handle_selected
    await original_route.handle(scope, receive, send)
  File "C:\Users\фыа\AppData\Local\Programs\Python\Python314\Lib\site-packages\fastapi\routing.py", line 1279, in handle
    await app(scope, receive, send)
  File "C:\Users\фыа\AppData\Local\Programs\Python\Python314\Lib\site-packages\fastapi\routing.py", line 158, in app
    await wrap_app_handling_exceptions(app, request)(scope, receive, send)
  File "C:\Users\фыа\AppData\Local\Programs\Python\Python314\Lib\site-packages\starlette\_exception_handler.py", line 53, in wrapped_app
    raise exc
  File "C:\Users\фыа\AppData\Local\Programs\Python\Python314\Lib\site-packages\starlette\_exception_handler.py", line 42, in wrapped_app
    await app(scope, receive, sender)
  File "C:\Users\фыа\AppData\Local\Programs\Python\Python314\Lib\site-packages\fastapi\routing.py", line 144, in app
    response = await f(request)
               ^^^^^^^^^^^^^^^^
  File "C:\Users\фыа\AppData\Local\Programs\Python\Python314\Lib\site-packages\fastapi\routing.py", line 706, in app
    raw_response = await run_endpoint_function(
                   ^^^^^^^^^^^^^^^^^^^^^^^^^^^^
    ...<3 lines>...
    )
    ^
  File "C:\Users\фыа\AppData\Local\Programs\Python\Python314\Lib\site-packages\fastapi\routing.py", line 354, in run_endpoint_function
    return await run_in_threadpool(dependant.call, **values)
           ^^^^^^^^^^^^^^^^^^^^^^^^^^^^^^^^^^^^^^^^^^^^^^^^^
  File "C:\Users\фыа\AppData\Local\Programs\Python\Python314\Lib\site-packages\starlette\concurrency.py", line 34, in run_in_threadpool
    return await anyio.to_thread.run_sync(func)
           ^^^^^^^^^^^^^^^^^^^^^^^^^^^^^^^^^^^^
  File "C:\Users\фыа\AppData\Local\Programs\Python\Python314\Lib\site-packages\anyio\to_thread.py", line 63, in run_sync
    return await get_async_backend().run_sync_in_worker_thread(
           ^^^^^^^^^^^^^^^^^^^^^^^^^^^^^^^^^^^^^^^^^^^^^^^^^^^^
        func, args, abandon_on_cancel=abandon_on_cancel, limiter=limiter
        ^^^^^^^^^^^^^^^^^^^^^^^^^^^^^^^^^^^^^^^^^^^^^^^^^^^^^^^^^^^^^^^^
    )
    ^
  File "C:\Users\фыа\AppData\Local\Programs\Python\Python314\Lib\site-packages\anyio\_backends\_asyncio.py", line 2596, in run_sync_in_worker_thread
    return await future
           ^^^^^^^^^^^^
  File "C:\Users\фыа\AppData\Local\Programs\Python\Python314\Lib\site-packages\anyio\_backends\_asyncio.py", line 1029, in run
    result = context.run(func, *args)
  File "C:\Users\фыа\Documents\Obsidian Vault\Programs\JobMatrix\api\routes\notifications.py", line 24, in list_events
    q = q.filter(Event.read_at.is_(None))
  File "<string>", line 2, in filter
  File "C:\Users\фыа\AppData\Local\Programs\Python\Python314\Lib\site-packages\sqlalchemy\sql\base.py", line 284, in _generative
    x = fn(self, *args, **kw)
  File "<string>", line 2, in filter
  File "C:\Users\фыа\AppData\Local\Programs\Python\Python314\Lib\site-packages\sqlalchemy\orm\base.py", line 303, in generate
    assertion(self, fn.__name__)
    ~~~~~~~~~^^^^^^^^^^^^^^^^^^^
  File "C:\Users\фыа\AppData\Local\Programs\Python\Python314\Lib\site-packages\sqlalchemy\orm\query.py", line 444, in _no_limit_offset
    raise sa_exc.InvalidRequestError(
    ...<3 lines>...
    )
sqlalchemy.exc.InvalidRequestError: Query.filter() being called on a Query which already has LIMIT or OFFSET applied.  Call filter() before limit() or offset() are applied.
INFO:     127.0.0.1:61779 - "GET /api/vacancies HTTP/1.1" 200 OK
INFO:     127.0.0.1:59608 - "GET /api/notifications?unread=1 HTTP/1.1" 500 Internal Server Error
ERROR:    Exception in ASGI application
Traceback (most recent call last):
  File "C:\Users\фыа\AppData\Local\Programs\Python\Python314\Lib\site-packages\uvicorn\protocols\http\httptools_impl.py", line 422, in run_asgi
    result = await app(  # type: ignore[func-returns-value]
             ^^^^^^^^^^^^^^^^^^^^^^^^^^^^^^^^^^^^^^^^^^^^^^
        self.scope, self.receive, self.send
        ^^^^^^^^^^^^^^^^^^^^^^^^^^^^^^^^^^^
    )
    ^
  File "C:\Users\фыа\AppData\Local\Programs\Python\Python314\Lib\site-packages\uvicorn\middleware\proxy_headers.py", line 63, in __call__
    return await self.app(scope, receive, send)
           ^^^^^^^^^^^^^^^^^^^^^^^^^^^^^^^^^^^^
  File "C:\Users\фыа\AppData\Local\Programs\Python\Python314\Lib\site-packages\fastapi\applications.py", line 1163, in __call__
    await super().__call__(scope, receive, send)
  File "C:\Users\фыа\AppData\Local\Programs\Python\Python314\Lib\site-packages\starlette\applications.py", line 96, in __call__
    await self.middleware_stack(scope, receive, send)
  File "C:\Users\фыа\AppData\Local\Programs\Python\Python314\Lib\site-packages\starlette\middleware\errors.py", line 186, in __call__
    raise exc
  File "C:\Users\фыа\AppData\Local\Programs\Python\Python314\Lib\site-packages\starlette\middleware\errors.py", line 164, in __call__
    await self.app(scope, receive, _send)
  File "C:\Users\фыа\AppData\Local\Programs\Python\Python314\Lib\site-packages\starlette\middleware\cors.py", line 88, in __call__
    await self.app(scope, receive, send)
  File "C:\Users\фыа\AppData\Local\Programs\Python\Python314\Lib\site-packages\starlette\middleware\exceptions.py", line 63, in __call__
    await wrap_app_handling_exceptions(self.app, conn)(scope, receive, send)
  File "C:\Users\фыа\AppData\Local\Programs\Python\Python314\Lib\site-packages\starlette\_exception_handler.py", line 53, in wrapped_app
    raise exc
  File "C:\Users\фыа\AppData\Local\Programs\Python\Python314\Lib\site-packages\starlette\_exception_handler.py", line 42, in wrapped_app
    await app(scope, receive, sender)
  File "C:\Users\фыа\AppData\Local\Programs\Python\Python314\Lib\site-packages\fastapi\middleware\asyncexitstack.py", line 18, in __call__
    await self.app(scope, receive, send)
  File "C:\Users\фыа\AppData\Local\Programs\Python\Python314\Lib\site-packages\starlette\routing.py", line 670, in __call__
    await self.middleware_stack(scope, receive, send)
  File "C:\Users\фыа\AppData\Local\Programs\Python\Python314\Lib\site-packages\fastapi\routing.py", line 2734, in app
    await route.handle(scope, receive, send)
  File "C:\Users\фыа\AppData\Local\Programs\Python\Python314\Lib\site-packages\fastapi\routing.py", line 1780, in handle
    await self.original_router.handle(scope, receive, send)
  File "C:\Users\фыа\AppData\Local\Programs\Python\Python314\Lib\site-packages\fastapi\routing.py", line 2789, in handle
    await included_router._handle_selected(scope, receive, send)
  File "C:\Users\фыа\AppData\Local\Programs\Python\Python314\Lib\site-packages\fastapi\routing.py", line 1800, in _handle_selected
    await original_route.handle(scope, receive, send)
  File "C:\Users\фыа\AppData\Local\Programs\Python\Python314\Lib\site-packages\fastapi\routing.py", line 1279, in handle
    await app(scope, receive, send)
  File "C:\Users\фыа\AppData\Local\Programs\Python\Python314\Lib\site-packages\fastapi\routing.py", line 158, in app
    await wrap_app_handling_exceptions(app, request)(scope, receive, send)
  File "C:\Users\фыа\AppData\Local\Programs\Python\Python314\Lib\site-packages\starlette\_exception_handler.py", line 53, in wrapped_app
    raise exc
  File "C:\Users\фыа\AppData\Local\Programs\Python\Python314\Lib\site-packages\starlette\_exception_handler.py", line 42, in wrapped_app
    await app(scope, receive, sender)
  File "C:\Users\фыа\AppData\Local\Programs\Python\Python314\Lib\site-packages\fastapi\routing.py", line 144, in app
    response = await f(request)
               ^^^^^^^^^^^^^^^^
  File "C:\Users\фыа\AppData\Local\Programs\Python\Python314\Lib\site-packages\fastapi\routing.py", line 706, in app
    raw_response = await run_endpoint_function(
                   ^^^^^^^^^^^^^^^^^^^^^^^^^^^^
    ...<3 lines>...
    )
    ^
  File "C:\Users\фыа\AppData\Local\Programs\Python\Python314\Lib\site-packages\fastapi\routing.py", line 354, in run_endpoint_function
    return await run_in_threadpool(dependant.call, **values)
           ^^^^^^^^^^^^^^^^^^^^^^^^^^^^^^^^^^^^^^^^^^^^^^^^^
  File "C:\Users\фыа\AppData\Local\Programs\Python\Python314\Lib\site-packages\starlette\concurrency.py", line 34, in run_in_threadpool
    return await anyio.to_thread.run_sync(func)
           ^^^^^^^^^^^^^^^^^^^^^^^^^^^^^^^^^^^^
  File "C:\Users\фыа\AppData\Local\Programs\Python\Python314\Lib\site-packages\anyio\to_thread.py", line 63, in run_sync
    return await get_async_backend().run_sync_in_worker_thread(
           ^^^^^^^^^^^^^^^^^^^^^^^^^^^^^^^^^^^^^^^^^^^^^^^^^^^^
        func, args, abandon_on_cancel=abandon_on_cancel, limiter=limiter
        ^^^^^^^^^^^^^^^^^^^^^^^^^^^^^^^^^^^^^^^^^^^^^^^^^^^^^^^^^^^^^^^^
    )
    ^
  File "C:\Users\фыа\AppData\Local\Programs\Python\Python314\Lib\site-packages\anyio\_backends\_asyncio.py", line 2596, in run_sync_in_worker_thread
    return await future
           ^^^^^^^^^^^^
  File "C:\Users\фыа\AppData\Local\Programs\Python\Python314\Lib\site-packages\anyio\_backends\_asyncio.py", line 1029, in run
    result = context.run(func, *args)
  File "C:\Users\фыа\Documents\Obsidian Vault\Programs\JobMatrix\api\routes\notifications.py", line 24, in list_events
    q = q.filter(Event.read_at.is_(None))
  File "<string>", line 2, in filter
  File "C:\Users\фыа\AppData\Local\Programs\Python\Python314\Lib\site-packages\sqlalchemy\sql\base.py", line 284, in _generative
    x = fn(self, *args, **kw)
  File "<string>", line 2, in filter
  File "C:\Users\фыа\AppData\Local\Programs\Python\Python314\Lib\site-packages\sqlalchemy\orm\base.py", line 303, in generate
    assertion(self, fn.__name__)
    ~~~~~~~~~^^^^^^^^^^^^^^^^^^^
  File "C:\Users\фыа\AppData\Local\Programs\Python\Python314\Lib\site-packages\sqlalchemy\orm\query.py", line 444, in _no_limit_offset
    raise sa_exc.InvalidRequestError(
    ...<3 lines>...
    )
sqlalchemy.exc.InvalidRequestError: Query.filter() being called on a Query which already has LIMIT or OFFSET applied.  Call filter() before limit() or offset() are applied.
INFO:     127.0.0.1:52027 - "GET /api/vacancies HTTP/1.1" 200 OK
INFO:     127.0.0.1:61779 - "GET /api/notifications?unread=1 HTTP/1.1" 500 Internal Server Error
ERROR:    Exception in ASGI application
Traceback (most recent call last):
  File "C:\Users\фыа\AppData\Local\Programs\Python\Python314\Lib\site-packages\uvicorn\protocols\http\httptools_impl.py", line 422, in run_asgi
    result = await app(  # type: ignore[func-returns-value]
             ^^^^^^^^^^^^^^^^^^^^^^^^^^^^^^^^^^^^^^^^^^^^^^
        self.scope, self.receive, self.send
        ^^^^^^^^^^^^^^^^^^^^^^^^^^^^^^^^^^^
    )
    ^
  File "C:\Users\фыа\AppData\Local\Programs\Python\Python314\Lib\site-packages\uvicorn\middleware\proxy_headers.py", line 63, in __call__
    return await self.app(scope, receive, send)
           ^^^^^^^^^^^^^^^^^^^^^^^^^^^^^^^^^^^^
  File "C:\Users\фыа\AppData\Local\Programs\Python\Python314\Lib\site-packages\fastapi\applications.py", line 1163, in __call__
    await super().__call__(scope, receive, send)
  File "C:\Users\фыа\AppData\Local\Programs\Python\Python314\Lib\site-packages\starlette\applications.py", line 96, in __call__
    await self.middleware_stack(scope, receive, send)
  File "C:\Users\фыа\AppData\Local\Programs\Python\Python314\Lib\site-packages\starlette\middleware\errors.py", line 186, in __call__
    raise exc
  File "C:\Users\фыа\AppData\Local\Programs\Python\Python314\Lib\site-packages\starlette\middleware\errors.py", line 164, in __call__
    await self.app(scope, receive, _send)
  File "C:\Users\фыа\AppData\Local\Programs\Python\Python314\Lib\site-packages\starlette\middleware\cors.py", line 88, in __call__
    await self.app(scope, receive, send)
  File "C:\Users\фыа\AppData\Local\Programs\Python\Python314\Lib\site-packages\starlette\middleware\exceptions.py", line 63, in __call__
    await wrap_app_handling_exceptions(self.app, conn)(scope, receive, send)
  File "C:\Users\фыа\AppData\Local\Programs\Python\Python314\Lib\site-packages\starlette\_exception_handler.py", line 53, in wrapped_app
    raise exc
  File "C:\Users\фыа\AppData\Local\Programs\Python\Python314\Lib\site-packages\starlette\_exception_handler.py", line 42, in wrapped_app
    await app(scope, receive, sender)
  File "C:\Users\фыа\AppData\Local\Programs\Python\Python314\Lib\site-packages\fastapi\middleware\asyncexitstack.py", line 18, in __call__
    await self.app(scope, receive, send)
  File "C:\Users\фыа\AppData\Local\Programs\Python\Python314\Lib\site-packages\starlette\routing.py", line 670, in __call__
    await self.middleware_stack(scope, receive, send)
  File "C:\Users\фыа\AppData\Local\Programs\Python\Python314\Lib\site-packages\fastapi\routing.py", line 2734, in app
    await route.handle(scope, receive, send)
  File "C:\Users\фыа\AppData\Local\Programs\Python\Python314\Lib\site-packages\fastapi\routing.py", line 1780, in handle
    await self.original_router.handle(scope, receive, send)
  File "C:\Users\фыа\AppData\Local\Programs\Python\Python314\Lib\site-packages\fastapi\routing.py", line 2789, in handle
    await included_router._handle_selected(scope, receive, send)
  File "C:\Users\фыа\AppData\Local\Programs\Python\Python314\Lib\site-packages\fastapi\routing.py", line 1800, in _handle_selected
    await original_route.handle(scope, receive, send)
  File "C:\Users\фыа\AppData\Local\Programs\Python\Python314\Lib\site-packages\fastapi\routing.py", line 1279, in handle
    await app(scope, receive, send)
  File "C:\Users\фыа\AppData\Local\Programs\Python\Python314\Lib\site-packages\fastapi\routing.py", line 158, in app
    await wrap_app_handling_exceptions(app, request)(scope, receive, send)
  File "C:\Users\фыа\AppData\Local\Programs\Python\Python314\Lib\site-packages\starlette\_exception_handler.py", line 53, in wrapped_app
    raise exc
  File "C:\Users\фыа\AppData\Local\Programs\Python\Python314\Lib\site-packages\starlette\_exception_handler.py", line 42, in wrapped_app
    await app(scope, receive, sender)
  File "C:\Users\фыа\AppData\Local\Programs\Python\Python314\Lib\site-packages\fastapi\routing.py", line 144, in app
    response = await f(request)
               ^^^^^^^^^^^^^^^^
  File "C:\Users\фыа\AppData\Local\Programs\Python\Python314\Lib\site-packages\fastapi\routing.py", line 706, in app
    raw_response = await run_endpoint_function(
                   ^^^^^^^^^^^^^^^^^^^^^^^^^^^^
    ...<3 lines>...
    )
    ^
  File "C:\Users\фыа\AppData\Local\Programs\Python\Python314\Lib\site-packages\fastapi\routing.py", line 354, in run_endpoint_function
    return await run_in_threadpool(dependant.call, **values)
           ^^^^^^^^^^^^^^^^^^^^^^^^^^^^^^^^^^^^^^^^^^^^^^^^^
  File "C:\Users\фыа\AppData\Local\Programs\Python\Python314\Lib\site-packages\starlette\concurrency.py", line 34, in run_in_threadpool
    return await anyio.to_thread.run_sync(func)
           ^^^^^^^^^^^^^^^^^^^^^^^^^^^^^^^^^^^^
  File "C:\Users\фыа\AppData\Local\Programs\Python\Python314\Lib\site-packages\anyio\to_thread.py", line 63, in run_sync
    return await get_async_backend().run_sync_in_worker_thread(
           ^^^^^^^^^^^^^^^^^^^^^^^^^^^^^^^^^^^^^^^^^^^^^^^^^^^^
        func, args, abandon_on_cancel=abandon_on_cancel, limiter=limiter
        ^^^^^^^^^^^^^^^^^^^^^^^^^^^^^^^^^^^^^^^^^^^^^^^^^^^^^^^^^^^^^^^^
    )
    ^
  File "C:\Users\фыа\AppData\Local\Programs\Python\Python314\Lib\site-packages\anyio\_backends\_asyncio.py", line 2596, in run_sync_in_worker_thread
    return await future
           ^^^^^^^^^^^^
  File "C:\Users\фыа\AppData\Local\Programs\Python\Python314\Lib\site-packages\anyio\_backends\_asyncio.py", line 1029, in run
    result = context.run(func, *args)
  File "C:\Users\фыа\Documents\Obsidian Vault\Programs\JobMatrix\api\routes\notifications.py", line 24, in list_events
    q = q.filter(Event.read_at.is_(None))
  File "<string>", line 2, in filter
  File "C:\Users\фыа\AppData\Local\Programs\Python\Python314\Lib\site-packages\sqlalchemy\sql\base.py", line 284, in _generative
    x = fn(self, *args, **kw)
  File "<string>", line 2, in filter
  File "C:\Users\фыа\AppData\Local\Programs\Python\Python314\Lib\site-packages\sqlalchemy\orm\base.py", line 303, in generate
    assertion(self, fn.__name__)
    ~~~~~~~~~^^^^^^^^^^^^^^^^^^^
  File "C:\Users\фыа\AppData\Local\Programs\Python\Python314\Lib\site-packages\sqlalchemy\orm\query.py", line 444, in _no_limit_offset
    raise sa_exc.InvalidRequestError(
    ...<3 lines>...
    )
sqlalchemy.exc.InvalidRequestError: Query.filter() being called on a Query which already has LIMIT or OFFSET applied.  Call filter() before limit() or offset() are applied.
INFO:     127.0.0.1:62928 - "GET /api/vacancies HTTP/1.1" 200 OK
INFO:     127.0.0.1:52027 - "GET /api/notifications?unread=1 HTTP/1.1" 500 Internal Server Error
ERROR:    Exception in ASGI application
Traceback (most recent call last):
  File "C:\Users\фыа\AppData\Local\Programs\Python\Python314\Lib\site-packages\uvicorn\protocols\http\httptools_impl.py", line 422, in run_asgi
    result = await app(  # type: ignore[func-returns-value]
             ^^^^^^^^^^^^^^^^^^^^^^^^^^^^^^^^^^^^^^^^^^^^^^
        self.scope, self.receive, self.send
        ^^^^^^^^^^^^^^^^^^^^^^^^^^^^^^^^^^^
    )
    ^
  File "C:\Users\фыа\AppData\Local\Programs\Python\Python314\Lib\site-packages\uvicorn\middleware\proxy_headers.py", line 63, in __call__
    return await self.app(scope, receive, send)
           ^^^^^^^^^^^^^^^^^^^^^^^^^^^^^^^^^^^^
  File "C:\Users\фыа\AppData\Local\Programs\Python\Python314\Lib\site-packages\fastapi\applications.py", line 1163, in __call__
    await super().__call__(scope, receive, send)
  File "C:\Users\фыа\AppData\Local\Programs\Python\Python314\Lib\site-packages\starlette\applications.py", line 96, in __call__
    await self.middleware_stack(scope, receive, send)
  File "C:\Users\фыа\AppData\Local\Programs\Python\Python314\Lib\site-packages\starlette\middleware\errors.py", line 186, in __call__
    raise exc
  File "C:\Users\фыа\AppData\Local\Programs\Python\Python314\Lib\site-packages\starlette\middleware\errors.py", line 164, in __call__
    await self.app(scope, receive, _send)
  File "C:\Users\фыа\AppData\Local\Programs\Python\Python314\Lib\site-packages\starlette\middleware\cors.py", line 88, in __call__
    await self.app(scope, receive, send)
  File "C:\Users\фыа\AppData\Local\Programs\Python\Python314\Lib\site-packages\starlette\middleware\exceptions.py", line 63, in __call__
    await wrap_app_handling_exceptions(self.app, conn)(scope, receive, send)
  File "C:\Users\фыа\AppData\Local\Programs\Python\Python314\Lib\site-packages\starlette\_exception_handler.py", line 53, in wrapped_app
    raise exc
  File "C:\Users\фыа\AppData\Local\Programs\Python\Python314\Lib\site-packages\starlette\_exception_handler.py", line 42, in wrapped_app
    await app(scope, receive, sender)
  File "C:\Users\фыа\AppData\Local\Programs\Python\Python314\Lib\site-packages\fastapi\middleware\asyncexitstack.py", line 18, in __call__
    await self.app(scope, receive, send)
  File "C:\Users\фыа\AppData\Local\Programs\Python\Python314\Lib\site-packages\starlette\routing.py", line 670, in __call__
    await self.middleware_stack(scope, receive, send)
  File "C:\Users\фыа\AppData\Local\Programs\Python\Python314\Lib\site-packages\fastapi\routing.py", line 2734, in app
    await route.handle(scope, receive, send)
  File "C:\Users\фыа\AppData\Local\Programs\Python\Python314\Lib\site-packages\fastapi\routing.py", line 1780, in handle
    await self.original_router.handle(scope, receive, send)
  File "C:\Users\фыа\AppData\Local\Programs\Python\Python314\Lib\site-packages\fastapi\routing.py", line 2789, in handle
    await included_router._handle_selected(scope, receive, send)
  File "C:\Users\фыа\AppData\Local\Programs\Python\Python314\Lib\site-packages\fastapi\routing.py", line 1800, in _handle_selected
    await original_route.handle(scope, receive, send)
  File "C:\Users\фыа\AppData\Local\Programs\Python\Python314\Lib\site-packages\fastapi\routing.py", line 1279, in handle
    await app(scope, receive, send)
  File "C:\Users\фыа\AppData\Local\Programs\Python\Python314\Lib\site-packages\fastapi\routing.py", line 158, in app
    await wrap_app_handling_exceptions(app, request)(scope, receive, send)
  File "C:\Users\фыа\AppData\Local\Programs\Python\Python314\Lib\site-packages\starlette\_exception_handler.py", line 53, in wrapped_app
    raise exc
  File "C:\Users\фыа\AppData\Local\Programs\Python\Python314\Lib\site-packages\starlette\_exception_handler.py", line 42, in wrapped_app
    await app(scope, receive, sender)
  File "C:\Users\фыа\AppData\Local\Programs\Python\Python314\Lib\site-packages\fastapi\routing.py", line 144, in app
    response = await f(request)
               ^^^^^^^^^^^^^^^^
  File "C:\Users\фыа\AppData\Local\Programs\Python\Python314\Lib\site-packages\fastapi\routing.py", line 706, in app
    raw_response = await run_endpoint_function(
                   ^^^^^^^^^^^^^^^^^^^^^^^^^^^^
    ...<3 lines>...
    )
    ^
  File "C:\Users\фыа\AppData\Local\Programs\Python\Python314\Lib\site-packages\fastapi\routing.py", line 354, in run_endpoint_function
    return await run_in_threadpool(dependant.call, **values)
           ^^^^^^^^^^^^^^^^^^^^^^^^^^^^^^^^^^^^^^^^^^^^^^^^^
  File "C:\Users\фыа\AppData\Local\Programs\Python\Python314\Lib\site-packages\starlette\concurrency.py", line 34, in run_in_threadpool
    return await anyio.to_thread.run_sync(func)
           ^^^^^^^^^^^^^^^^^^^^^^^^^^^^^^^^^^^^
  File "C:\Users\фыа\AppData\Local\Programs\Python\Python314\Lib\site-packages\anyio\to_thread.py", line 63, in run_sync
    return await get_async_backend().run_sync_in_worker_thread(
           ^^^^^^^^^^^^^^^^^^^^^^^^^^^^^^^^^^^^^^^^^^^^^^^^^^^^
        func, args, abandon_on_cancel=abandon_on_cancel, limiter=limiter
        ^^^^^^^^^^^^^^^^^^^^^^^^^^^^^^^^^^^^^^^^^^^^^^^^^^^^^^^^^^^^^^^^
    )
    ^
  File "C:\Users\фыа\AppData\Local\Programs\Python\Python314\Lib\site-packages\anyio\_backends\_asyncio.py", line 2596, in run_sync_in_worker_thread
    return await future
           ^^^^^^^^^^^^
  File "C:\Users\фыа\AppData\Local\Programs\Python\Python314\Lib\site-packages\anyio\_backends\_asyncio.py", line 1029, in run
    result = context.run(func, *args)
  File "C:\Users\фыа\Documents\Obsidian Vault\Programs\JobMatrix\api\routes\notifications.py", line 24, in list_events
    q = q.filter(Event.read_at.is_(None))
  File "<string>", line 2, in filter
  File "C:\Users\фыа\AppData\Local\Programs\Python\Python314\Lib\site-packages\sqlalchemy\sql\base.py", line 284, in _generative
    x = fn(self, *args, **kw)
  File "<string>", line 2, in filter
  File "C:\Users\фыа\AppData\Local\Programs\Python\Python314\Lib\site-packages\sqlalchemy\orm\base.py", line 303, in generate
    assertion(self, fn.__name__)
    ~~~~~~~~~^^^^^^^^^^^^^^^^^^^
  File "C:\Users\фыа\AppData\Local\Programs\Python\Python314\Lib\site-packages\sqlalchemy\orm\query.py", line 444, in _no_limit_offset
    raise sa_exc.InvalidRequestError(
    ...<3 lines>...
    )
sqlalchemy.exc.InvalidRequestError: Query.filter() being called on a Query which already has LIMIT or OFFSET applied.  Call filter() before limit() or offset() are applied.
INFO:     127.0.0.1:62869 - "GET /api/vacancies HTTP/1.1" 200 OK
INFO:     127.0.0.1:62928 - "GET /api/notifications?unread=1 HTTP/1.1" 500 Internal Server Error
ERROR:    Exception in ASGI application
Traceback (most recent call last):
  File "C:\Users\фыа\AppData\Local\Programs\Python\Python314\Lib\site-packages\uvicorn\protocols\http\httptools_impl.py", line 422, in run_asgi
    result = await app(  # type: ignore[func-returns-value]
             ^^^^^^^^^^^^^^^^^^^^^^^^^^^^^^^^^^^^^^^^^^^^^^
        self.scope, self.receive, self.send
        ^^^^^^^^^^^^^^^^^^^^^^^^^^^^^^^^^^^
    )
    ^
  File "C:\Users\фыа\AppData\Local\Programs\Python\Python314\Lib\site-packages\uvicorn\middleware\proxy_headers.py", line 63, in __call__
    return await self.app(scope, receive, send)
           ^^^^^^^^^^^^^^^^^^^^^^^^^^^^^^^^^^^^
  File "C:\Users\фыа\AppData\Local\Programs\Python\Python314\Lib\site-packages\fastapi\applications.py", line 1163, in __call__
    await super().__call__(scope, receive, send)
  File "C:\Users\фыа\AppData\Local\Programs\Python\Python314\Lib\site-packages\starlette\applications.py", line 96, in __call__
    await self.middleware_stack(scope, receive, send)
  File "C:\Users\фыа\AppData\Local\Programs\Python\Python314\Lib\site-packages\starlette\middleware\errors.py", line 186, in __call__
    raise exc
  File "C:\Users\фыа\AppData\Local\Programs\Python\Python314\Lib\site-packages\starlette\middleware\errors.py", line 164, in __call__
    await self.app(scope, receive, _send)
  File "C:\Users\фыа\AppData\Local\Programs\Python\Python314\Lib\site-packages\starlette\middleware\cors.py", line 88, in __call__
    await self.app(scope, receive, send)
  File "C:\Users\фыа\AppData\Local\Programs\Python\Python314\Lib\site-packages\starlette\middleware\exceptions.py", line 63, in __call__
    await wrap_app_handling_exceptions(self.app, conn)(scope, receive, send)
  File "C:\Users\фыа\AppData\Local\Programs\Python\Python314\Lib\site-packages\starlette\_exception_handler.py", line 53, in wrapped_app
    raise exc
  File "C:\Users\фыа\AppData\Local\Programs\Python\Python314\Lib\site-packages\starlette\_exception_handler.py", line 42, in wrapped_app
    await app(scope, receive, sender)
  File "C:\Users\фыа\AppData\Local\Programs\Python\Python314\Lib\site-packages\fastapi\middleware\asyncexitstack.py", line 18, in __call__
    await self.app(scope, receive, send)
  File "C:\Users\фыа\AppData\Local\Programs\Python\Python314\Lib\site-packages\starlette\routing.py", line 670, in __call__
    await self.middleware_stack(scope, receive, send)
  File "C:\Users\фыа\AppData\Local\Programs\Python\Python314\Lib\site-packages\fastapi\routing.py", line 2734, in app
    await route.handle(scope, receive, send)
  File "C:\Users\фыа\AppData\Local\Programs\Python\Python314\Lib\site-packages\fastapi\routing.py", line 1780, in handle
    await self.original_router.handle(scope, receive, send)
  File "C:\Users\фыа\AppData\Local\Programs\Python\Python314\Lib\site-packages\fastapi\routing.py", line 2789, in handle
    await included_router._handle_selected(scope, receive, send)
  File "C:\Users\фыа\AppData\Local\Programs\Python\Python314\Lib\site-packages\fastapi\routing.py", line 1800, in _handle_selected
    await original_route.handle(scope, receive, send)
  File "C:\Users\фыа\AppData\Local\Programs\Python\Python314\Lib\site-packages\fastapi\routing.py", line 1279, in handle
    await app(scope, receive, send)
  File "C:\Users\фыа\AppData\Local\Programs\Python\Python314\Lib\site-packages\fastapi\routing.py", line 158, in app
    await wrap_app_handling_exceptions(app, request)(scope, receive, send)
  File "C:\Users\фыа\AppData\Local\Programs\Python\Python314\Lib\site-packages\starlette\_exception_handler.py", line 53, in wrapped_app
    raise exc
  File "C:\Users\фыа\AppData\Local\Programs\Python\Python314\Lib\site-packages\starlette\_exception_handler.py", line 42, in wrapped_app
    await app(scope, receive, sender)
  File "C:\Users\фыа\AppData\Local\Programs\Python\Python314\Lib\site-packages\fastapi\routing.py", line 144, in app
    response = await f(request)
               ^^^^^^^^^^^^^^^^
  File "C:\Users\фыа\AppData\Local\Programs\Python\Python314\Lib\site-packages\fastapi\routing.py", line 706, in app
    raw_response = await run_endpoint_function(
                   ^^^^^^^^^^^^^^^^^^^^^^^^^^^^
    ...<3 lines>...
    )
    ^
  File "C:\Users\фыа\AppData\Local\Programs\Python\Python314\Lib\site-packages\fastapi\routing.py", line 354, in run_endpoint_function
    return await run_in_threadpool(dependant.call, **values)
           ^^^^^^^^^^^^^^^^^^^^^^^^^^^^^^^^^^^^^^^^^^^^^^^^^
  File "C:\Users\фыа\AppData\Local\Programs\Python\Python314\Lib\site-packages\starlette\concurrency.py", line 34, in run_in_threadpool
    return await anyio.to_thread.run_sync(func)
           ^^^^^^^^^^^^^^^^^^^^^^^^^^^^^^^^^^^^
  File "C:\Users\фыа\AppData\Local\Programs\Python\Python314\Lib\site-packages\anyio\to_thread.py", line 63, in run_sync
    return await get_async_backend().run_sync_in_worker_thread(
           ^^^^^^^^^^^^^^^^^^^^^^^^^^^^^^^^^^^^^^^^^^^^^^^^^^^^
        func, args, abandon_on_cancel=abandon_on_cancel, limiter=limiter
        ^^^^^^^^^^^^^^^^^^^^^^^^^^^^^^^^^^^^^^^^^^^^^^^^^^^^^^^^^^^^^^^^
    )
    ^
  File "C:\Users\фыа\AppData\Local\Programs\Python\Python314\Lib\site-packages\anyio\_backends\_asyncio.py", line 2596, in run_sync_in_worker_thread
    return await future
           ^^^^^^^^^^^^
  File "C:\Users\фыа\AppData\Local\Programs\Python\Python314\Lib\site-packages\anyio\_backends\_asyncio.py", line 1029, in run
    result = context.run(func, *args)
  File "C:\Users\фыа\Documents\Obsidian Vault\Programs\JobMatrix\api\routes\notifications.py", line 24, in list_events
    q = q.filter(Event.read_at.is_(None))
  File "<string>", line 2, in filter
  File "C:\Users\фыа\AppData\Local\Programs\Python\Python314\Lib\site-packages\sqlalchemy\sql\base.py", line 284, in _generative
    x = fn(self, *args, **kw)
  File "<string>", line 2, in filter
  File "C:\Users\фыа\AppData\Local\Programs\Python\Python314\Lib\site-packages\sqlalchemy\orm\base.py", line 303, in generate
    assertion(self, fn.__name__)
    ~~~~~~~~~^^^^^^^^^^^^^^^^^^^
  File "C:\Users\фыа\AppData\Local\Programs\Python\Python314\Lib\site-packages\sqlalchemy\orm\query.py", line 444, in _no_limit_offset
    raise sa_exc.InvalidRequestError(
    ...<3 lines>...
    )
sqlalchemy.exc.InvalidRequestError: Query.filter() being called on a Query which already has LIMIT or OFFSET applied.  Call filter() before limit() or offset() are applied.
INFO:     127.0.0.1:62869 - "GET /api/vacancies HTTP/1.1" 200 OK
INFO:     127.0.0.1:55883 - "GET /api/notifications?unread=1 HTTP/1.1" 500 Internal Server Error
ERROR:    Exception in ASGI application
Traceback (most recent call last):
  File "C:\Users\фыа\AppData\Local\Programs\Python\Python314\Lib\site-packages\uvicorn\protocols\http\httptools_impl.py", line 422, in run_asgi
    result = await app(  # type: ignore[func-returns-value]
             ^^^^^^^^^^^^^^^^^^^^^^^^^^^^^^^^^^^^^^^^^^^^^^
        self.scope, self.receive, self.send
        ^^^^^^^^^^^^^^^^^^^^^^^^^^^^^^^^^^^
    )
    ^
  File "C:\Users\фыа\AppData\Local\Programs\Python\Python314\Lib\site-packages\uvicorn\middleware\proxy_headers.py", line 63, in __call__
    return await self.app(scope, receive, send)
           ^^^^^^^^^^^^^^^^^^^^^^^^^^^^^^^^^^^^
  File "C:\Users\фыа\AppData\Local\Programs\Python\Python314\Lib\site-packages\fastapi\applications.py", line 1163, in __call__
    await super().__call__(scope, receive, send)
  File "C:\Users\фыа\AppData\Local\Programs\Python\Python314\Lib\site-packages\starlette\applications.py", line 96, in __call__
    await self.middleware_stack(scope, receive, send)
  File "C:\Users\фыа\AppData\Local\Programs\Python\Python314\Lib\site-packages\starlette\middleware\errors.py", line 186, in __call__
    raise exc
  File "C:\Users\фыа\AppData\Local\Programs\Python\Python314\Lib\site-packages\starlette\middleware\errors.py", line 164, in __call__
    await self.app(scope, receive, _send)
  File "C:\Users\фыа\AppData\Local\Programs\Python\Python314\Lib\site-packages\starlette\middleware\cors.py", line 88, in __call__
    await self.app(scope, receive, send)
  File "C:\Users\фыа\AppData\Local\Programs\Python\Python314\Lib\site-packages\starlette\middleware\exceptions.py", line 63, in __call__
    await wrap_app_handling_exceptions(self.app, conn)(scope, receive, send)
  File "C:\Users\фыа\AppData\Local\Programs\Python\Python314\Lib\site-packages\starlette\_exception_handler.py", line 53, in wrapped_app
    raise exc
  File "C:\Users\фыа\AppData\Local\Programs\Python\Python314\Lib\site-packages\starlette\_exception_handler.py", line 42, in wrapped_app
    await app(scope, receive, sender)
  File "C:\Users\фыа\AppData\Local\Programs\Python\Python314\Lib\site-packages\fastapi\middleware\asyncexitstack.py", line 18, in __call__
    await self.app(scope, receive, send)
  File "C:\Users\фыа\AppData\Local\Programs\Python\Python314\Lib\site-packages\starlette\routing.py", line 670, in __call__
    await self.middleware_stack(scope, receive, send)
  File "C:\Users\фыа\AppData\Local\Programs\Python\Python314\Lib\site-packages\fastapi\routing.py", line 2734, in app
    await route.handle(scope, receive, send)
  File "C:\Users\фыа\AppData\Local\Programs\Python\Python314\Lib\site-packages\fastapi\routing.py", line 1780, in handle
    await self.original_router.handle(scope, receive, send)
  File "C:\Users\фыа\AppData\Local\Programs\Python\Python314\Lib\site-packages\fastapi\routing.py", line 2789, in handle
    await included_router._handle_selected(scope, receive, send)
  File "C:\Users\фыа\AppData\Local\Programs\Python\Python314\Lib\site-packages\fastapi\routing.py", line 1800, in _handle_selected
    await original_route.handle(scope, receive, send)
  File "C:\Users\фыа\AppData\Local\Programs\Python\Python314\Lib\site-packages\fastapi\routing.py", line 1279, in handle
    await app(scope, receive, send)
  File "C:\Users\фыа\AppData\Local\Programs\Python\Python314\Lib\site-packages\fastapi\routing.py", line 158, in app
    await wrap_app_handling_exceptions(app, request)(scope, receive, send)
  File "C:\Users\фыа\AppData\Local\Programs\Python\Python314\Lib\site-packages\starlette\_exception_handler.py", line 53, in wrapped_app
    raise exc
  File "C:\Users\фыа\AppData\Local\Programs\Python\Python314\Lib\site-packages\starlette\_exception_handler.py", line 42, in wrapped_app
    await app(scope, receive, sender)
  File "C:\Users\фыа\AppData\Local\Programs\Python\Python314\Lib\site-packages\fastapi\routing.py", line 144, in app
    response = await f(request)
               ^^^^^^^^^^^^^^^^
  File "C:\Users\фыа\AppData\Local\Programs\Python\Python314\Lib\site-packages\fastapi\routing.py", line 706, in app
    raw_response = await run_endpoint_function(
                   ^^^^^^^^^^^^^^^^^^^^^^^^^^^^
    ...<3 lines>...
    )
    ^
  File "C:\Users\фыа\AppData\Local\Programs\Python\Python314\Lib\site-packages\fastapi\routing.py", line 354, in run_endpoint_function
    return await run_in_threadpool(dependant.call, **values)
           ^^^^^^^^^^^^^^^^^^^^^^^^^^^^^^^^^^^^^^^^^^^^^^^^^
  File "C:\Users\фыа\AppData\Local\Programs\Python\Python314\Lib\site-packages\starlette\concurrency.py", line 34, in run_in_threadpool
    return await anyio.to_thread.run_sync(func)
           ^^^^^^^^^^^^^^^^^^^^^^^^^^^^^^^^^^^^
  File "C:\Users\фыа\AppData\Local\Programs\Python\Python314\Lib\site-packages\anyio\to_thread.py", line 63, in run_sync
    return await get_async_backend().run_sync_in_worker_thread(
           ^^^^^^^^^^^^^^^^^^^^^^^^^^^^^^^^^^^^^^^^^^^^^^^^^^^^
        func, args, abandon_on_cancel=abandon_on_cancel, limiter=limiter
        ^^^^^^^^^^^^^^^^^^^^^^^^^^^^^^^^^^^^^^^^^^^^^^^^^^^^^^^^^^^^^^^^
    )
    ^
  File "C:\Users\фыа\AppData\Local\Programs\Python\Python314\Lib\site-packages\anyio\_backends\_asyncio.py", line 2596, in run_sync_in_worker_thread
    return await future
           ^^^^^^^^^^^^
  File "C:\Users\фыа\AppData\Local\Programs\Python\Python314\Lib\site-packages\anyio\_backends\_asyncio.py", line 1029, in run
    result = context.run(func, *args)
  File "C:\Users\фыа\Documents\Obsidian Vault\Programs\JobMatrix\api\routes\notifications.py", line 24, in list_events
    q = q.filter(Event.read_at.is_(None))
  File "<string>", line 2, in filter
  File "C:\Users\фыа\AppData\Local\Programs\Python\Python314\Lib\site-packages\sqlalchemy\sql\base.py", line 284, in _generative
    x = fn(self, *args, **kw)
  File "<string>", line 2, in filter
  File "C:\Users\фыа\AppData\Local\Programs\Python\Python314\Lib\site-packages\sqlalchemy\orm\base.py", line 303, in generate
    assertion(self, fn.__name__)
    ~~~~~~~~~^^^^^^^^^^^^^^^^^^^
  File "C:\Users\фыа\AppData\Local\Programs\Python\Python314\Lib\site-packages\sqlalchemy\orm\query.py", line 444, in _no_limit_offset
    raise sa_exc.InvalidRequestError(
    ...<3 lines>...
    )
sqlalchemy.exc.InvalidRequestError: Query.filter() being called on a Query which already has LIMIT or OFFSET applied.  Call filter() before limit() or offset() are applied.
INFO:     127.0.0.1:62869 - "GET /api/vacancies HTTP/1.1" 200 OK
INFO:     127.0.0.1:61025 - "GET /api/notifications?unread=1 HTTP/1.1" 500 Internal Server Error
ERROR:    Exception in ASGI application
Traceback (most recent call last):
  File "C:\Users\фыа\AppData\Local\Programs\Python\Python314\Lib\site-packages\uvicorn\protocols\http\httptools_impl.py", line 422, in run_asgi
    result = await app(  # type: ignore[func-returns-value]
             ^^^^^^^^^^^^^^^^^^^^^^^^^^^^^^^^^^^^^^^^^^^^^^
        self.scope, self.receive, self.send
        ^^^^^^^^^^^^^^^^^^^^^^^^^^^^^^^^^^^
    )
    ^
  File "C:\Users\фыа\AppData\Local\Programs\Python\Python314\Lib\site-packages\uvicorn\middleware\proxy_headers.py", line 63, in __call__
    return await self.app(scope, receive, send)
           ^^^^^^^^^^^^^^^^^^^^^^^^^^^^^^^^^^^^
  File "C:\Users\фыа\AppData\Local\Programs\Python\Python314\Lib\site-packages\fastapi\applications.py", line 1163, in __call__
    await super().__call__(scope, receive, send)
  File "C:\Users\фыа\AppData\Local\Programs\Python\Python314\Lib\site-packages\starlette\applications.py", line 96, in __call__
    await self.middleware_stack(scope, receive, send)
  File "C:\Users\фыа\AppData\Local\Programs\Python\Python314\Lib\site-packages\starlette\middleware\errors.py", line 186, in __call__
    raise exc
  File "C:\Users\фыа\AppData\Local\Programs\Python\Python314\Lib\site-packages\starlette\middleware\errors.py", line 164, in __call__
    await self.app(scope, receive, _send)
  File "C:\Users\фыа\AppData\Local\Programs\Python\Python314\Lib\site-packages\starlette\middleware\cors.py", line 88, in __call__
    await self.app(scope, receive, send)
  File "C:\Users\фыа\AppData\Local\Programs\Python\Python314\Lib\site-packages\starlette\middleware\exceptions.py", line 63, in __call__
    await wrap_app_handling_exceptions(self.app, conn)(scope, receive, send)
  File "C:\Users\фыа\AppData\Local\Programs\Python\Python314\Lib\site-packages\starlette\_exception_handler.py", line 53, in wrapped_app
    raise exc
  File "C:\Users\фыа\AppData\Local\Programs\Python\Python314\Lib\site-packages\starlette\_exception_handler.py", line 42, in wrapped_app
    await app(scope, receive, sender)
  File "C:\Users\фыа\AppData\Local\Programs\Python\Python314\Lib\site-packages\fastapi\middleware\asyncexitstack.py", line 18, in __call__
    await self.app(scope, receive, send)
  File "C:\Users\фыа\AppData\Local\Programs\Python\Python314\Lib\site-packages\starlette\routing.py", line 670, in __call__
    await self.middleware_stack(scope, receive, send)
  File "C:\Users\фыа\AppData\Local\Programs\Python\Python314\Lib\site-packages\fastapi\routing.py", line 2734, in app
    await route.handle(scope, receive, send)
  File "C:\Users\фыа\AppData\Local\Programs\Python\Python314\Lib\site-packages\fastapi\routing.py", line 1780, in handle
    await self.original_router.handle(scope, receive, send)
  File "C:\Users\фыа\AppData\Local\Programs\Python\Python314\Lib\site-packages\fastapi\routing.py", line 2789, in handle
    await included_router._handle_selected(scope, receive, send)
  File "C:\Users\фыа\AppData\Local\Programs\Python\Python314\Lib\site-packages\fastapi\routing.py", line 1800, in _handle_selected
    await original_route.handle(scope, receive, send)
  File "C:\Users\фыа\AppData\Local\Programs\Python\Python314\Lib\site-packages\fastapi\routing.py", line 1279, in handle
    await app(scope, receive, send)
  File "C:\Users\фыа\AppData\Local\Programs\Python\Python314\Lib\site-packages\fastapi\routing.py", line 158, in app
    await wrap_app_handling_exceptions(app, request)(scope, receive, send)
  File "C:\Users\фыа\AppData\Local\Programs\Python\Python314\Lib\site-packages\starlette\_exception_handler.py", line 53, in wrapped_app
    raise exc
  File "C:\Users\фыа\AppData\Local\Programs\Python\Python314\Lib\site-packages\starlette\_exception_handler.py", line 42, in wrapped_app
    await app(scope, receive, sender)
  File "C:\Users\фыа\AppData\Local\Programs\Python\Python314\Lib\site-packages\fastapi\routing.py", line 144, in app
    response = await f(request)
               ^^^^^^^^^^^^^^^^
  File "C:\Users\фыа\AppData\Local\Programs\Python\Python314\Lib\site-packages\fastapi\routing.py", line 706, in app
    raw_response = await run_endpoint_function(
                   ^^^^^^^^^^^^^^^^^^^^^^^^^^^^
    ...<3 lines>...
    )
    ^
  File "C:\Users\фыа\AppData\Local\Programs\Python\Python314\Lib\site-packages\fastapi\routing.py", line 354, in run_endpoint_function
    return await run_in_threadpool(dependant.call, **values)
           ^^^^^^^^^^^^^^^^^^^^^^^^^^^^^^^^^^^^^^^^^^^^^^^^^
  File "C:\Users\фыа\AppData\Local\Programs\Python\Python314\Lib\site-packages\starlette\concurrency.py", line 34, in run_in_threadpool
    return await anyio.to_thread.run_sync(func)
           ^^^^^^^^^^^^^^^^^^^^^^^^^^^^^^^^^^^^
  File "C:\Users\фыа\AppData\Local\Programs\Python\Python314\Lib\site-packages\anyio\to_thread.py", line 63, in run_sync
    return await get_async_backend().run_sync_in_worker_thread(
           ^^^^^^^^^^^^^^^^^^^^^^^^^^^^^^^^^^^^^^^^^^^^^^^^^^^^
        func, args, abandon_on_cancel=abandon_on_cancel, limiter=limiter
        ^^^^^^^^^^^^^^^^^^^^^^^^^^^^^^^^^^^^^^^^^^^^^^^^^^^^^^^^^^^^^^^^
    )
    ^
  File "C:\Users\фыа\AppData\Local\Programs\Python\Python314\Lib\site-packages\anyio\_backends\_asyncio.py", line 2596, in run_sync_in_worker_thread
    return await future
           ^^^^^^^^^^^^
  File "C:\Users\фыа\AppData\Local\Programs\Python\Python314\Lib\site-packages\anyio\_backends\_asyncio.py", line 1029, in run
    result = context.run(func, *args)
  File "C:\Users\фыа\Documents\Obsidian Vault\Programs\JobMatrix\api\routes\notifications.py", line 24, in list_events
    q = q.filter(Event.read_at.is_(None))
  File "<string>", line 2, in filter
  File "C:\Users\фыа\AppData\Local\Programs\Python\Python314\Lib\site-packages\sqlalchemy\sql\base.py", line 284, in _generative
    x = fn(self, *args, **kw)
  File "<string>", line 2, in filter
  File "C:\Users\фыа\AppData\Local\Programs\Python\Python314\Lib\site-packages\sqlalchemy\orm\base.py", line 303, in generate
    assertion(self, fn.__name__)
    ~~~~~~~~~^^^^^^^^^^^^^^^^^^^
  File "C:\Users\фыа\AppData\Local\Programs\Python\Python314\Lib\site-packages\sqlalchemy\orm\query.py", line 444, in _no_limit_offset
    raise sa_exc.InvalidRequestError(
    ...<3 lines>...
    )
sqlalchemy.exc.InvalidRequestError: Query.filter() being called on a Query which already has LIMIT or OFFSET applied.  Call filter() before limit() or offset() are applied.
INFO:     127.0.0.1:56245 - "GET /api/vacancies HTTP/1.1" 200 OK
INFO:     127.0.0.1:56529 - "GET /api/notifications?unread=1 HTTP/1.1" 500 Internal Server Error
ERROR:    Exception in ASGI application
Traceback (most recent call last):
  File "C:\Users\фыа\AppData\Local\Programs\Python\Python314\Lib\site-packages\uvicorn\protocols\http\httptools_impl.py", line 422, in run_asgi
    result = await app(  # type: ignore[func-returns-value]
             ^^^^^^^^^^^^^^^^^^^^^^^^^^^^^^^^^^^^^^^^^^^^^^
        self.scope, self.receive, self.send
        ^^^^^^^^^^^^^^^^^^^^^^^^^^^^^^^^^^^
    )
    ^
  File "C:\Users\фыа\AppData\Local\Programs\Python\Python314\Lib\site-packages\uvicorn\middleware\proxy_headers.py", line 63, in __call__
    return await self.app(scope, receive, send)
           ^^^^^^^^^^^^^^^^^^^^^^^^^^^^^^^^^^^^
  File "C:\Users\фыа\AppData\Local\Programs\Python\Python314\Lib\site-packages\fastapi\applications.py", line 1163, in __call__
    await super().__call__(scope, receive, send)
  File "C:\Users\фыа\AppData\Local\Programs\Python\Python314\Lib\site-packages\starlette\applications.py", line 96, in __call__
    await self.middleware_stack(scope, receive, send)
  File "C:\Users\фыа\AppData\Local\Programs\Python\Python314\Lib\site-packages\starlette\middleware\errors.py", line 186, in __call__
    raise exc
  File "C:\Users\фыа\AppData\Local\Programs\Python\Python314\Lib\site-packages\starlette\middleware\errors.py", line 164, in __call__
    await self.app(scope, receive, _send)
  File "C:\Users\фыа\AppData\Local\Programs\Python\Python314\Lib\site-packages\starlette\middleware\cors.py", line 88, in __call__
    await self.app(scope, receive, send)
  File "C:\Users\фыа\AppData\Local\Programs\Python\Python314\Lib\site-packages\starlette\middleware\exceptions.py", line 63, in __call__
    await wrap_app_handling_exceptions(self.app, conn)(scope, receive, send)
  File "C:\Users\фыа\AppData\Local\Programs\Python\Python314\Lib\site-packages\starlette\_exception_handler.py", line 53, in wrapped_app
    raise exc
  File "C:\Users\фыа\AppData\Local\Programs\Python\Python314\Lib\site-packages\starlette\_exception_handler.py", line 42, in wrapped_app
    await app(scope, receive, sender)
  File "C:\Users\фыа\AppData\Local\Programs\Python\Python314\Lib\site-packages\fastapi\middleware\asyncexitstack.py", line 18, in __call__
    await self.app(scope, receive, send)
  File "C:\Users\фыа\AppData\Local\Programs\Python\Python314\Lib\site-packages\starlette\routing.py", line 670, in __call__
    await self.middleware_stack(scope, receive, send)
  File "C:\Users\фыа\AppData\Local\Programs\Python\Python314\Lib\site-packages\fastapi\routing.py", line 2734, in app
    await route.handle(scope, receive, send)
  File "C:\Users\фыа\AppData\Local\Programs\Python\Python314\Lib\site-packages\fastapi\routing.py", line 1780, in handle
    await self.original_router.handle(scope, receive, send)
  File "C:\Users\фыа\AppData\Local\Programs\Python\Python314\Lib\site-packages\fastapi\routing.py", line 2789, in handle
    await included_router._handle_selected(scope, receive, send)
  File "C:\Users\фыа\AppData\Local\Programs\Python\Python314\Lib\site-packages\fastapi\routing.py", line 1800, in _handle_selected
    await original_route.handle(scope, receive, send)
  File "C:\Users\фыа\AppData\Local\Programs\Python\Python314\Lib\site-packages\fastapi\routing.py", line 1279, in handle
    await app(scope, receive, send)
  File "C:\Users\фыа\AppData\Local\Programs\Python\Python314\Lib\site-packages\fastapi\routing.py", line 158, in app
    await wrap_app_handling_exceptions(app, request)(scope, receive, send)
  File "C:\Users\фыа\AppData\Local\Programs\Python\Python314\Lib\site-packages\starlette\_exception_handler.py", line 53, in wrapped_app
    raise exc
  File "C:\Users\фыа\AppData\Local\Programs\Python\Python314\Lib\site-packages\starlette\_exception_handler.py", line 42, in wrapped_app
    await app(scope, receive, sender)
  File "C:\Users\фыа\AppData\Local\Programs\Python\Python314\Lib\site-packages\fastapi\routing.py", line 144, in app
    response = await f(request)
               ^^^^^^^^^^^^^^^^
  File "C:\Users\фыа\AppData\Local\Programs\Python\Python314\Lib\site-packages\fastapi\routing.py", line 706, in app
    raw_response = await run_endpoint_function(
                   ^^^^^^^^^^^^^^^^^^^^^^^^^^^^
    ...<3 lines>...
    )
    ^
  File "C:\Users\фыа\AppData\Local\Programs\Python\Python314\Lib\site-packages\fastapi\routing.py", line 354, in run_endpoint_function
    return await run_in_threadpool(dependant.call, **values)
           ^^^^^^^^^^^^^^^^^^^^^^^^^^^^^^^^^^^^^^^^^^^^^^^^^
  File "C:\Users\фыа\AppData\Local\Programs\Python\Python314\Lib\site-packages\starlette\concurrency.py", line 34, in run_in_threadpool
    return await anyio.to_thread.run_sync(func)
           ^^^^^^^^^^^^^^^^^^^^^^^^^^^^^^^^^^^^
  File "C:\Users\фыа\AppData\Local\Programs\Python\Python314\Lib\site-packages\anyio\to_thread.py", line 63, in run_sync
    return await get_async_backend().run_sync_in_worker_thread(
           ^^^^^^^^^^^^^^^^^^^^^^^^^^^^^^^^^^^^^^^^^^^^^^^^^^^^
        func, args, abandon_on_cancel=abandon_on_cancel, limiter=limiter
        ^^^^^^^^^^^^^^^^^^^^^^^^^^^^^^^^^^^^^^^^^^^^^^^^^^^^^^^^^^^^^^^^
    )
    ^
  File "C:\Users\фыа\AppData\Local\Programs\Python\Python314\Lib\site-packages\anyio\_backends\_asyncio.py", line 2596, in run_sync_in_worker_thread
    return await future
           ^^^^^^^^^^^^
  File "C:\Users\фыа\AppData\Local\Programs\Python\Python314\Lib\site-packages\anyio\_backends\_asyncio.py", line 1029, in run
    result = context.run(func, *args)
  File "C:\Users\фыа\Documents\Obsidian Vault\Programs\JobMatrix\api\routes\notifications.py", line 24, in list_events
    q = q.filter(Event.read_at.is_(None))
  File "<string>", line 2, in filter
  File "C:\Users\фыа\AppData\Local\Programs\Python\Python314\Lib\site-packages\sqlalchemy\sql\base.py", line 284, in _generative
    x = fn(self, *args, **kw)
  File "<string>", line 2, in filter
  File "C:\Users\фыа\AppData\Local\Programs\Python\Python314\Lib\site-packages\sqlalchemy\orm\base.py", line 303, in generate
    assertion(self, fn.__name__)
    ~~~~~~~~~^^^^^^^^^^^^^^^^^^^
  File "C:\Users\фыа\AppData\Local\Programs\Python\Python314\Lib\site-packages\sqlalchemy\orm\query.py", line 444, in _no_limit_offset
    raise sa_exc.InvalidRequestError(
    ...<3 lines>...
    )
sqlalchemy.exc.InvalidRequestError: Query.filter() being called on a Query which already has LIMIT or OFFSET applied.  Call filter() before limit() or offset() are applied.
INFO:     127.0.0.1:49672 - "GET /api/vacancies HTTP/1.1" 200 OK
INFO:     127.0.0.1:50630 - "GET /api/vacancies HTTP/1.1" 200 OK
INFO:     127.0.0.1:64603 - "GET /api/notifications?unread=1 HTTP/1.1" 500 Internal Server Error
ERROR:    Exception in ASGI application
Traceback (most recent call last):
  File "C:\Users\фыа\AppData\Local\Programs\Python\Python314\Lib\site-packages\uvicorn\protocols\http\httptools_impl.py", line 422, in run_asgi
    result = await app(  # type: ignore[func-returns-value]
             ^^^^^^^^^^^^^^^^^^^^^^^^^^^^^^^^^^^^^^^^^^^^^^
        self.scope, self.receive, self.send
        ^^^^^^^^^^^^^^^^^^^^^^^^^^^^^^^^^^^
    )
    ^
  File "C:\Users\фыа\AppData\Local\Programs\Python\Python314\Lib\site-packages\uvicorn\middleware\proxy_headers.py", line 63, in __call__
    return await self.app(scope, receive, send)
           ^^^^^^^^^^^^^^^^^^^^^^^^^^^^^^^^^^^^
  File "C:\Users\фыа\AppData\Local\Programs\Python\Python314\Lib\site-packages\fastapi\applications.py", line 1163, in __call__
    await super().__call__(scope, receive, send)
  File "C:\Users\фыа\AppData\Local\Programs\Python\Python314\Lib\site-packages\starlette\applications.py", line 96, in __call__
    await self.middleware_stack(scope, receive, send)
  File "C:\Users\фыа\AppData\Local\Programs\Python\Python314\Lib\site-packages\starlette\middleware\errors.py", line 186, in __call__
    raise exc
  File "C:\Users\фыа\AppData\Local\Programs\Python\Python314\Lib\site-packages\starlette\middleware\errors.py", line 164, in __call__
    await self.app(scope, receive, _send)
  File "C:\Users\фыа\AppData\Local\Programs\Python\Python314\Lib\site-packages\starlette\middleware\cors.py", line 88, in __call__
    await self.app(scope, receive, send)
  File "C:\Users\фыа\AppData\Local\Programs\Python\Python314\Lib\site-packages\starlette\middleware\exceptions.py", line 63, in __call__
    await wrap_app_handling_exceptions(self.app, conn)(scope, receive, send)
  File "C:\Users\фыа\AppData\Local\Programs\Python\Python314\Lib\site-packages\starlette\_exception_handler.py", line 53, in wrapped_app
    raise exc
  File "C:\Users\фыа\AppData\Local\Programs\Python\Python314\Lib\site-packages\starlette\_exception_handler.py", line 42, in wrapped_app
    await app(scope, receive, sender)
  File "C:\Users\фыа\AppData\Local\Programs\Python\Python314\Lib\site-packages\fastapi\middleware\asyncexitstack.py", line 18, in __call__
    await self.app(scope, receive, send)
  File "C:\Users\фыа\AppData\Local\Programs\Python\Python314\Lib\site-packages\starlette\routing.py", line 670, in __call__
    await self.middleware_stack(scope, receive, send)
  File "C:\Users\фыа\AppData\Local\Programs\Python\Python314\Lib\site-packages\fastapi\routing.py", line 2734, in app
    await route.handle(scope, receive, send)
  File "C:\Users\фыа\AppData\Local\Programs\Python\Python314\Lib\site-packages\fastapi\routing.py", line 1780, in handle
    await self.original_router.handle(scope, receive, send)
  File "C:\Users\фыа\AppData\Local\Programs\Python\Python314\Lib\site-packages\fastapi\routing.py", line 2789, in handle
    await included_router._handle_selected(scope, receive, send)
  File "C:\Users\фыа\AppData\Local\Programs\Python\Python314\Lib\site-packages\fastapi\routing.py", line 1800, in _handle_selected
    await original_route.handle(scope, receive, send)
  File "C:\Users\фыа\AppData\Local\Programs\Python\Python314\Lib\site-packages\fastapi\routing.py", line 1279, in handle
    await app(scope, receive, send)
  File "C:\Users\фыа\AppData\Local\Programs\Python\Python314\Lib\site-packages\fastapi\routing.py", line 158, in app
    await wrap_app_handling_exceptions(app, request)(scope, receive, send)
  File "C:\Users\фыа\AppData\Local\Programs\Python\Python314\Lib\site-packages\starlette\_exception_handler.py", line 53, in wrapped_app
    raise exc
  File "C:\Users\фыа\AppData\Local\Programs\Python\Python314\Lib\site-packages\starlette\_exception_handler.py", line 42, in wrapped_app
    await app(scope, receive, sender)
  File "C:\Users\фыа\AppData\Local\Programs\Python\Python314\Lib\site-packages\fastapi\routing.py", line 144, in app
    response = await f(request)
               ^^^^^^^^^^^^^^^^
  File "C:\Users\фыа\AppData\Local\Programs\Python\Python314\Lib\site-packages\fastapi\routing.py", line 706, in app
    raw_response = await run_endpoint_function(
                   ^^^^^^^^^^^^^^^^^^^^^^^^^^^^
    ...<3 lines>...
    )
    ^
  File "C:\Users\фыа\AppData\Local\Programs\Python\Python314\Lib\site-packages\fastapi\routing.py", line 354, in run_endpoint_function
    return await run_in_threadpool(dependant.call, **values)
           ^^^^^^^^^^^^^^^^^^^^^^^^^^^^^^^^^^^^^^^^^^^^^^^^^
  File "C:\Users\фыа\AppData\Local\Programs\Python\Python314\Lib\site-packages\starlette\concurrency.py", line 34, in run_in_threadpool
    return await anyio.to_thread.run_sync(func)
           ^^^^^^^^^^^^^^^^^^^^^^^^^^^^^^^^^^^^
  File "C:\Users\фыа\AppData\Local\Programs\Python\Python314\Lib\site-packages\anyio\to_thread.py", line 63, in run_sync
    return await get_async_backend().run_sync_in_worker_thread(
           ^^^^^^^^^^^^^^^^^^^^^^^^^^^^^^^^^^^^^^^^^^^^^^^^^^^^
        func, args, abandon_on_cancel=abandon_on_cancel, limiter=limiter
        ^^^^^^^^^^^^^^^^^^^^^^^^^^^^^^^^^^^^^^^^^^^^^^^^^^^^^^^^^^^^^^^^
    )
    ^
  File "C:\Users\фыа\AppData\Local\Programs\Python\Python314\Lib\site-packages\anyio\_backends\_asyncio.py", line 2596, in run_sync_in_worker_thread
    return await future
           ^^^^^^^^^^^^
  File "C:\Users\фыа\AppData\Local\Programs\Python\Python314\Lib\site-packages\anyio\_backends\_asyncio.py", line 1029, in run
    result = context.run(func, *args)
  File "C:\Users\фыа\Documents\Obsidian Vault\Programs\JobMatrix\api\routes\notifications.py", line 24, in list_events
    q = q.filter(Event.read_at.is_(None))
  File "<string>", line 2, in filter
  File "C:\Users\фыа\AppData\Local\Programs\Python\Python314\Lib\site-packages\sqlalchemy\sql\base.py", line 284, in _generative
    x = fn(self, *args, **kw)
  File "<string>", line 2, in filter
  File "C:\Users\фыа\AppData\Local\Programs\Python\Python314\Lib\site-packages\sqlalchemy\orm\base.py", line 303, in generate
    assertion(self, fn.__name__)
    ~~~~~~~~~^^^^^^^^^^^^^^^^^^^
  File "C:\Users\фыа\AppData\Local\Programs\Python\Python314\Lib\site-packages\sqlalchemy\orm\query.py", line 444, in _no_limit_offset
    raise sa_exc.InvalidRequestError(
    ...<3 lines>...
    )
sqlalchemy.exc.InvalidRequestError: Query.filter() being called on a Query which already has LIMIT or OFFSET applied.  Call filter() before limit() or offset() are applied.
INFO:     127.0.0.1:53597 - "GET /api/vacancies HTTP/1.1" 200 OK
INFO:     127.0.0.1:54466 - "GET /api/notifications?unread=1 HTTP/1.1" 500 Internal Server Error
ERROR:    Exception in ASGI application
Traceback (most recent call last):
  File "C:\Users\фыа\AppData\Local\Programs\Python\Python314\Lib\site-packages\uvicorn\protocols\http\httptools_impl.py", line 422, in run_asgi
    result = await app(  # type: ignore[func-returns-value]
             ^^^^^^^^^^^^^^^^^^^^^^^^^^^^^^^^^^^^^^^^^^^^^^
        self.scope, self.receive, self.send
        ^^^^^^^^^^^^^^^^^^^^^^^^^^^^^^^^^^^
    )
    ^
  File "C:\Users\фыа\AppData\Local\Programs\Python\Python314\Lib\site-packages\uvicorn\middleware\proxy_headers.py", line 63, in __call__
    return await self.app(scope, receive, send)
           ^^^^^^^^^^^^^^^^^^^^^^^^^^^^^^^^^^^^
  File "C:\Users\фыа\AppData\Local\Programs\Python\Python314\Lib\site-packages\fastapi\applications.py", line 1163, in __call__
    await super().__call__(scope, receive, send)
  File "C:\Users\фыа\AppData\Local\Programs\Python\Python314\Lib\site-packages\starlette\applications.py", line 96, in __call__
    await self.middleware_stack(scope, receive, send)
  File "C:\Users\фыа\AppData\Local\Programs\Python\Python314\Lib\site-packages\starlette\middleware\errors.py", line 186, in __call__
    raise exc
  File "C:\Users\фыа\AppData\Local\Programs\Python\Python314\Lib\site-packages\starlette\middleware\errors.py", line 164, in __call__
    await self.app(scope, receive, _send)
  File "C:\Users\фыа\AppData\Local\Programs\Python\Python314\Lib\site-packages\starlette\middleware\cors.py", line 88, in __call__
    await self.app(scope, receive, send)
  File "C:\Users\фыа\AppData\Local\Programs\Python\Python314\Lib\site-packages\starlette\middleware\exceptions.py", line 63, in __call__
    await wrap_app_handling_exceptions(self.app, conn)(scope, receive, send)
  File "C:\Users\фыа\AppData\Local\Programs\Python\Python314\Lib\site-packages\starlette\_exception_handler.py", line 53, in wrapped_app
    raise exc
  File "C:\Users\фыа\AppData\Local\Programs\Python\Python314\Lib\site-packages\starlette\_exception_handler.py", line 42, in wrapped_app
    await app(scope, receive, sender)
  File "C:\Users\фыа\AppData\Local\Programs\Python\Python314\Lib\site-packages\fastapi\middleware\asyncexitstack.py", line 18, in __call__
    await self.app(scope, receive, send)
  File "C:\Users\фыа\AppData\Local\Programs\Python\Python314\Lib\site-packages\starlette\routing.py", line 670, in __call__
    await self.middleware_stack(scope, receive, send)
  File "C:\Users\фыа\AppData\Local\Programs\Python\Python314\Lib\site-packages\fastapi\routing.py", line 2734, in app
    await route.handle(scope, receive, send)
  File "C:\Users\фыа\AppData\Local\Programs\Python\Python314\Lib\site-packages\fastapi\routing.py", line 1780, in handle
    await self.original_router.handle(scope, receive, send)
  File "C:\Users\фыа\AppData\Local\Programs\Python\Python314\Lib\site-packages\fastapi\routing.py", line 2789, in handle
    await included_router._handle_selected(scope, receive, send)
  File "C:\Users\фыа\AppData\Local\Programs\Python\Python314\Lib\site-packages\fastapi\routing.py", line 1800, in _handle_selected
    await original_route.handle(scope, receive, send)
  File "C:\Users\фыа\AppData\Local\Programs\Python\Python314\Lib\site-packages\fastapi\routing.py", line 1279, in handle
    await app(scope, receive, send)
  File "C:\Users\фыа\AppData\Local\Programs\Python\Python314\Lib\site-packages\fastapi\routing.py", line 158, in app
    await wrap_app_handling_exceptions(app, request)(scope, receive, send)
  File "C:\Users\фыа\AppData\Local\Programs\Python\Python314\Lib\site-packages\starlette\_exception_handler.py", line 53, in wrapped_app
    raise exc
  File "C:\Users\фыа\AppData\Local\Programs\Python\Python314\Lib\site-packages\starlette\_exception_handler.py", line 42, in wrapped_app
    await app(scope, receive, sender)
  File "C:\Users\фыа\AppData\Local\Programs\Python\Python314\Lib\site-packages\fastapi\routing.py", line 144, in app
    response = await f(request)
               ^^^^^^^^^^^^^^^^
  File "C:\Users\фыа\AppData\Local\Programs\Python\Python314\Lib\site-packages\fastapi\routing.py", line 706, in app
    raw_response = await run_endpoint_function(
                   ^^^^^^^^^^^^^^^^^^^^^^^^^^^^
    ...<3 lines>...
    )
    ^
  File "C:\Users\фыа\AppData\Local\Programs\Python\Python314\Lib\site-packages\fastapi\routing.py", line 354, in run_endpoint_function
    return await run_in_threadpool(dependant.call, **values)
           ^^^^^^^^^^^^^^^^^^^^^^^^^^^^^^^^^^^^^^^^^^^^^^^^^
  File "C:\Users\фыа\AppData\Local\Programs\Python\Python314\Lib\site-packages\starlette\concurrency.py", line 34, in run_in_threadpool
    return await anyio.to_thread.run_sync(func)
           ^^^^^^^^^^^^^^^^^^^^^^^^^^^^^^^^^^^^
  File "C:\Users\фыа\AppData\Local\Programs\Python\Python314\Lib\site-packages\anyio\to_thread.py", line 63, in run_sync
    return await get_async_backend().run_sync_in_worker_thread(
           ^^^^^^^^^^^^^^^^^^^^^^^^^^^^^^^^^^^^^^^^^^^^^^^^^^^^
        func, args, abandon_on_cancel=abandon_on_cancel, limiter=limiter
        ^^^^^^^^^^^^^^^^^^^^^^^^^^^^^^^^^^^^^^^^^^^^^^^^^^^^^^^^^^^^^^^^
    )
    ^
  File "C:\Users\фыа\AppData\Local\Programs\Python\Python314\Lib\site-packages\anyio\_backends\_asyncio.py", line 2596, in run_sync_in_worker_thread
    return await future
           ^^^^^^^^^^^^
  File "C:\Users\фыа\AppData\Local\Programs\Python\Python314\Lib\site-packages\anyio\_backends\_asyncio.py", line 1029, in run
    result = context.run(func, *args)
  File "C:\Users\фыа\Documents\Obsidian Vault\Programs\JobMatrix\api\routes\notifications.py", line 24, in list_events
    q = q.filter(Event.read_at.is_(None))
  File "<string>", line 2, in filter
  File "C:\Users\фыа\AppData\Local\Programs\Python\Python314\Lib\site-packages\sqlalchemy\sql\base.py", line 284, in _generative
    x = fn(self, *args, **kw)
  File "<string>", line 2, in filter
  File "C:\Users\фыа\AppData\Local\Programs\Python\Python314\Lib\site-packages\sqlalchemy\orm\base.py", line 303, in generate
    assertion(self, fn.__name__)
    ~~~~~~~~~^^^^^^^^^^^^^^^^^^^
  File "C:\Users\фыа\AppData\Local\Programs\Python\Python314\Lib\site-packages\sqlalchemy\orm\query.py", line 444, in _no_limit_offset
    raise sa_exc.InvalidRequestError(
    ...<3 lines>...
    )
sqlalchemy.exc.InvalidRequestError: Query.filter() being called on a Query which already has LIMIT or OFFSET applied.  Call filter() before limit() or offset() are applied.
INFO:     127.0.0.1:53597 - "GET /api/vacancies HTTP/1.1" 200 OK
INFO:     127.0.0.1:59375 - "GET /api/notifications?unread=1 HTTP/1.1" 500 Internal Server Error
ERROR:    Exception in ASGI application
Traceback (most recent call last):
  File "C:\Users\фыа\AppData\Local\Programs\Python\Python314\Lib\site-packages\uvicorn\protocols\http\httptools_impl.py", line 422, in run_asgi
    result = await app(  # type: ignore[func-returns-value]
             ^^^^^^^^^^^^^^^^^^^^^^^^^^^^^^^^^^^^^^^^^^^^^^
        self.scope, self.receive, self.send
        ^^^^^^^^^^^^^^^^^^^^^^^^^^^^^^^^^^^
    )
    ^
  File "C:\Users\фыа\AppData\Local\Programs\Python\Python314\Lib\site-packages\uvicorn\middleware\proxy_headers.py", line 63, in __call__
    return await self.app(scope, receive, send)
           ^^^^^^^^^^^^^^^^^^^^^^^^^^^^^^^^^^^^
  File "C:\Users\фыа\AppData\Local\Programs\Python\Python314\Lib\site-packages\fastapi\applications.py", line 1163, in __call__
    await super().__call__(scope, receive, send)
  File "C:\Users\фыа\AppData\Local\Programs\Python\Python314\Lib\site-packages\starlette\applications.py", line 96, in __call__
    await self.middleware_stack(scope, receive, send)
  File "C:\Users\фыа\AppData\Local\Programs\Python\Python314\Lib\site-packages\starlette\middleware\errors.py", line 186, in __call__
    raise exc
  File "C:\Users\фыа\AppData\Local\Programs\Python\Python314\Lib\site-packages\starlette\middleware\errors.py", line 164, in __call__
    await self.app(scope, receive, _send)
  File "C:\Users\фыа\AppData\Local\Programs\Python\Python314\Lib\site-packages\starlette\middleware\cors.py", line 88, in __call__
    await self.app(scope, receive, send)
  File "C:\Users\фыа\AppData\Local\Programs\Python\Python314\Lib\site-packages\starlette\middleware\exceptions.py", line 63, in __call__
    await wrap_app_handling_exceptions(self.app, conn)(scope, receive, send)
  File "C:\Users\фыа\AppData\Local\Programs\Python\Python314\Lib\site-packages\starlette\_exception_handler.py", line 53, in wrapped_app
    raise exc
  File "C:\Users\фыа\AppData\Local\Programs\Python\Python314\Lib\site-packages\starlette\_exception_handler.py", line 42, in wrapped_app
    await app(scope, receive, sender)
  File "C:\Users\фыа\AppData\Local\Programs\Python\Python314\Lib\site-packages\fastapi\middleware\asyncexitstack.py", line 18, in __call__
    await self.app(scope, receive, send)
  File "C:\Users\фыа\AppData\Local\Programs\Python\Python314\Lib\site-packages\starlette\routing.py", line 670, in __call__
    await self.middleware_stack(scope, receive, send)
  File "C:\Users\фыа\AppData\Local\Programs\Python\Python314\Lib\site-packages\fastapi\routing.py", line 2734, in app
    await route.handle(scope, receive, send)
  File "C:\Users\фыа\AppData\Local\Programs\Python\Python314\Lib\site-packages\fastapi\routing.py", line 1780, in handle
    await self.original_router.handle(scope, receive, send)
  File "C:\Users\фыа\AppData\Local\Programs\Python\Python314\Lib\site-packages\fastapi\routing.py", line 2789, in handle
    await included_router._handle_selected(scope, receive, send)
  File "C:\Users\фыа\AppData\Local\Programs\Python\Python314\Lib\site-packages\fastapi\routing.py", line 1800, in _handle_selected
    await original_route.handle(scope, receive, send)
  File "C:\Users\фыа\AppData\Local\Programs\Python\Python314\Lib\site-packages\fastapi\routing.py", line 1279, in handle
    await app(scope, receive, send)
  File "C:\Users\фыа\AppData\Local\Programs\Python\Python314\Lib\site-packages\fastapi\routing.py", line 158, in app
    await wrap_app_handling_exceptions(app, request)(scope, receive, send)
  File "C:\Users\фыа\AppData\Local\Programs\Python\Python314\Lib\site-packages\starlette\_exception_handler.py", line 53, in wrapped_app
    raise exc
  File "C:\Users\фыа\AppData\Local\Programs\Python\Python314\Lib\site-packages\starlette\_exception_handler.py", line 42, in wrapped_app
    await app(scope, receive, sender)
  File "C:\Users\фыа\AppData\Local\Programs\Python\Python314\Lib\site-packages\fastapi\routing.py", line 144, in app
    response = await f(request)
               ^^^^^^^^^^^^^^^^
  File "C:\Users\фыа\AppData\Local\Programs\Python\Python314\Lib\site-packages\fastapi\routing.py", line 706, in app
    raw_response = await run_endpoint_function(
                   ^^^^^^^^^^^^^^^^^^^^^^^^^^^^
    ...<3 lines>...
    )
    ^
  File "C:\Users\фыа\AppData\Local\Programs\Python\Python314\Lib\site-packages\fastapi\routing.py", line 354, in run_endpoint_function
    return await run_in_threadpool(dependant.call, **values)
           ^^^^^^^^^^^^^^^^^^^^^^^^^^^^^^^^^^^^^^^^^^^^^^^^^
  File "C:\Users\фыа\AppData\Local\Programs\Python\Python314\Lib\site-packages\starlette\concurrency.py", line 34, in run_in_threadpool
    return await anyio.to_thread.run_sync(func)
           ^^^^^^^^^^^^^^^^^^^^^^^^^^^^^^^^^^^^
  File "C:\Users\фыа\AppData\Local\Programs\Python\Python314\Lib\site-packages\anyio\to_thread.py", line 63, in run_sync
    return await get_async_backend().run_sync_in_worker_thread(
           ^^^^^^^^^^^^^^^^^^^^^^^^^^^^^^^^^^^^^^^^^^^^^^^^^^^^
        func, args, abandon_on_cancel=abandon_on_cancel, limiter=limiter
        ^^^^^^^^^^^^^^^^^^^^^^^^^^^^^^^^^^^^^^^^^^^^^^^^^^^^^^^^^^^^^^^^
    )
    ^
  File "C:\Users\фыа\AppData\Local\Programs\Python\Python314\Lib\site-packages\anyio\_backends\_asyncio.py", line 2596, in run_sync_in_worker_thread
    return await future
           ^^^^^^^^^^^^
  File "C:\Users\фыа\AppData\Local\Programs\Python\Python314\Lib\site-packages\anyio\_backends\_asyncio.py", line 1029, in run
    result = context.run(func, *args)
  File "C:\Users\фыа\Documents\Obsidian Vault\Programs\JobMatrix\api\routes\notifications.py", line 24, in list_events
    q = q.filter(Event.read_at.is_(None))
  File "<string>", line 2, in filter
  File "C:\Users\фыа\AppData\Local\Programs\Python\Python314\Lib\site-packages\sqlalchemy\sql\base.py", line 284, in _generative
    x = fn(self, *args, **kw)
  File "<string>", line 2, in filter
  File "C:\Users\фыа\AppData\Local\Programs\Python\Python314\Lib\site-packages\sqlalchemy\orm\base.py", line 303, in generate
    assertion(self, fn.__name__)
    ~~~~~~~~~^^^^^^^^^^^^^^^^^^^
  File "C:\Users\фыа\AppData\Local\Programs\Python\Python314\Lib\site-packages\sqlalchemy\orm\query.py", line 444, in _no_limit_offset
    raise sa_exc.InvalidRequestError(
    ...<3 lines>...
    )
sqlalchemy.exc.InvalidRequestError: Query.filter() being called on a Query which already has LIMIT or OFFSET applied.  Call filter() before limit() or offset() are applied.
INFO:     127.0.0.1:58328 - "GET /api/notifications?unread=1 HTTP/1.1" 500 Internal Server Error
ERROR:    Exception in ASGI application
Traceback (most recent call last):
  File "C:\Users\фыа\AppData\Local\Programs\Python\Python314\Lib\site-packages\uvicorn\protocols\http\httptools_impl.py", line 422, in run_asgi
    result = await app(  # type: ignore[func-returns-value]
             ^^^^^^^^^^^^^^^^^^^^^^^^^^^^^^^^^^^^^^^^^^^^^^
        self.scope, self.receive, self.send
        ^^^^^^^^^^^^^^^^^^^^^^^^^^^^^^^^^^^
    )
    ^
  File "C:\Users\фыа\AppData\Local\Programs\Python\Python314\Lib\site-packages\uvicorn\middleware\proxy_headers.py", line 63, in __call__
    return await self.app(scope, receive, send)
           ^^^^^^^^^^^^^^^^^^^^^^^^^^^^^^^^^^^^
  File "C:\Users\фыа\AppData\Local\Programs\Python\Python314\Lib\site-packages\fastapi\applications.py", line 1163, in __call__
    await super().__call__(scope, receive, send)
  File "C:\Users\фыа\AppData\Local\Programs\Python\Python314\Lib\site-packages\starlette\applications.py", line 96, in __call__
    await self.middleware_stack(scope, receive, send)
  File "C:\Users\фыа\AppData\Local\Programs\Python\Python314\Lib\site-packages\starlette\middleware\errors.py", line 186, in __call__
    raise exc
  File "C:\Users\фыа\AppData\Local\Programs\Python\Python314\Lib\site-packages\starlette\middleware\errors.py", line 164, in __call__
    await self.app(scope, receive, _send)
  File "C:\Users\фыа\AppData\Local\Programs\Python\Python314\Lib\site-packages\starlette\middleware\cors.py", line 88, in __call__
    await self.app(scope, receive, send)
  File "C:\Users\фыа\AppData\Local\Programs\Python\Python314\Lib\site-packages\starlette\middleware\exceptions.py", line 63, in __call__
    await wrap_app_handling_exceptions(self.app, conn)(scope, receive, send)
  File "C:\Users\фыа\AppData\Local\Programs\Python\Python314\Lib\site-packages\starlette\_exception_handler.py", line 53, in wrapped_app
    raise exc
  File "C:\Users\фыа\AppData\Local\Programs\Python\Python314\Lib\site-packages\starlette\_exception_handler.py", line 42, in wrapped_app
    await app(scope, receive, sender)
  File "C:\Users\фыа\AppData\Local\Programs\Python\Python314\Lib\site-packages\fastapi\middleware\asyncexitstack.py", line 18, in __call__
    await self.app(scope, receive, send)
  File "C:\Users\фыа\AppData\Local\Programs\Python\Python314\Lib\site-packages\starlette\routing.py", line 670, in __call__
    await self.middleware_stack(scope, receive, send)
  File "C:\Users\фыа\AppData\Local\Programs\Python\Python314\Lib\site-packages\fastapi\routing.py", line 2734, in app
    await route.handle(scope, receive, send)
  File "C:\Users\фыа\AppData\Local\Programs\Python\Python314\Lib\site-packages\fastapi\routing.py", line 1780, in handle
    await self.original_router.handle(scope, receive, send)
  File "C:\Users\фыа\AppData\Local\Programs\Python\Python314\Lib\site-packages\fastapi\routing.py", line 2789, in handle
    await included_router._handle_selected(scope, receive, send)
  File "C:\Users\фыа\AppData\Local\Programs\Python\Python314\Lib\site-packages\fastapi\routing.py", line 1800, in _handle_selected
    await original_route.handle(scope, receive, send)
  File "C:\Users\фыа\AppData\Local\Programs\Python\Python314\Lib\site-packages\fastapi\routing.py", line 1279, in handle
    await app(scope, receive, send)
  File "C:\Users\фыа\AppData\Local\Programs\Python\Python314\Lib\site-packages\fastapi\routing.py", line 158, in app
    await wrap_app_handling_exceptions(app, request)(scope, receive, send)
  File "C:\Users\фыа\AppData\Local\Programs\Python\Python314\Lib\site-packages\starlette\_exception_handler.py", line 53, in wrapped_app
    raise exc
  File "C:\Users\фыа\AppData\Local\Programs\Python\Python314\Lib\site-packages\starlette\_exception_handler.py", line 42, in wrapped_app
    await app(scope, receive, sender)
  File "C:\Users\фыа\AppData\Local\Programs\Python\Python314\Lib\site-packages\fastapi\routing.py", line 144, in app
    response = await f(request)
               ^^^^^^^^^^^^^^^^
  File "C:\Users\фыа\AppData\Local\Programs\Python\Python314\Lib\site-packages\fastapi\routing.py", line 706, in app
    raw_response = await run_endpoint_function(
                   ^^^^^^^^^^^^^^^^^^^^^^^^^^^^
    ...<3 lines>...
    )
    ^
  File "C:\Users\фыа\AppData\Local\Programs\Python\Python314\Lib\site-packages\fastapi\routing.py", line 354, in run_endpoint_function
    return await run_in_threadpool(dependant.call, **values)
           ^^^^^^^^^^^^^^^^^^^^^^^^^^^^^^^^^^^^^^^^^^^^^^^^^
  File "C:\Users\фыа\AppData\Local\Programs\Python\Python314\Lib\site-packages\starlette\concurrency.py", line 34, in run_in_threadpool
    return await anyio.to_thread.run_sync(func)
           ^^^^^^^^^^^^^^^^^^^^^^^^^^^^^^^^^^^^
  File "C:\Users\фыа\AppData\Local\Programs\Python\Python314\Lib\site-packages\anyio\to_thread.py", line 63, in run_sync
    return await get_async_backend().run_sync_in_worker_thread(
           ^^^^^^^^^^^^^^^^^^^^^^^^^^^^^^^^^^^^^^^^^^^^^^^^^^^^
        func, args, abandon_on_cancel=abandon_on_cancel, limiter=limiter
        ^^^^^^^^^^^^^^^^^^^^^^^^^^^^^^^^^^^^^^^^^^^^^^^^^^^^^^^^^^^^^^^^
    )
    ^
  File "C:\Users\фыа\AppData\Local\Programs\Python\Python314\Lib\site-packages\anyio\_backends\_asyncio.py", line 2596, in run_sync_in_worker_thread
    return await future
           ^^^^^^^^^^^^
  File "C:\Users\фыа\AppData\Local\Programs\Python\Python314\Lib\site-packages\anyio\_backends\_asyncio.py", line 1029, in run
    result = context.run(func, *args)
  File "C:\Users\фыа\Documents\Obsidian Vault\Programs\JobMatrix\api\routes\notifications.py", line 24, in list_events
    q = q.filter(Event.read_at.is_(None))
  File "<string>", line 2, in filter
  File "C:\Users\фыа\AppData\Local\Programs\Python\Python314\Lib\site-packages\sqlalchemy\sql\base.py", line 284, in _generative
    x = fn(self, *args, **kw)
  File "<string>", line 2, in filter
  File "C:\Users\фыа\AppData\Local\Programs\Python\Python314\Lib\site-packages\sqlalchemy\orm\base.py", line 303, in generate
    assertion(self, fn.__name__)
    ~~~~~~~~~^^^^^^^^^^^^^^^^^^^
  File "C:\Users\фыа\AppData\Local\Programs\Python\Python314\Lib\site-packages\sqlalchemy\orm\query.py", line 444, in _no_limit_offset
    raise sa_exc.InvalidRequestError(
    ...<3 lines>...
    )
sqlalchemy.exc.InvalidRequestError: Query.filter() being called on a Query which already has LIMIT or OFFSET applied.  Call filter() before limit() or offset() are applied.
INFO:     127.0.0.1:54450 - "GET /api/vacancies HTTP/1.1" 200 OK
INFO:     127.0.0.1:54011 - "GET /api/notifications?unread=1 HTTP/1.1" 500 Internal Server Error
ERROR:    Exception in ASGI application
Traceback (most recent call last):
  File "C:\Users\фыа\AppData\Local\Programs\Python\Python314\Lib\site-packages\uvicorn\protocols\http\httptools_impl.py", line 422, in run_asgi
    result = await app(  # type: ignore[func-returns-value]
             ^^^^^^^^^^^^^^^^^^^^^^^^^^^^^^^^^^^^^^^^^^^^^^
        self.scope, self.receive, self.send
        ^^^^^^^^^^^^^^^^^^^^^^^^^^^^^^^^^^^
    )
    ^
  File "C:\Users\фыа\AppData\Local\Programs\Python\Python314\Lib\site-packages\uvicorn\middleware\proxy_headers.py", line 63, in __call__
    return await self.app(scope, receive, send)
           ^^^^^^^^^^^^^^^^^^^^^^^^^^^^^^^^^^^^
  File "C:\Users\фыа\AppData\Local\Programs\Python\Python314\Lib\site-packages\fastapi\applications.py", line 1163, in __call__
    await super().__call__(scope, receive, send)
  File "C:\Users\фыа\AppData\Local\Programs\Python\Python314\Lib\site-packages\starlette\applications.py", line 96, in __call__
    await self.middleware_stack(scope, receive, send)
  File "C:\Users\фыа\AppData\Local\Programs\Python\Python314\Lib\site-packages\starlette\middleware\errors.py", line 186, in __call__
    raise exc
  File "C:\Users\фыа\AppData\Local\Programs\Python\Python314\Lib\site-packages\starlette\middleware\errors.py", line 164, in __call__
    await self.app(scope, receive, _send)
  File "C:\Users\фыа\AppData\Local\Programs\Python\Python314\Lib\site-packages\starlette\middleware\cors.py", line 88, in __call__
    await self.app(scope, receive, send)
  File "C:\Users\фыа\AppData\Local\Programs\Python\Python314\Lib\site-packages\starlette\middleware\exceptions.py", line 63, in __call__
    await wrap_app_handling_exceptions(self.app, conn)(scope, receive, send)
  File "C:\Users\фыа\AppData\Local\Programs\Python\Python314\Lib\site-packages\starlette\_exception_handler.py", line 53, in wrapped_app
    raise exc
  File "C:\Users\фыа\AppData\Local\Programs\Python\Python314\Lib\site-packages\starlette\_exception_handler.py", line 42, in wrapped_app
    await app(scope, receive, sender)
  File "C:\Users\фыа\AppData\Local\Programs\Python\Python314\Lib\site-packages\fastapi\middleware\asyncexitstack.py", line 18, in __call__
    await self.app(scope, receive, send)
  File "C:\Users\фыа\AppData\Local\Programs\Python\Python314\Lib\site-packages\starlette\routing.py", line 670, in __call__
    await self.middleware_stack(scope, receive, send)
  File "C:\Users\фыа\AppData\Local\Programs\Python\Python314\Lib\site-packages\fastapi\routing.py", line 2734, in app
    await route.handle(scope, receive, send)
  File "C:\Users\фыа\AppData\Local\Programs\Python\Python314\Lib\site-packages\fastapi\routing.py", line 1780, in handle
    await self.original_router.handle(scope, receive, send)
  File "C:\Users\фыа\AppData\Local\Programs\Python\Python314\Lib\site-packages\fastapi\routing.py", line 2789, in handle
    await included_router._handle_selected(scope, receive, send)
  File "C:\Users\фыа\AppData\Local\Programs\Python\Python314\Lib\site-packages\fastapi\routing.py", line 1800, in _handle_selected
    await original_route.handle(scope, receive, send)
  File "C:\Users\фыа\AppData\Local\Programs\Python\Python314\Lib\site-packages\fastapi\routing.py", line 1279, in handle
    await app(scope, receive, send)
  File "C:\Users\фыа\AppData\Local\Programs\Python\Python314\Lib\site-packages\fastapi\routing.py", line 158, in app
    await wrap_app_handling_exceptions(app, request)(scope, receive, send)
  File "C:\Users\фыа\AppData\Local\Programs\Python\Python314\Lib\site-packages\starlette\_exception_handler.py", line 53, in wrapped_app
    raise exc
  File "C:\Users\фыа\AppData\Local\Programs\Python\Python314\Lib\site-packages\starlette\_exception_handler.py", line 42, in wrapped_app
    await app(scope, receive, sender)
  File "C:\Users\фыа\AppData\Local\Programs\Python\Python314\Lib\site-packages\fastapi\routing.py", line 144, in app
    response = await f(request)
               ^^^^^^^^^^^^^^^^
  File "C:\Users\фыа\AppData\Local\Programs\Python\Python314\Lib\site-packages\fastapi\routing.py", line 706, in app
    raw_response = await run_endpoint_function(
                   ^^^^^^^^^^^^^^^^^^^^^^^^^^^^
    ...<3 lines>...
    )
    ^
  File "C:\Users\фыа\AppData\Local\Programs\Python\Python314\Lib\site-packages\fastapi\routing.py", line 354, in run_endpoint_function
    return await run_in_threadpool(dependant.call, **values)
           ^^^^^^^^^^^^^^^^^^^^^^^^^^^^^^^^^^^^^^^^^^^^^^^^^
  File "C:\Users\фыа\AppData\Local\Programs\Python\Python314\Lib\site-packages\starlette\concurrency.py", line 34, in run_in_threadpool
    return await anyio.to_thread.run_sync(func)
           ^^^^^^^^^^^^^^^^^^^^^^^^^^^^^^^^^^^^
  File "C:\Users\фыа\AppData\Local\Programs\Python\Python314\Lib\site-packages\anyio\to_thread.py", line 63, in run_sync
    return await get_async_backend().run_sync_in_worker_thread(
           ^^^^^^^^^^^^^^^^^^^^^^^^^^^^^^^^^^^^^^^^^^^^^^^^^^^^
        func, args, abandon_on_cancel=abandon_on_cancel, limiter=limiter
        ^^^^^^^^^^^^^^^^^^^^^^^^^^^^^^^^^^^^^^^^^^^^^^^^^^^^^^^^^^^^^^^^
    )
    ^
  File "C:\Users\фыа\AppData\Local\Programs\Python\Python314\Lib\site-packages\anyio\_backends\_asyncio.py", line 2596, in run_sync_in_worker_thread
    return await future
           ^^^^^^^^^^^^
  File "C:\Users\фыа\AppData\Local\Programs\Python\Python314\Lib\site-packages\anyio\_backends\_asyncio.py", line 1029, in run
    result = context.run(func, *args)
  File "C:\Users\фыа\Documents\Obsidian Vault\Programs\JobMatrix\api\routes\notifications.py", line 24, in list_events
    q = q.filter(Event.read_at.is_(None))
  File "<string>", line 2, in filter
  File "C:\Users\фыа\AppData\Local\Programs\Python\Python314\Lib\site-packages\sqlalchemy\sql\base.py", line 284, in _generative
    x = fn(self, *args, **kw)
  File "<string>", line 2, in filter
  File "C:\Users\фыа\AppData\Local\Programs\Python\Python314\Lib\site-packages\sqlalchemy\orm\base.py", line 303, in generate
    assertion(self, fn.__name__)
    ~~~~~~~~~^^^^^^^^^^^^^^^^^^^
  File "C:\Users\фыа\AppData\Local\Programs\Python\Python314\Lib\site-packages\sqlalchemy\orm\query.py", line 444, in _no_limit_offset
    raise sa_exc.InvalidRequestError(
    ...<3 lines>...
    )
sqlalchemy.exc.InvalidRequestError: Query.filter() being called on a Query which already has LIMIT or OFFSET applied.  Call filter() before limit() or offset() are applied.
INFO:     127.0.0.1:54432 - "GET /api/vacancies HTTP/1.1" 200 OK
2026-08-19 08:04:21,399 INFO jobmatrix: Сбор: проверено 11, новых событий 6
INFO:     127.0.0.1:64847 - "GET /api/notifications?unread=1 HTTP/1.1" 500 Internal Server Error
ERROR:    Exception in ASGI application
Traceback (most recent call last):
  File "C:\Users\фыа\AppData\Local\Programs\Python\Python314\Lib\site-packages\uvicorn\protocols\http\httptools_impl.py", line 422, in run_asgi
    result = await app(  # type: ignore[func-returns-value]
             ^^^^^^^^^^^^^^^^^^^^^^^^^^^^^^^^^^^^^^^^^^^^^^
        self.scope, self.receive, self.send
        ^^^^^^^^^^^^^^^^^^^^^^^^^^^^^^^^^^^
    )
    ^
  File "C:\Users\фыа\AppData\Local\Programs\Python\Python314\Lib\site-packages\uvicorn\middleware\proxy_headers.py", line 63, in __call__
    return await self.app(scope, receive, send)
           ^^^^^^^^^^^^^^^^^^^^^^^^^^^^^^^^^^^^
  File "C:\Users\фыа\AppData\Local\Programs\Python\Python314\Lib\site-packages\fastapi\applications.py", line 1163, in __call__
    await super().__call__(scope, receive, send)
  File "C:\Users\фыа\AppData\Local\Programs\Python\Python314\Lib\site-packages\starlette\applications.py", line 96, in __call__
    await self.middleware_stack(scope, receive, send)
  File "C:\Users\фыа\AppData\Local\Programs\Python\Python314\Lib\site-packages\starlette\middleware\errors.py", line 186, in __call__
    raise exc
  File "C:\Users\фыа\AppData\Local\Programs\Python\Python314\Lib\site-packages\starlette\middleware\errors.py", line 164, in __call__
    await self.app(scope, receive, _send)
  File "C:\Users\фыа\AppData\Local\Programs\Python\Python314\Lib\site-packages\starlette\middleware\cors.py", line 88, in __call__
    await self.app(scope, receive, send)
  File "C:\Users\фыа\AppData\Local\Programs\Python\Python314\Lib\site-packages\starlette\middleware\exceptions.py", line 63, in __call__
    await wrap_app_handling_exceptions(self.app, conn)(scope, receive, send)
  File "C:\Users\фыа\AppData\Local\Programs\Python\Python314\Lib\site-packages\starlette\_exception_handler.py", line 53, in wrapped_app
    raise exc
  File "C:\Users\фыа\AppData\Local\Programs\Python\Python314\Lib\site-packages\starlette\_exception_handler.py", line 42, in wrapped_app
    await app(scope, receive, sender)
  File "C:\Users\фыа\AppData\Local\Programs\Python\Python314\Lib\site-packages\fastapi\middleware\asyncexitstack.py", line 18, in __call__
    await self.app(scope, receive, send)
  File "C:\Users\фыа\AppData\Local\Programs\Python\Python314\Lib\site-packages\starlette\routing.py", line 670, in __call__
    await self.middleware_stack(scope, receive, send)
  File "C:\Users\фыа\AppData\Local\Programs\Python\Python314\Lib\site-packages\fastapi\routing.py", line 2734, in app
    await route.handle(scope, receive, send)
  File "C:\Users\фыа\AppData\Local\Programs\Python\Python314\Lib\site-packages\fastapi\routing.py", line 1780, in handle
    await self.original_router.handle(scope, receive, send)
  File "C:\Users\фыа\AppData\Local\Programs\Python\Python314\Lib\site-packages\fastapi\routing.py", line 2789, in handle
    await included_router._handle_selected(scope, receive, send)
  File "C:\Users\фыа\AppData\Local\Programs\Python\Python314\Lib\site-packages\fastapi\routing.py", line 1800, in _handle_selected
    await original_route.handle(scope, receive, send)
  File "C:\Users\фыа\AppData\Local\Programs\Python\Python314\Lib\site-packages\fastapi\routing.py", line 1279, in handle
    await app(scope, receive, send)
  File "C:\Users\фыа\AppData\Local\Programs\Python\Python314\Lib\site-packages\fastapi\routing.py", line 158, in app
    await wrap_app_handling_exceptions(app, request)(scope, receive, send)
  File "C:\Users\фыа\AppData\Local\Programs\Python\Python314\Lib\site-packages\starlette\_exception_handler.py", line 53, in wrapped_app
    raise exc
  File "C:\Users\фыа\AppData\Local\Programs\Python\Python314\Lib\site-packages\starlette\_exception_handler.py", line 42, in wrapped_app
    await app(scope, receive, sender)
  File "C:\Users\фыа\AppData\Local\Programs\Python\Python314\Lib\site-packages\fastapi\routing.py", line 144, in app
    response = await f(request)
               ^^^^^^^^^^^^^^^^
  File "C:\Users\фыа\AppData\Local\Programs\Python\Python314\Lib\site-packages\fastapi\routing.py", line 706, in app
    raw_response = await run_endpoint_function(
                   ^^^^^^^^^^^^^^^^^^^^^^^^^^^^
    ...<3 lines>...
    )
    ^
  File "C:\Users\фыа\AppData\Local\Programs\Python\Python314\Lib\site-packages\fastapi\routing.py", line 354, in run_endpoint_function
    return await run_in_threadpool(dependant.call, **values)
           ^^^^^^^^^^^^^^^^^^^^^^^^^^^^^^^^^^^^^^^^^^^^^^^^^
  File "C:\Users\фыа\AppData\Local\Programs\Python\Python314\Lib\site-packages\starlette\concurrency.py", line 34, in run_in_threadpool
    return await anyio.to_thread.run_sync(func)
           ^^^^^^^^^^^^^^^^^^^^^^^^^^^^^^^^^^^^
  File "C:\Users\фыа\AppData\Local\Programs\Python\Python314\Lib\site-packages\anyio\to_thread.py", line 63, in run_sync
    return await get_async_backend().run_sync_in_worker_thread(
           ^^^^^^^^^^^^^^^^^^^^^^^^^^^^^^^^^^^^^^^^^^^^^^^^^^^^
        func, args, abandon_on_cancel=abandon_on_cancel, limiter=limiter
        ^^^^^^^^^^^^^^^^^^^^^^^^^^^^^^^^^^^^^^^^^^^^^^^^^^^^^^^^^^^^^^^^
    )
    ^
  File "C:\Users\фыа\AppData\Local\Programs\Python\Python314\Lib\site-packages\anyio\_backends\_asyncio.py", line 2596, in run_sync_in_worker_thread
    return await future
           ^^^^^^^^^^^^
  File "C:\Users\фыа\AppData\Local\Programs\Python\Python314\Lib\site-packages\anyio\_backends\_asyncio.py", line 1029, in run
    result = context.run(func, *args)
  File "C:\Users\фыа\Documents\Obsidian Vault\Programs\JobMatrix\api\routes\notifications.py", line 24, in list_events
    q = q.filter(Event.read_at.is_(None))
  File "<string>", line 2, in filter
  File "C:\Users\фыа\AppData\Local\Programs\Python\Python314\Lib\site-packages\sqlalchemy\sql\base.py", line 284, in _generative
    x = fn(self, *args, **kw)
  File "<string>", line 2, in filter
  File "C:\Users\фыа\AppData\Local\Programs\Python\Python314\Lib\site-packages\sqlalchemy\orm\base.py", line 303, in generate
    assertion(self, fn.__name__)
    ~~~~~~~~~^^^^^^^^^^^^^^^^^^^
  File "C:\Users\фыа\AppData\Local\Programs\Python\Python314\Lib\site-packages\sqlalchemy\orm\query.py", line 444, in _no_limit_offset
    raise sa_exc.InvalidRequestError(
    ...<3 lines>...
    )
sqlalchemy.exc.InvalidRequestError: Query.filter() being called on a Query which already has LIMIT or OFFSET applied.  Call filter() before limit() or offset() are applied.
INFO:     127.0.0.1:51625 - "GET /api/vacancies HTTP/1.1" 200 OK
INFO:     127.0.0.1:55331 - "GET /api/notifications?unread=1 HTTP/1.1" 500 Internal Server Error
ERROR:    Exception in ASGI application
Traceback (most recent call last):
  File "C:\Users\фыа\AppData\Local\Programs\Python\Python314\Lib\site-packages\uvicorn\protocols\http\httptools_impl.py", line 422, in run_asgi
    result = await app(  # type: ignore[func-returns-value]
             ^^^^^^^^^^^^^^^^^^^^^^^^^^^^^^^^^^^^^^^^^^^^^^
        self.scope, self.receive, self.send
        ^^^^^^^^^^^^^^^^^^^^^^^^^^^^^^^^^^^
    )
    ^
  File "C:\Users\фыа\AppData\Local\Programs\Python\Python314\Lib\site-packages\uvicorn\middleware\proxy_headers.py", line 63, in __call__
    return await self.app(scope, receive, send)
           ^^^^^^^^^^^^^^^^^^^^^^^^^^^^^^^^^^^^
  File "C:\Users\фыа\AppData\Local\Programs\Python\Python314\Lib\site-packages\fastapi\applications.py", line 1163, in __call__
    await super().__call__(scope, receive, send)
  File "C:\Users\фыа\AppData\Local\Programs\Python\Python314\Lib\site-packages\starlette\applications.py", line 96, in __call__
    await self.middleware_stack(scope, receive, send)
  File "C:\Users\фыа\AppData\Local\Programs\Python\Python314\Lib\site-packages\starlette\middleware\errors.py", line 186, in __call__
    raise exc
  File "C:\Users\фыа\AppData\Local\Programs\Python\Python314\Lib\site-packages\starlette\middleware\errors.py", line 164, in __call__
    await self.app(scope, receive, _send)
  File "C:\Users\фыа\AppData\Local\Programs\Python\Python314\Lib\site-packages\starlette\middleware\cors.py", line 88, in __call__
    await self.app(scope, receive, send)
  File "C:\Users\фыа\AppData\Local\Programs\Python\Python314\Lib\site-packages\starlette\middleware\exceptions.py", line 63, in __call__
    await wrap_app_handling_exceptions(self.app, conn)(scope, receive, send)
  File "C:\Users\фыа\AppData\Local\Programs\Python\Python314\Lib\site-packages\starlette\_exception_handler.py", line 53, in wrapped_app
    raise exc
  File "C:\Users\фыа\AppData\Local\Programs\Python\Python314\Lib\site-packages\starlette\_exception_handler.py", line 42, in wrapped_app
    await app(scope, receive, sender)
  File "C:\Users\фыа\AppData\Local\Programs\Python\Python314\Lib\site-packages\fastapi\middleware\asyncexitstack.py", line 18, in __call__
    await self.app(scope, receive, send)
  File "C:\Users\фыа\AppData\Local\Programs\Python\Python314\Lib\site-packages\starlette\routing.py", line 670, in __call__
    await self.middleware_stack(scope, receive, send)
  File "C:\Users\фыа\AppData\Local\Programs\Python\Python314\Lib\site-packages\fastapi\routing.py", line 2734, in app
    await route.handle(scope, receive, send)
  File "C:\Users\фыа\AppData\Local\Programs\Python\Python314\Lib\site-packages\fastapi\routing.py", line 1780, in handle
    await self.original_router.handle(scope, receive, send)
  File "C:\Users\фыа\AppData\Local\Programs\Python\Python314\Lib\site-packages\fastapi\routing.py", line 2789, in handle
    await included_router._handle_selected(scope, receive, send)
  File "C:\Users\фыа\AppData\Local\Programs\Python\Python314\Lib\site-packages\fastapi\routing.py", line 1800, in _handle_selected
    await original_route.handle(scope, receive, send)
  File "C:\Users\фыа\AppData\Local\Programs\Python\Python314\Lib\site-packages\fastapi\routing.py", line 1279, in handle
    await app(scope, receive, send)
  File "C:\Users\фыа\AppData\Local\Programs\Python\Python314\Lib\site-packages\fastapi\routing.py", line 158, in app
    await wrap_app_handling_exceptions(app, request)(scope, receive, send)
  File "C:\Users\фыа\AppData\Local\Programs\Python\Python314\Lib\site-packages\starlette\_exception_handler.py", line 53, in wrapped_app
    raise exc
  File "C:\Users\фыа\AppData\Local\Programs\Python\Python314\Lib\site-packages\starlette\_exception_handler.py", line 42, in wrapped_app
    await app(scope, receive, sender)
  File "C:\Users\фыа\AppData\Local\Programs\Python\Python314\Lib\site-packages\fastapi\routing.py", line 144, in app
    response = await f(request)
               ^^^^^^^^^^^^^^^^
  File "C:\Users\фыа\AppData\Local\Programs\Python\Python314\Lib\site-packages\fastapi\routing.py", line 706, in app
    raw_response = await run_endpoint_function(
                   ^^^^^^^^^^^^^^^^^^^^^^^^^^^^
    ...<3 lines>...
    )
    ^
  File "C:\Users\фыа\AppData\Local\Programs\Python\Python314\Lib\site-packages\fastapi\routing.py", line 354, in run_endpoint_function
    return await run_in_threadpool(dependant.call, **values)
           ^^^^^^^^^^^^^^^^^^^^^^^^^^^^^^^^^^^^^^^^^^^^^^^^^
  File "C:\Users\фыа\AppData\Local\Programs\Python\Python314\Lib\site-packages\starlette\concurrency.py", line 34, in run_in_threadpool
    return await anyio.to_thread.run_sync(func)
           ^^^^^^^^^^^^^^^^^^^^^^^^^^^^^^^^^^^^
  File "C:\Users\фыа\AppData\Local\Programs\Python\Python314\Lib\site-packages\anyio\to_thread.py", line 63, in run_sync
    return await get_async_backend().run_sync_in_worker_thread(
           ^^^^^^^^^^^^^^^^^^^^^^^^^^^^^^^^^^^^^^^^^^^^^^^^^^^^
        func, args, abandon_on_cancel=abandon_on_cancel, limiter=limiter
        ^^^^^^^^^^^^^^^^^^^^^^^^^^^^^^^^^^^^^^^^^^^^^^^^^^^^^^^^^^^^^^^^
    )
    ^
  File "C:\Users\фыа\AppData\Local\Programs\Python\Python314\Lib\site-packages\anyio\_backends\_asyncio.py", line 2596, in run_sync_in_worker_thread
    return await future
           ^^^^^^^^^^^^
  File "C:\Users\фыа\AppData\Local\Programs\Python\Python314\Lib\site-packages\anyio\_backends\_asyncio.py", line 1029, in run
    result = context.run(func, *args)
  File "C:\Users\фыа\Documents\Obsidian Vault\Programs\JobMatrix\api\routes\notifications.py", line 24, in list_events
    q = q.filter(Event.read_at.is_(None))
  File "<string>", line 2, in filter
  File "C:\Users\фыа\AppData\Local\Programs\Python\Python314\Lib\site-packages\sqlalchemy\sql\base.py", line 284, in _generative
    x = fn(self, *args, **kw)
  File "<string>", line 2, in filter
  File "C:\Users\фыа\AppData\Local\Programs\Python\Python314\Lib\site-packages\sqlalchemy\orm\base.py", line 303, in generate
    assertion(self, fn.__name__)
    ~~~~~~~~~^^^^^^^^^^^^^^^^^^^
  File "C:\Users\фыа\AppData\Local\Programs\Python\Python314\Lib\site-packages\sqlalchemy\orm\query.py", line 444, in _no_limit_offset
    raise sa_exc.InvalidRequestError(
    ...<3 lines>...
    )
sqlalchemy.exc.InvalidRequestError: Query.filter() being called on a Query which already has LIMIT or OFFSET applied.  Call filter() before limit() or offset() are applied.
INFO:     127.0.0.1:61011 - "GET /api/notifications?unread=1 HTTP/1.1" 500 Internal Server Error
ERROR:    Exception in ASGI application
Traceback (most recent call last):
  File "C:\Users\фыа\AppData\Local\Programs\Python\Python314\Lib\site-packages\uvicorn\protocols\http\httptools_impl.py", line 422, in run_asgi
    result = await app(  # type: ignore[func-returns-value]
             ^^^^^^^^^^^^^^^^^^^^^^^^^^^^^^^^^^^^^^^^^^^^^^
        self.scope, self.receive, self.send
        ^^^^^^^^^^^^^^^^^^^^^^^^^^^^^^^^^^^
    )
    ^
  File "C:\Users\фыа\AppData\Local\Programs\Python\Python314\Lib\site-packages\uvicorn\middleware\proxy_headers.py", line 63, in __call__
    return await self.app(scope, receive, send)
           ^^^^^^^^^^^^^^^^^^^^^^^^^^^^^^^^^^^^
  File "C:\Users\фыа\AppData\Local\Programs\Python\Python314\Lib\site-packages\fastapi\applications.py", line 1163, in __call__
    await super().__call__(scope, receive, send)
  File "C:\Users\фыа\AppData\Local\Programs\Python\Python314\Lib\site-packages\starlette\applications.py", line 96, in __call__
    await self.middleware_stack(scope, receive, send)
  File "C:\Users\фыа\AppData\Local\Programs\Python\Python314\Lib\site-packages\starlette\middleware\errors.py", line 186, in __call__
    raise exc
  File "C:\Users\фыа\AppData\Local\Programs\Python\Python314\Lib\site-packages\starlette\middleware\errors.py", line 164, in __call__
    await self.app(scope, receive, _send)
  File "C:\Users\фыа\AppData\Local\Programs\Python\Python314\Lib\site-packages\starlette\middleware\cors.py", line 88, in __call__
    await self.app(scope, receive, send)
  File "C:\Users\фыа\AppData\Local\Programs\Python\Python314\Lib\site-packages\starlette\middleware\exceptions.py", line 63, in __call__
    await wrap_app_handling_exceptions(self.app, conn)(scope, receive, send)
  File "C:\Users\фыа\AppData\Local\Programs\Python\Python314\Lib\site-packages\starlette\_exception_handler.py", line 53, in wrapped_app
    raise exc
  File "C:\Users\фыа\AppData\Local\Programs\Python\Python314\Lib\site-packages\starlette\_exception_handler.py", line 42, in wrapped_app
    await app(scope, receive, sender)
  File "C:\Users\фыа\AppData\Local\Programs\Python\Python314\Lib\site-packages\fastapi\middleware\asyncexitstack.py", line 18, in __call__
    await self.app(scope, receive, send)
  File "C:\Users\фыа\AppData\Local\Programs\Python\Python314\Lib\site-packages\starlette\routing.py", line 670, in __call__
    await self.middleware_stack(scope, receive, send)
  File "C:\Users\фыа\AppData\Local\Programs\Python\Python314\Lib\site-packages\fastapi\routing.py", line 2734, in app
    await route.handle(scope, receive, send)
  File "C:\Users\фыа\AppData\Local\Programs\Python\Python314\Lib\site-packages\fastapi\routing.py", line 1780, in handle
    await self.original_router.handle(scope, receive, send)
  File "C:\Users\фыа\AppData\Local\Programs\Python\Python314\Lib\site-packages\fastapi\routing.py", line 2789, in handle
    await included_router._handle_selected(scope, receive, send)
  File "C:\Users\фыа\AppData\Local\Programs\Python\Python314\Lib\site-packages\fastapi\routing.py", line 1800, in _handle_selected
    await original_route.handle(scope, receive, send)
  File "C:\Users\фыа\AppData\Local\Programs\Python\Python314\Lib\site-packages\fastapi\routing.py", line 1279, in handle
    await app(scope, receive, send)
  File "C:\Users\фыа\AppData\Local\Programs\Python\Python314\Lib\site-packages\fastapi\routing.py", line 158, in app
    await wrap_app_handling_exceptions(app, request)(scope, receive, send)
  File "C:\Users\фыа\AppData\Local\Programs\Python\Python314\Lib\site-packages\starlette\_exception_handler.py", line 53, in wrapped_app
    raise exc
  File "C:\Users\фыа\AppData\Local\Programs\Python\Python314\Lib\site-packages\starlette\_exception_handler.py", line 42, in wrapped_app
    await app(scope, receive, sender)
  File "C:\Users\фыа\AppData\Local\Programs\Python\Python314\Lib\site-packages\fastapi\routing.py", line 144, in app
    response = await f(request)
               ^^^^^^^^^^^^^^^^
  File "C:\Users\фыа\AppData\Local\Programs\Python\Python314\Lib\site-packages\fastapi\routing.py", line 706, in app
    raw_response = await run_endpoint_function(
                   ^^^^^^^^^^^^^^^^^^^^^^^^^^^^
    ...<3 lines>...
    )
    ^
  File "C:\Users\фыа\AppData\Local\Programs\Python\Python314\Lib\site-packages\fastapi\routing.py", line 354, in run_endpoint_function
    return await run_in_threadpool(dependant.call, **values)
           ^^^^^^^^^^^^^^^^^^^^^^^^^^^^^^^^^^^^^^^^^^^^^^^^^
  File "C:\Users\фыа\AppData\Local\Programs\Python\Python314\Lib\site-packages\starlette\concurrency.py", line 34, in run_in_threadpool
    return await anyio.to_thread.run_sync(func)
           ^^^^^^^^^^^^^^^^^^^^^^^^^^^^^^^^^^^^
  File "C:\Users\фыа\AppData\Local\Programs\Python\Python314\Lib\site-packages\anyio\to_thread.py", line 63, in run_sync
    return await get_async_backend().run_sync_in_worker_thread(
           ^^^^^^^^^^^^^^^^^^^^^^^^^^^^^^^^^^^^^^^^^^^^^^^^^^^^
        func, args, abandon_on_cancel=abandon_on_cancel, limiter=limiter
        ^^^^^^^^^^^^^^^^^^^^^^^^^^^^^^^^^^^^^^^^^^^^^^^^^^^^^^^^^^^^^^^^
    )
    ^
  File "C:\Users\фыа\AppData\Local\Programs\Python\Python314\Lib\site-packages\anyio\_backends\_asyncio.py", line 2596, in run_sync_in_worker_thread
    return await future
           ^^^^^^^^^^^^
  File "C:\Users\фыа\AppData\Local\Programs\Python\Python314\Lib\site-packages\anyio\_backends\_asyncio.py", line 1029, in run
    result = context.run(func, *args)
  File "C:\Users\фыа\Documents\Obsidian Vault\Programs\JobMatrix\api\routes\notifications.py", line 24, in list_events
    q = q.filter(Event.read_at.is_(None))
  File "<string>", line 2, in filter
  File "C:\Users\фыа\AppData\Local\Programs\Python\Python314\Lib\site-packages\sqlalchemy\sql\base.py", line 284, in _generative
    x = fn(self, *args, **kw)
  File "<string>", line 2, in filter
  File "C:\Users\фыа\AppData\Local\Programs\Python\Python314\Lib\site-packages\sqlalchemy\orm\base.py", line 303, in generate
    assertion(self, fn.__name__)
    ~~~~~~~~~^^^^^^^^^^^^^^^^^^^
  File "C:\Users\фыа\AppData\Local\Programs\Python\Python314\Lib\site-packages\sqlalchemy\orm\query.py", line 444, in _no_limit_offset
    raise sa_exc.InvalidRequestError(
    ...<3 lines>...
    )
sqlalchemy.exc.InvalidRequestError: Query.filter() being called on a Query which already has LIMIT or OFFSET applied.  Call filter() before limit() or offset() are applied.
INFO:     127.0.0.1:63131 - "GET /api/vacancies HTTP/1.1" 200 OK
INFO:     127.0.0.1:51625 - "GET /api/notifications?unread=1 HTTP/1.1" 500 Internal Server Error
ERROR:    Exception in ASGI application
Traceback (most recent call last):
  File "C:\Users\фыа\AppData\Local\Programs\Python\Python314\Lib\site-packages\uvicorn\protocols\http\httptools_impl.py", line 422, in run_asgi
    result = await app(  # type: ignore[func-returns-value]
             ^^^^^^^^^^^^^^^^^^^^^^^^^^^^^^^^^^^^^^^^^^^^^^
        self.scope, self.receive, self.send
        ^^^^^^^^^^^^^^^^^^^^^^^^^^^^^^^^^^^
    )
    ^
  File "C:\Users\фыа\AppData\Local\Programs\Python\Python314\Lib\site-packages\uvicorn\middleware\proxy_headers.py", line 63, in __call__
    return await self.app(scope, receive, send)
           ^^^^^^^^^^^^^^^^^^^^^^^^^^^^^^^^^^^^
  File "C:\Users\фыа\AppData\Local\Programs\Python\Python314\Lib\site-packages\fastapi\applications.py", line 1163, in __call__
    await super().__call__(scope, receive, send)
  File "C:\Users\фыа\AppData\Local\Programs\Python\Python314\Lib\site-packages\starlette\applications.py", line 96, in __call__
    await self.middleware_stack(scope, receive, send)
  File "C:\Users\фыа\AppData\Local\Programs\Python\Python314\Lib\site-packages\starlette\middleware\errors.py", line 186, in __call__
    raise exc
  File "C:\Users\фыа\AppData\Local\Programs\Python\Python314\Lib\site-packages\starlette\middleware\errors.py", line 164, in __call__
    await self.app(scope, receive, _send)
  File "C:\Users\фыа\AppData\Local\Programs\Python\Python314\Lib\site-packages\starlette\middleware\cors.py", line 88, in __call__
    await self.app(scope, receive, send)
  File "C:\Users\фыа\AppData\Local\Programs\Python\Python314\Lib\site-packages\starlette\middleware\exceptions.py", line 63, in __call__
    await wrap_app_handling_exceptions(self.app, conn)(scope, receive, send)
  File "C:\Users\фыа\AppData\Local\Programs\Python\Python314\Lib\site-packages\starlette\_exception_handler.py", line 53, in wrapped_app
    raise exc
  File "C:\Users\фыа\AppData\Local\Programs\Python\Python314\Lib\site-packages\starlette\_exception_handler.py", line 42, in wrapped_app
    await app(scope, receive, sender)
  File "C:\Users\фыа\AppData\Local\Programs\Python\Python314\Lib\site-packages\fastapi\middleware\asyncexitstack.py", line 18, in __call__
    await self.app(scope, receive, send)
  File "C:\Users\фыа\AppData\Local\Programs\Python\Python314\Lib\site-packages\starlette\routing.py", line 670, in __call__
    await self.middleware_stack(scope, receive, send)
  File "C:\Users\фыа\AppData\Local\Programs\Python\Python314\Lib\site-packages\fastapi\routing.py", line 2734, in app
    await route.handle(scope, receive, send)
  File "C:\Users\фыа\AppData\Local\Programs\Python\Python314\Lib\site-packages\fastapi\routing.py", line 1780, in handle
    await self.original_router.handle(scope, receive, send)
  File "C:\Users\фыа\AppData\Local\Programs\Python\Python314\Lib\site-packages\fastapi\routing.py", line 2789, in handle
    await included_router._handle_selected(scope, receive, send)
  File "C:\Users\фыа\AppData\Local\Programs\Python\Python314\Lib\site-packages\fastapi\routing.py", line 1800, in _handle_selected
    await original_route.handle(scope, receive, send)
  File "C:\Users\фыа\AppData\Local\Programs\Python\Python314\Lib\site-packages\fastapi\routing.py", line 1279, in handle
    await app(scope, receive, send)
  File "C:\Users\фыа\AppData\Local\Programs\Python\Python314\Lib\site-packages\fastapi\routing.py", line 158, in app
    await wrap_app_handling_exceptions(app, request)(scope, receive, send)
  File "C:\Users\фыа\AppData\Local\Programs\Python\Python314\Lib\site-packages\starlette\_exception_handler.py", line 53, in wrapped_app
    raise exc
  File "C:\Users\фыа\AppData\Local\Programs\Python\Python314\Lib\site-packages\starlette\_exception_handler.py", line 42, in wrapped_app
    await app(scope, receive, sender)
  File "C:\Users\фыа\AppData\Local\Programs\Python\Python314\Lib\site-packages\fastapi\routing.py", line 144, in app
    response = await f(request)
               ^^^^^^^^^^^^^^^^
  File "C:\Users\фыа\AppData\Local\Programs\Python\Python314\Lib\site-packages\fastapi\routing.py", line 706, in app
    raw_response = await run_endpoint_function(
                   ^^^^^^^^^^^^^^^^^^^^^^^^^^^^
    ...<3 lines>...
    )
    ^
  File "C:\Users\фыа\AppData\Local\Programs\Python\Python314\Lib\site-packages\fastapi\routing.py", line 354, in run_endpoint_function
    return await run_in_threadpool(dependant.call, **values)
           ^^^^^^^^^^^^^^^^^^^^^^^^^^^^^^^^^^^^^^^^^^^^^^^^^
  File "C:\Users\фыа\AppData\Local\Programs\Python\Python314\Lib\site-packages\starlette\concurrency.py", line 34, in run_in_threadpool
    return await anyio.to_thread.run_sync(func)
           ^^^^^^^^^^^^^^^^^^^^^^^^^^^^^^^^^^^^
  File "C:\Users\фыа\AppData\Local\Programs\Python\Python314\Lib\site-packages\anyio\to_thread.py", line 63, in run_sync
    return await get_async_backend().run_sync_in_worker_thread(
           ^^^^^^^^^^^^^^^^^^^^^^^^^^^^^^^^^^^^^^^^^^^^^^^^^^^^
        func, args, abandon_on_cancel=abandon_on_cancel, limiter=limiter
        ^^^^^^^^^^^^^^^^^^^^^^^^^^^^^^^^^^^^^^^^^^^^^^^^^^^^^^^^^^^^^^^^
    )
    ^
  File "C:\Users\фыа\AppData\Local\Programs\Python\Python314\Lib\site-packages\anyio\_backends\_asyncio.py", line 2596, in run_sync_in_worker_thread
    return await future
           ^^^^^^^^^^^^
  File "C:\Users\фыа\AppData\Local\Programs\Python\Python314\Lib\site-packages\anyio\_backends\_asyncio.py", line 1029, in run
    result = context.run(func, *args)
  File "C:\Users\фыа\Documents\Obsidian Vault\Programs\JobMatrix\api\routes\notifications.py", line 24, in list_events
    q = q.filter(Event.read_at.is_(None))
  File "<string>", line 2, in filter
  File "C:\Users\фыа\AppData\Local\Programs\Python\Python314\Lib\site-packages\sqlalchemy\sql\base.py", line 284, in _generative
    x = fn(self, *args, **kw)
  File "<string>", line 2, in filter
  File "C:\Users\фыа\AppData\Local\Programs\Python\Python314\Lib\site-packages\sqlalchemy\orm\base.py", line 303, in generate
    assertion(self, fn.__name__)
    ~~~~~~~~~^^^^^^^^^^^^^^^^^^^
  File "C:\Users\фыа\AppData\Local\Programs\Python\Python314\Lib\site-packages\sqlalchemy\orm\query.py", line 444, in _no_limit_offset
    raise sa_exc.InvalidRequestError(
    ...<3 lines>...
    )
sqlalchemy.exc.InvalidRequestError: Query.filter() being called on a Query which already has LIMIT or OFFSET applied.  Call filter() before limit() or offset() are applied.
INFO:     127.0.0.1:55526 - "GET /api/vacancies HTTP/1.1" 200 OK
INFO:     127.0.0.1:63131 - "GET /api/notifications?unread=1 HTTP/1.1" 500 Internal Server Error
ERROR:    Exception in ASGI application
Traceback (most recent call last):
  File "C:\Users\фыа\AppData\Local\Programs\Python\Python314\Lib\site-packages\uvicorn\protocols\http\httptools_impl.py", line 422, in run_asgi
    result = await app(  # type: ignore[func-returns-value]
             ^^^^^^^^^^^^^^^^^^^^^^^^^^^^^^^^^^^^^^^^^^^^^^
        self.scope, self.receive, self.send
        ^^^^^^^^^^^^^^^^^^^^^^^^^^^^^^^^^^^
    )
    ^
  File "C:\Users\фыа\AppData\Local\Programs\Python\Python314\Lib\site-packages\uvicorn\middleware\proxy_headers.py", line 63, in __call__
    return await self.app(scope, receive, send)
           ^^^^^^^^^^^^^^^^^^^^^^^^^^^^^^^^^^^^
  File "C:\Users\фыа\AppData\Local\Programs\Python\Python314\Lib\site-packages\fastapi\applications.py", line 1163, in __call__
    await super().__call__(scope, receive, send)
  File "C:\Users\фыа\AppData\Local\Programs\Python\Python314\Lib\site-packages\starlette\applications.py", line 96, in __call__
    await self.middleware_stack(scope, receive, send)
  File "C:\Users\фыа\AppData\Local\Programs\Python\Python314\Lib\site-packages\starlette\middleware\errors.py", line 186, in __call__
    raise exc
  File "C:\Users\фыа\AppData\Local\Programs\Python\Python314\Lib\site-packages\starlette\middleware\errors.py", line 164, in __call__
    await self.app(scope, receive, _send)
  File "C:\Users\фыа\AppData\Local\Programs\Python\Python314\Lib\site-packages\starlette\middleware\cors.py", line 88, in __call__
    await self.app(scope, receive, send)
  File "C:\Users\фыа\AppData\Local\Programs\Python\Python314\Lib\site-packages\starlette\middleware\exceptions.py", line 63, in __call__
    await wrap_app_handling_exceptions(self.app, conn)(scope, receive, send)
  File "C:\Users\фыа\AppData\Local\Programs\Python\Python314\Lib\site-packages\starlette\_exception_handler.py", line 53, in wrapped_app
    raise exc
  File "C:\Users\фыа\AppData\Local\Programs\Python\Python314\Lib\site-packages\starlette\_exception_handler.py", line 42, in wrapped_app
    await app(scope, receive, sender)
  File "C:\Users\фыа\AppData\Local\Programs\Python\Python314\Lib\site-packages\fastapi\middleware\asyncexitstack.py", line 18, in __call__
    await self.app(scope, receive, send)
  File "C:\Users\фыа\AppData\Local\Programs\Python\Python314\Lib\site-packages\starlette\routing.py", line 670, in __call__
    await self.middleware_stack(scope, receive, send)
  File "C:\Users\фыа\AppData\Local\Programs\Python\Python314\Lib\site-packages\fastapi\routing.py", line 2734, in app
    await route.handle(scope, receive, send)
  File "C:\Users\фыа\AppData\Local\Programs\Python\Python314\Lib\site-packages\fastapi\routing.py", line 1780, in handle
    await self.original_router.handle(scope, receive, send)
  File "C:\Users\фыа\AppData\Local\Programs\Python\Python314\Lib\site-packages\fastapi\routing.py", line 2789, in handle
    await included_router._handle_selected(scope, receive, send)
  File "C:\Users\фыа\AppData\Local\Programs\Python\Python314\Lib\site-packages\fastapi\routing.py", line 1800, in _handle_selected
    await original_route.handle(scope, receive, send)
  File "C:\Users\фыа\AppData\Local\Programs\Python\Python314\Lib\site-packages\fastapi\routing.py", line 1279, in handle
    await app(scope, receive, send)
  File "C:\Users\фыа\AppData\Local\Programs\Python\Python314\Lib\site-packages\fastapi\routing.py", line 158, in app
    await wrap_app_handling_exceptions(app, request)(scope, receive, send)
  File "C:\Users\фыа\AppData\Local\Programs\Python\Python314\Lib\site-packages\starlette\_exception_handler.py", line 53, in wrapped_app
    raise exc
  File "C:\Users\фыа\AppData\Local\Programs\Python\Python314\Lib\site-packages\starlette\_exception_handler.py", line 42, in wrapped_app
    await app(scope, receive, sender)
  File "C:\Users\фыа\AppData\Local\Programs\Python\Python314\Lib\site-packages\fastapi\routing.py", line 144, in app
    response = await f(request)
               ^^^^^^^^^^^^^^^^
  File "C:\Users\фыа\AppData\Local\Programs\Python\Python314\Lib\site-packages\fastapi\routing.py", line 706, in app
    raw_response = await run_endpoint_function(
                   ^^^^^^^^^^^^^^^^^^^^^^^^^^^^
    ...<3 lines>...
    )
    ^
  File "C:\Users\фыа\AppData\Local\Programs\Python\Python314\Lib\site-packages\fastapi\routing.py", line 354, in run_endpoint_function
    return await run_in_threadpool(dependant.call, **values)
           ^^^^^^^^^^^^^^^^^^^^^^^^^^^^^^^^^^^^^^^^^^^^^^^^^
  File "C:\Users\фыа\AppData\Local\Programs\Python\Python314\Lib\site-packages\starlette\concurrency.py", line 34, in run_in_threadpool
    return await anyio.to_thread.run_sync(func)
           ^^^^^^^^^^^^^^^^^^^^^^^^^^^^^^^^^^^^
  File "C:\Users\фыа\AppData\Local\Programs\Python\Python314\Lib\site-packages\anyio\to_thread.py", line 63, in run_sync
    return await get_async_backend().run_sync_in_worker_thread(
           ^^^^^^^^^^^^^^^^^^^^^^^^^^^^^^^^^^^^^^^^^^^^^^^^^^^^
        func, args, abandon_on_cancel=abandon_on_cancel, limiter=limiter
        ^^^^^^^^^^^^^^^^^^^^^^^^^^^^^^^^^^^^^^^^^^^^^^^^^^^^^^^^^^^^^^^^
    )
    ^
  File "C:\Users\фыа\AppData\Local\Programs\Python\Python314\Lib\site-packages\anyio\_backends\_asyncio.py", line 2596, in run_sync_in_worker_thread
    return await future
           ^^^^^^^^^^^^
  File "C:\Users\фыа\AppData\Local\Programs\Python\Python314\Lib\site-packages\anyio\_backends\_asyncio.py", line 1029, in run
    result = context.run(func, *args)
  File "C:\Users\фыа\Documents\Obsidian Vault\Programs\JobMatrix\api\routes\notifications.py", line 24, in list_events
    q = q.filter(Event.read_at.is_(None))
  File "<string>", line 2, in filter
  File "C:\Users\фыа\AppData\Local\Programs\Python\Python314\Lib\site-packages\sqlalchemy\sql\base.py", line 284, in _generative
    x = fn(self, *args, **kw)
  File "<string>", line 2, in filter
  File "C:\Users\фыа\AppData\Local\Programs\Python\Python314\Lib\site-packages\sqlalchemy\orm\base.py", line 303, in generate
    assertion(self, fn.__name__)
    ~~~~~~~~~^^^^^^^^^^^^^^^^^^^
  File "C:\Users\фыа\AppData\Local\Programs\Python\Python314\Lib\site-packages\sqlalchemy\orm\query.py", line 444, in _no_limit_offset
    raise sa_exc.InvalidRequestError(
    ...<3 lines>...
    )
sqlalchemy.exc.InvalidRequestError: Query.filter() being called on a Query which already has LIMIT or OFFSET applied.  Call filter() before limit() or offset() are applied.
INFO:     127.0.0.1:50813 - "GET /api/vacancies HTTP/1.1" 200 OK
INFO:     127.0.0.1:55526 - "GET /api/notifications?unread=1 HTTP/1.1" 500 Internal Server Error
ERROR:    Exception in ASGI application
Traceback (most recent call last):
  File "C:\Users\фыа\AppData\Local\Programs\Python\Python314\Lib\site-packages\uvicorn\protocols\http\httptools_impl.py", line 422, in run_asgi
    result = await app(  # type: ignore[func-returns-value]
             ^^^^^^^^^^^^^^^^^^^^^^^^^^^^^^^^^^^^^^^^^^^^^^
        self.scope, self.receive, self.send
        ^^^^^^^^^^^^^^^^^^^^^^^^^^^^^^^^^^^
    )
    ^
  File "C:\Users\фыа\AppData\Local\Programs\Python\Python314\Lib\site-packages\uvicorn\middleware\proxy_headers.py", line 63, in __call__
    return await self.app(scope, receive, send)
           ^^^^^^^^^^^^^^^^^^^^^^^^^^^^^^^^^^^^
  File "C:\Users\фыа\AppData\Local\Programs\Python\Python314\Lib\site-packages\fastapi\applications.py", line 1163, in __call__
    await super().__call__(scope, receive, send)
  File "C:\Users\фыа\AppData\Local\Programs\Python\Python314\Lib\site-packages\starlette\applications.py", line 96, in __call__
    await self.middleware_stack(scope, receive, send)
  File "C:\Users\фыа\AppData\Local\Programs\Python\Python314\Lib\site-packages\starlette\middleware\errors.py", line 186, in __call__
    raise exc
  File "C:\Users\фыа\AppData\Local\Programs\Python\Python314\Lib\site-packages\starlette\middleware\errors.py", line 164, in __call__
    await self.app(scope, receive, _send)
  File "C:\Users\фыа\AppData\Local\Programs\Python\Python314\Lib\site-packages\starlette\middleware\cors.py", line 88, in __call__
    await self.app(scope, receive, send)
  File "C:\Users\фыа\AppData\Local\Programs\Python\Python314\Lib\site-packages\starlette\middleware\exceptions.py", line 63, in __call__
    await wrap_app_handling_exceptions(self.app, conn)(scope, receive, send)
  File "C:\Users\фыа\AppData\Local\Programs\Python\Python314\Lib\site-packages\starlette\_exception_handler.py", line 53, in wrapped_app
    raise exc
  File "C:\Users\фыа\AppData\Local\Programs\Python\Python314\Lib\site-packages\starlette\_exception_handler.py", line 42, in wrapped_app
    await app(scope, receive, sender)
  File "C:\Users\фыа\AppData\Local\Programs\Python\Python314\Lib\site-packages\fastapi\middleware\asyncexitstack.py", line 18, in __call__
    await self.app(scope, receive, send)
  File "C:\Users\фыа\AppData\Local\Programs\Python\Python314\Lib\site-packages\starlette\routing.py", line 670, in __call__
    await self.middleware_stack(scope, receive, send)
  File "C:\Users\фыа\AppData\Local\Programs\Python\Python314\Lib\site-packages\fastapi\routing.py", line 2734, in app
    await route.handle(scope, receive, send)
  File "C:\Users\фыа\AppData\Local\Programs\Python\Python314\Lib\site-packages\fastapi\routing.py", line 1780, in handle
    await self.original_router.handle(scope, receive, send)
  File "C:\Users\фыа\AppData\Local\Programs\Python\Python314\Lib\site-packages\fastapi\routing.py", line 2789, in handle
    await included_router._handle_selected(scope, receive, send)
  File "C:\Users\фыа\AppData\Local\Programs\Python\Python314\Lib\site-packages\fastapi\routing.py", line 1800, in _handle_selected
    await original_route.handle(scope, receive, send)
  File "C:\Users\фыа\AppData\Local\Programs\Python\Python314\Lib\site-packages\fastapi\routing.py", line 1279, in handle
    await app(scope, receive, send)
  File "C:\Users\фыа\AppData\Local\Programs\Python\Python314\Lib\site-packages\fastapi\routing.py", line 158, in app
    await wrap_app_handling_exceptions(app, request)(scope, receive, send)
  File "C:\Users\фыа\AppData\Local\Programs\Python\Python314\Lib\site-packages\starlette\_exception_handler.py", line 53, in wrapped_app
    raise exc
  File "C:\Users\фыа\AppData\Local\Programs\Python\Python314\Lib\site-packages\starlette\_exception_handler.py", line 42, in wrapped_app
    await app(scope, receive, sender)
  File "C:\Users\фыа\AppData\Local\Programs\Python\Python314\Lib\site-packages\fastapi\routing.py", line 144, in app
    response = await f(request)
               ^^^^^^^^^^^^^^^^
  File "C:\Users\фыа\AppData\Local\Programs\Python\Python314\Lib\site-packages\fastapi\routing.py", line 706, in app
    raw_response = await run_endpoint_function(
                   ^^^^^^^^^^^^^^^^^^^^^^^^^^^^
    ...<3 lines>...
    )
    ^
  File "C:\Users\фыа\AppData\Local\Programs\Python\Python314\Lib\site-packages\fastapi\routing.py", line 354, in run_endpoint_function
    return await run_in_threadpool(dependant.call, **values)
           ^^^^^^^^^^^^^^^^^^^^^^^^^^^^^^^^^^^^^^^^^^^^^^^^^
  File "C:\Users\фыа\AppData\Local\Programs\Python\Python314\Lib\site-packages\starlette\concurrency.py", line 34, in run_in_threadpool
    return await anyio.to_thread.run_sync(func)
           ^^^^^^^^^^^^^^^^^^^^^^^^^^^^^^^^^^^^
  File "C:\Users\фыа\AppData\Local\Programs\Python\Python314\Lib\site-packages\anyio\to_thread.py", line 63, in run_sync
    return await get_async_backend().run_sync_in_worker_thread(
           ^^^^^^^^^^^^^^^^^^^^^^^^^^^^^^^^^^^^^^^^^^^^^^^^^^^^
        func, args, abandon_on_cancel=abandon_on_cancel, limiter=limiter
        ^^^^^^^^^^^^^^^^^^^^^^^^^^^^^^^^^^^^^^^^^^^^^^^^^^^^^^^^^^^^^^^^
    )
    ^
  File "C:\Users\фыа\AppData\Local\Programs\Python\Python314\Lib\site-packages\anyio\_backends\_asyncio.py", line 2596, in run_sync_in_worker_thread
    return await future
           ^^^^^^^^^^^^
  File "C:\Users\фыа\AppData\Local\Programs\Python\Python314\Lib\site-packages\anyio\_backends\_asyncio.py", line 1029, in run
    result = context.run(func, *args)
  File "C:\Users\фыа\Documents\Obsidian Vault\Programs\JobMatrix\api\routes\notifications.py", line 24, in list_events
    q = q.filter(Event.read_at.is_(None))
  File "<string>", line 2, in filter
  File "C:\Users\фыа\AppData\Local\Programs\Python\Python314\Lib\site-packages\sqlalchemy\sql\base.py", line 284, in _generative
    x = fn(self, *args, **kw)
  File "<string>", line 2, in filter
  File "C:\Users\фыа\AppData\Local\Programs\Python\Python314\Lib\site-packages\sqlalchemy\orm\base.py", line 303, in generate
    assertion(self, fn.__name__)
    ~~~~~~~~~^^^^^^^^^^^^^^^^^^^
  File "C:\Users\фыа\AppData\Local\Programs\Python\Python314\Lib\site-packages\sqlalchemy\orm\query.py", line 444, in _no_limit_offset
    raise sa_exc.InvalidRequestError(
    ...<3 lines>...
    )
sqlalchemy.exc.InvalidRequestError: Query.filter() being called on a Query which already has LIMIT or OFFSET applied.  Call filter() before limit() or offset() are applied.
INFO:     127.0.0.1:61911 - "GET /api/vacancies HTTP/1.1" 200 OK
INFO:     127.0.0.1:50813 - "GET /api/notifications?unread=1 HTTP/1.1" 500 Internal Server Error
ERROR:    Exception in ASGI application
Traceback (most recent call last):
  File "C:\Users\фыа\AppData\Local\Programs\Python\Python314\Lib\site-packages\uvicorn\protocols\http\httptools_impl.py", line 422, in run_asgi
    result = await app(  # type: ignore[func-returns-value]
             ^^^^^^^^^^^^^^^^^^^^^^^^^^^^^^^^^^^^^^^^^^^^^^
        self.scope, self.receive, self.send
        ^^^^^^^^^^^^^^^^^^^^^^^^^^^^^^^^^^^
    )
    ^
  File "C:\Users\фыа\AppData\Local\Programs\Python\Python314\Lib\site-packages\uvicorn\middleware\proxy_headers.py", line 63, in __call__
    return await self.app(scope, receive, send)
           ^^^^^^^^^^^^^^^^^^^^^^^^^^^^^^^^^^^^
  File "C:\Users\фыа\AppData\Local\Programs\Python\Python314\Lib\site-packages\fastapi\applications.py", line 1163, in __call__
    await super().__call__(scope, receive, send)
  File "C:\Users\фыа\AppData\Local\Programs\Python\Python314\Lib\site-packages\starlette\applications.py", line 96, in __call__
    await self.middleware_stack(scope, receive, send)
  File "C:\Users\фыа\AppData\Local\Programs\Python\Python314\Lib\site-packages\starlette\middleware\errors.py", line 186, in __call__
    raise exc
  File "C:\Users\фыа\AppData\Local\Programs\Python\Python314\Lib\site-packages\starlette\middleware\errors.py", line 164, in __call__
    await self.app(scope, receive, _send)
  File "C:\Users\фыа\AppData\Local\Programs\Python\Python314\Lib\site-packages\starlette\middleware\cors.py", line 88, in __call__
    await self.app(scope, receive, send)
  File "C:\Users\фыа\AppData\Local\Programs\Python\Python314\Lib\site-packages\starlette\middleware\exceptions.py", line 63, in __call__
    await wrap_app_handling_exceptions(self.app, conn)(scope, receive, send)
  File "C:\Users\фыа\AppData\Local\Programs\Python\Python314\Lib\site-packages\starlette\_exception_handler.py", line 53, in wrapped_app
    raise exc
  File "C:\Users\фыа\AppData\Local\Programs\Python\Python314\Lib\site-packages\starlette\_exception_handler.py", line 42, in wrapped_app
    await app(scope, receive, sender)
  File "C:\Users\фыа\AppData\Local\Programs\Python\Python314\Lib\site-packages\fastapi\middleware\asyncexitstack.py", line 18, in __call__
    await self.app(scope, receive, send)
  File "C:\Users\фыа\AppData\Local\Programs\Python\Python314\Lib\site-packages\starlette\routing.py", line 670, in __call__
    await self.middleware_stack(scope, receive, send)
  File "C:\Users\фыа\AppData\Local\Programs\Python\Python314\Lib\site-packages\fastapi\routing.py", line 2734, in app
    await route.handle(scope, receive, send)
  File "C:\Users\фыа\AppData\Local\Programs\Python\Python314\Lib\site-packages\fastapi\routing.py", line 1780, in handle
    await self.original_router.handle(scope, receive, send)
  File "C:\Users\фыа\AppData\Local\Programs\Python\Python314\Lib\site-packages\fastapi\routing.py", line 2789, in handle
    await included_router._handle_selected(scope, receive, send)
  File "C:\Users\фыа\AppData\Local\Programs\Python\Python314\Lib\site-packages\fastapi\routing.py", line 1800, in _handle_selected
    await original_route.handle(scope, receive, send)
  File "C:\Users\фыа\AppData\Local\Programs\Python\Python314\Lib\site-packages\fastapi\routing.py", line 1279, in handle
    await app(scope, receive, send)
  File "C:\Users\фыа\AppData\Local\Programs\Python\Python314\Lib\site-packages\fastapi\routing.py", line 158, in app
    await wrap_app_handling_exceptions(app, request)(scope, receive, send)
  File "C:\Users\фыа\AppData\Local\Programs\Python\Python314\Lib\site-packages\starlette\_exception_handler.py", line 53, in wrapped_app
    raise exc
  File "C:\Users\фыа\AppData\Local\Programs\Python\Python314\Lib\site-packages\starlette\_exception_handler.py", line 42, in wrapped_app
    await app(scope, receive, sender)
  File "C:\Users\фыа\AppData\Local\Programs\Python\Python314\Lib\site-packages\fastapi\routing.py", line 144, in app
    response = await f(request)
               ^^^^^^^^^^^^^^^^
  File "C:\Users\фыа\AppData\Local\Programs\Python\Python314\Lib\site-packages\fastapi\routing.py", line 706, in app
    raw_response = await run_endpoint_function(
                   ^^^^^^^^^^^^^^^^^^^^^^^^^^^^
    ...<3 lines>...
    )
    ^
  File "C:\Users\фыа\AppData\Local\Programs\Python\Python314\Lib\site-packages\fastapi\routing.py", line 354, in run_endpoint_function
    return await run_in_threadpool(dependant.call, **values)
           ^^^^^^^^^^^^^^^^^^^^^^^^^^^^^^^^^^^^^^^^^^^^^^^^^
  File "C:\Users\фыа\AppData\Local\Programs\Python\Python314\Lib\site-packages\starlette\concurrency.py", line 34, in run_in_threadpool
    return await anyio.to_thread.run_sync(func)
           ^^^^^^^^^^^^^^^^^^^^^^^^^^^^^^^^^^^^
  File "C:\Users\фыа\AppData\Local\Programs\Python\Python314\Lib\site-packages\anyio\to_thread.py", line 63, in run_sync
    return await get_async_backend().run_sync_in_worker_thread(
           ^^^^^^^^^^^^^^^^^^^^^^^^^^^^^^^^^^^^^^^^^^^^^^^^^^^^
        func, args, abandon_on_cancel=abandon_on_cancel, limiter=limiter
        ^^^^^^^^^^^^^^^^^^^^^^^^^^^^^^^^^^^^^^^^^^^^^^^^^^^^^^^^^^^^^^^^
    )
    ^
  File "C:\Users\фыа\AppData\Local\Programs\Python\Python314\Lib\site-packages\anyio\_backends\_asyncio.py", line 2596, in run_sync_in_worker_thread
    return await future
           ^^^^^^^^^^^^
  File "C:\Users\фыа\AppData\Local\Programs\Python\Python314\Lib\site-packages\anyio\_backends\_asyncio.py", line 1029, in run
    result = context.run(func, *args)
  File "C:\Users\фыа\Documents\Obsidian Vault\Programs\JobMatrix\api\routes\notifications.py", line 24, in list_events
    q = q.filter(Event.read_at.is_(None))
  File "<string>", line 2, in filter
  File "C:\Users\фыа\AppData\Local\Programs\Python\Python314\Lib\site-packages\sqlalchemy\sql\base.py", line 284, in _generative
    x = fn(self, *args, **kw)
  File "<string>", line 2, in filter
  File "C:\Users\фыа\AppData\Local\Programs\Python\Python314\Lib\site-packages\sqlalchemy\orm\base.py", line 303, in generate
    assertion(self, fn.__name__)
    ~~~~~~~~~^^^^^^^^^^^^^^^^^^^
  File "C:\Users\фыа\AppData\Local\Programs\Python\Python314\Lib\site-packages\sqlalchemy\orm\query.py", line 444, in _no_limit_offset
    raise sa_exc.InvalidRequestError(
    ...<3 lines>...
    )
sqlalchemy.exc.InvalidRequestError: Query.filter() being called on a Query which already has LIMIT or OFFSET applied.  Call filter() before limit() or offset() are applied.
INFO:     127.0.0.1:57618 - "GET /api/vacancies HTTP/1.1" 200 OK
INFO:     127.0.0.1:61911 - "GET /api/notifications?unread=1 HTTP/1.1" 500 Internal Server Error
ERROR:    Exception in ASGI application
Traceback (most recent call last):
  File "C:\Users\фыа\AppData\Local\Programs\Python\Python314\Lib\site-packages\uvicorn\protocols\http\httptools_impl.py", line 422, in run_asgi
    result = await app(  # type: ignore[func-returns-value]
             ^^^^^^^^^^^^^^^^^^^^^^^^^^^^^^^^^^^^^^^^^^^^^^
        self.scope, self.receive, self.send
        ^^^^^^^^^^^^^^^^^^^^^^^^^^^^^^^^^^^
    )
    ^
  File "C:\Users\фыа\AppData\Local\Programs\Python\Python314\Lib\site-packages\uvicorn\middleware\proxy_headers.py", line 63, in __call__
    return await self.app(scope, receive, send)
           ^^^^^^^^^^^^^^^^^^^^^^^^^^^^^^^^^^^^
  File "C:\Users\фыа\AppData\Local\Programs\Python\Python314\Lib\site-packages\fastapi\applications.py", line 1163, in __call__
    await super().__call__(scope, receive, send)
  File "C:\Users\фыа\AppData\Local\Programs\Python\Python314\Lib\site-packages\starlette\applications.py", line 96, in __call__
    await self.middleware_stack(scope, receive, send)
  File "C:\Users\фыа\AppData\Local\Programs\Python\Python314\Lib\site-packages\starlette\middleware\errors.py", line 186, in __call__
    raise exc
  File "C:\Users\фыа\AppData\Local\Programs\Python\Python314\Lib\site-packages\starlette\middleware\errors.py", line 164, in __call__
    await self.app(scope, receive, _send)
  File "C:\Users\фыа\AppData\Local\Programs\Python\Python314\Lib\site-packages\starlette\middleware\cors.py", line 88, in __call__
    await self.app(scope, receive, send)
  File "C:\Users\фыа\AppData\Local\Programs\Python\Python314\Lib\site-packages\starlette\middleware\exceptions.py", line 63, in __call__
    await wrap_app_handling_exceptions(self.app, conn)(scope, receive, send)
  File "C:\Users\фыа\AppData\Local\Programs\Python\Python314\Lib\site-packages\starlette\_exception_handler.py", line 53, in wrapped_app
    raise exc
  File "C:\Users\фыа\AppData\Local\Programs\Python\Python314\Lib\site-packages\starlette\_exception_handler.py", line 42, in wrapped_app
    await app(scope, receive, sender)
  File "C:\Users\фыа\AppData\Local\Programs\Python\Python314\Lib\site-packages\fastapi\middleware\asyncexitstack.py", line 18, in __call__
    await self.app(scope, receive, send)
  File "C:\Users\фыа\AppData\Local\Programs\Python\Python314\Lib\site-packages\starlette\routing.py", line 670, in __call__
    await self.middleware_stack(scope, receive, send)
  File "C:\Users\фыа\AppData\Local\Programs\Python\Python314\Lib\site-packages\fastapi\routing.py", line 2734, in app
    await route.handle(scope, receive, send)
  File "C:\Users\фыа\AppData\Local\Programs\Python\Python314\Lib\site-packages\fastapi\routing.py", line 1780, in handle
    await self.original_router.handle(scope, receive, send)
  File "C:\Users\фыа\AppData\Local\Programs\Python\Python314\Lib\site-packages\fastapi\routing.py", line 2789, in handle
    await included_router._handle_selected(scope, receive, send)
  File "C:\Users\фыа\AppData\Local\Programs\Python\Python314\Lib\site-packages\fastapi\routing.py", line 1800, in _handle_selected
    await original_route.handle(scope, receive, send)
  File "C:\Users\фыа\AppData\Local\Programs\Python\Python314\Lib\site-packages\fastapi\routing.py", line 1279, in handle
    await app(scope, receive, send)
  File "C:\Users\фыа\AppData\Local\Programs\Python\Python314\Lib\site-packages\fastapi\routing.py", line 158, in app
    await wrap_app_handling_exceptions(app, request)(scope, receive, send)
  File "C:\Users\фыа\AppData\Local\Programs\Python\Python314\Lib\site-packages\starlette\_exception_handler.py", line 53, in wrapped_app
    raise exc
  File "C:\Users\фыа\AppData\Local\Programs\Python\Python314\Lib\site-packages\starlette\_exception_handler.py", line 42, in wrapped_app
    await app(scope, receive, sender)
  File "C:\Users\фыа\AppData\Local\Programs\Python\Python314\Lib\site-packages\fastapi\routing.py", line 144, in app
    response = await f(request)
               ^^^^^^^^^^^^^^^^
  File "C:\Users\фыа\AppData\Local\Programs\Python\Python314\Lib\site-packages\fastapi\routing.py", line 706, in app
    raw_response = await run_endpoint_function(
                   ^^^^^^^^^^^^^^^^^^^^^^^^^^^^
    ...<3 lines>...
    )
    ^
  File "C:\Users\фыа\AppData\Local\Programs\Python\Python314\Lib\site-packages\fastapi\routing.py", line 354, in run_endpoint_function
    return await run_in_threadpool(dependant.call, **values)
           ^^^^^^^^^^^^^^^^^^^^^^^^^^^^^^^^^^^^^^^^^^^^^^^^^
  File "C:\Users\фыа\AppData\Local\Programs\Python\Python314\Lib\site-packages\starlette\concurrency.py", line 34, in run_in_threadpool
    return await anyio.to_thread.run_sync(func)
           ^^^^^^^^^^^^^^^^^^^^^^^^^^^^^^^^^^^^
  File "C:\Users\фыа\AppData\Local\Programs\Python\Python314\Lib\site-packages\anyio\to_thread.py", line 63, in run_sync
    return await get_async_backend().run_sync_in_worker_thread(
           ^^^^^^^^^^^^^^^^^^^^^^^^^^^^^^^^^^^^^^^^^^^^^^^^^^^^
        func, args, abandon_on_cancel=abandon_on_cancel, limiter=limiter
        ^^^^^^^^^^^^^^^^^^^^^^^^^^^^^^^^^^^^^^^^^^^^^^^^^^^^^^^^^^^^^^^^
    )
    ^
  File "C:\Users\фыа\AppData\Local\Programs\Python\Python314\Lib\site-packages\anyio\_backends\_asyncio.py", line 2596, in run_sync_in_worker_thread
    return await future
           ^^^^^^^^^^^^
  File "C:\Users\фыа\AppData\Local\Programs\Python\Python314\Lib\site-packages\anyio\_backends\_asyncio.py", line 1029, in run
    result = context.run(func, *args)
  File "C:\Users\фыа\Documents\Obsidian Vault\Programs\JobMatrix\api\routes\notifications.py", line 24, in list_events
    q = q.filter(Event.read_at.is_(None))
  File "<string>", line 2, in filter
  File "C:\Users\фыа\AppData\Local\Programs\Python\Python314\Lib\site-packages\sqlalchemy\sql\base.py", line 284, in _generative
    x = fn(self, *args, **kw)
  File "<string>", line 2, in filter
  File "C:\Users\фыа\AppData\Local\Programs\Python\Python314\Lib\site-packages\sqlalchemy\orm\base.py", line 303, in generate
    assertion(self, fn.__name__)
    ~~~~~~~~~^^^^^^^^^^^^^^^^^^^
  File "C:\Users\фыа\AppData\Local\Programs\Python\Python314\Lib\site-packages\sqlalchemy\orm\query.py", line 444, in _no_limit_offset
    raise sa_exc.InvalidRequestError(
    ...<3 lines>...
    )
sqlalchemy.exc.InvalidRequestError: Query.filter() being called on a Query which already has LIMIT or OFFSET applied.  Call filter() before limit() or offset() are applied.
INFO:     127.0.0.1:55133 - "GET /api/notifications?unread=1 HTTP/1.1" 500 Internal Server Error
ERROR:    Exception in ASGI application
Traceback (most recent call last):
  File "C:\Users\фыа\AppData\Local\Programs\Python\Python314\Lib\site-packages\uvicorn\protocols\http\httptools_impl.py", line 422, in run_asgi
    result = await app(  # type: ignore[func-returns-value]
             ^^^^^^^^^^^^^^^^^^^^^^^^^^^^^^^^^^^^^^^^^^^^^^
        self.scope, self.receive, self.send
        ^^^^^^^^^^^^^^^^^^^^^^^^^^^^^^^^^^^
    )
    ^
  File "C:\Users\фыа\AppData\Local\Programs\Python\Python314\Lib\site-packages\uvicorn\middleware\proxy_headers.py", line 63, in __call__
    return await self.app(scope, receive, send)
           ^^^^^^^^^^^^^^^^^^^^^^^^^^^^^^^^^^^^
  File "C:\Users\фыа\AppData\Local\Programs\Python\Python314\Lib\site-packages\fastapi\applications.py", line 1163, in __call__
    await super().__call__(scope, receive, send)
  File "C:\Users\фыа\AppData\Local\Programs\Python\Python314\Lib\site-packages\starlette\applications.py", line 96, in __call__
    await self.middleware_stack(scope, receive, send)
  File "C:\Users\фыа\AppData\Local\Programs\Python\Python314\Lib\site-packages\starlette\middleware\errors.py", line 186, in __call__
    raise exc
  File "C:\Users\фыа\AppData\Local\Programs\Python\Python314\Lib\site-packages\starlette\middleware\errors.py", line 164, in __call__
    await self.app(scope, receive, _send)
  File "C:\Users\фыа\AppData\Local\Programs\Python\Python314\Lib\site-packages\starlette\middleware\cors.py", line 88, in __call__
    await self.app(scope, receive, send)
  File "C:\Users\фыа\AppData\Local\Programs\Python\Python314\Lib\site-packages\starlette\middleware\exceptions.py", line 63, in __call__
    await wrap_app_handling_exceptions(self.app, conn)(scope, receive, send)
  File "C:\Users\фыа\AppData\Local\Programs\Python\Python314\Lib\site-packages\starlette\_exception_handler.py", line 53, in wrapped_app
    raise exc
  File "C:\Users\фыа\AppData\Local\Programs\Python\Python314\Lib\site-packages\starlette\_exception_handler.py", line 42, in wrapped_app
    await app(scope, receive, sender)
  File "C:\Users\фыа\AppData\Local\Programs\Python\Python314\Lib\site-packages\fastapi\middleware\asyncexitstack.py", line 18, in __call__
    await self.app(scope, receive, send)
  File "C:\Users\фыа\AppData\Local\Programs\Python\Python314\Lib\site-packages\starlette\routing.py", line 670, in __call__
    await self.middleware_stack(scope, receive, send)
  File "C:\Users\фыа\AppData\Local\Programs\Python\Python314\Lib\site-packages\fastapi\routing.py", line 2734, in app
    await route.handle(scope, receive, send)
  File "C:\Users\фыа\AppData\Local\Programs\Python\Python314\Lib\site-packages\fastapi\routing.py", line 1780, in handle
    await self.original_router.handle(scope, receive, send)
  File "C:\Users\фыа\AppData\Local\Programs\Python\Python314\Lib\site-packages\fastapi\routing.py", line 2789, in handle
    await included_router._handle_selected(scope, receive, send)
  File "C:\Users\фыа\AppData\Local\Programs\Python\Python314\Lib\site-packages\fastapi\routing.py", line 1800, in _handle_selected
    await original_route.handle(scope, receive, send)
  File "C:\Users\фыа\AppData\Local\Programs\Python\Python314\Lib\site-packages\fastapi\routing.py", line 1279, in handle
    await app(scope, receive, send)
  File "C:\Users\фыа\AppData\Local\Programs\Python\Python314\Lib\site-packages\fastapi\routing.py", line 158, in app
    await wrap_app_handling_exceptions(app, request)(scope, receive, send)
  File "C:\Users\фыа\AppData\Local\Programs\Python\Python314\Lib\site-packages\starlette\_exception_handler.py", line 53, in wrapped_app
    raise exc
  File "C:\Users\фыа\AppData\Local\Programs\Python\Python314\Lib\site-packages\starlette\_exception_handler.py", line 42, in wrapped_app
    await app(scope, receive, sender)
  File "C:\Users\фыа\AppData\Local\Programs\Python\Python314\Lib\site-packages\fastapi\routing.py", line 144, in app
    response = await f(request)
               ^^^^^^^^^^^^^^^^
  File "C:\Users\фыа\AppData\Local\Programs\Python\Python314\Lib\site-packages\fastapi\routing.py", line 706, in app
    raw_response = await run_endpoint_function(
                   ^^^^^^^^^^^^^^^^^^^^^^^^^^^^
    ...<3 lines>...
    )
    ^
  File "C:\Users\фыа\AppData\Local\Programs\Python\Python314\Lib\site-packages\fastapi\routing.py", line 354, in run_endpoint_function
    return await run_in_threadpool(dependant.call, **values)
           ^^^^^^^^^^^^^^^^^^^^^^^^^^^^^^^^^^^^^^^^^^^^^^^^^
  File "C:\Users\фыа\AppData\Local\Programs\Python\Python314\Lib\site-packages\starlette\concurrency.py", line 34, in run_in_threadpool
    return await anyio.to_thread.run_sync(func)
           ^^^^^^^^^^^^^^^^^^^^^^^^^^^^^^^^^^^^
  File "C:\Users\фыа\AppData\Local\Programs\Python\Python314\Lib\site-packages\anyio\to_thread.py", line 63, in run_sync
    return await get_async_backend().run_sync_in_worker_thread(
           ^^^^^^^^^^^^^^^^^^^^^^^^^^^^^^^^^^^^^^^^^^^^^^^^^^^^
        func, args, abandon_on_cancel=abandon_on_cancel, limiter=limiter
        ^^^^^^^^^^^^^^^^^^^^^^^^^^^^^^^^^^^^^^^^^^^^^^^^^^^^^^^^^^^^^^^^
    )
    ^
  File "C:\Users\фыа\AppData\Local\Programs\Python\Python314\Lib\site-packages\anyio\_backends\_asyncio.py", line 2596, in run_sync_in_worker_thread
    return await future
           ^^^^^^^^^^^^
  File "C:\Users\фыа\AppData\Local\Programs\Python\Python314\Lib\site-packages\anyio\_backends\_asyncio.py", line 1029, in run
    result = context.run(func, *args)
  File "C:\Users\фыа\Documents\Obsidian Vault\Programs\JobMatrix\api\routes\notifications.py", line 24, in list_events
    q = q.filter(Event.read_at.is_(None))
  File "<string>", line 2, in filter
  File "C:\Users\фыа\AppData\Local\Programs\Python\Python314\Lib\site-packages\sqlalchemy\sql\base.py", line 284, in _generative
    x = fn(self, *args, **kw)
  File "<string>", line 2, in filter
  File "C:\Users\фыа\AppData\Local\Programs\Python\Python314\Lib\site-packages\sqlalchemy\orm\base.py", line 303, in generate
    assertion(self, fn.__name__)
    ~~~~~~~~~^^^^^^^^^^^^^^^^^^^
  File "C:\Users\фыа\AppData\Local\Programs\Python\Python314\Lib\site-packages\sqlalchemy\orm\query.py", line 444, in _no_limit_offset
    raise sa_exc.InvalidRequestError(
    ...<3 lines>...
    )
sqlalchemy.exc.InvalidRequestError: Query.filter() being called on a Query which already has LIMIT or OFFSET applied.  Call filter() before limit() or offset() are applied.
INFO:     127.0.0.1:57706 - "GET /api/vacancies HTTP/1.1" 200 OK
INFO:     127.0.0.1:57618 - "GET /api/notifications?unread=1 HTTP/1.1" 500 Internal Server Error
ERROR:    Exception in ASGI application
Traceback (most recent call last):
  File "C:\Users\фыа\AppData\Local\Programs\Python\Python314\Lib\site-packages\uvicorn\protocols\http\httptools_impl.py", line 422, in run_asgi
    result = await app(  # type: ignore[func-returns-value]
             ^^^^^^^^^^^^^^^^^^^^^^^^^^^^^^^^^^^^^^^^^^^^^^
        self.scope, self.receive, self.send
        ^^^^^^^^^^^^^^^^^^^^^^^^^^^^^^^^^^^
    )
    ^
  File "C:\Users\фыа\AppData\Local\Programs\Python\Python314\Lib\site-packages\uvicorn\middleware\proxy_headers.py", line 63, in __call__
    return await self.app(scope, receive, send)
           ^^^^^^^^^^^^^^^^^^^^^^^^^^^^^^^^^^^^
  File "C:\Users\фыа\AppData\Local\Programs\Python\Python314\Lib\site-packages\fastapi\applications.py", line 1163, in __call__
    await super().__call__(scope, receive, send)
  File "C:\Users\фыа\AppData\Local\Programs\Python\Python314\Lib\site-packages\starlette\applications.py", line 96, in __call__
    await self.middleware_stack(scope, receive, send)
  File "C:\Users\фыа\AppData\Local\Programs\Python\Python314\Lib\site-packages\starlette\middleware\errors.py", line 186, in __call__
    raise exc
  File "C:\Users\фыа\AppData\Local\Programs\Python\Python314\Lib\site-packages\starlette\middleware\errors.py", line 164, in __call__
    await self.app(scope, receive, _send)
  File "C:\Users\фыа\AppData\Local\Programs\Python\Python314\Lib\site-packages\starlette\middleware\cors.py", line 88, in __call__
    await self.app(scope, receive, send)
  File "C:\Users\фыа\AppData\Local\Programs\Python\Python314\Lib\site-packages\starlette\middleware\exceptions.py", line 63, in __call__
    await wrap_app_handling_exceptions(self.app, conn)(scope, receive, send)
  File "C:\Users\фыа\AppData\Local\Programs\Python\Python314\Lib\site-packages\starlette\_exception_handler.py", line 53, in wrapped_app
    raise exc
  File "C:\Users\фыа\AppData\Local\Programs\Python\Python314\Lib\site-packages\starlette\_exception_handler.py", line 42, in wrapped_app
    await app(scope, receive, sender)
  File "C:\Users\фыа\AppData\Local\Programs\Python\Python314\Lib\site-packages\fastapi\middleware\asyncexitstack.py", line 18, in __call__
    await self.app(scope, receive, send)
  File "C:\Users\фыа\AppData\Local\Programs\Python\Python314\Lib\site-packages\starlette\routing.py", line 670, in __call__
    await self.middleware_stack(scope, receive, send)
  File "C:\Users\фыа\AppData\Local\Programs\Python\Python314\Lib\site-packages\fastapi\routing.py", line 2734, in app
    await route.handle(scope, receive, send)
  File "C:\Users\фыа\AppData\Local\Programs\Python\Python314\Lib\site-packages\fastapi\routing.py", line 1780, in handle
    await self.original_router.handle(scope, receive, send)
  File "C:\Users\фыа\AppData\Local\Programs\Python\Python314\Lib\site-packages\fastapi\routing.py", line 2789, in handle
    await included_router._handle_selected(scope, receive, send)
  File "C:\Users\фыа\AppData\Local\Programs\Python\Python314\Lib\site-packages\fastapi\routing.py", line 1800, in _handle_selected
    await original_route.handle(scope, receive, send)
  File "C:\Users\фыа\AppData\Local\Programs\Python\Python314\Lib\site-packages\fastapi\routing.py", line 1279, in handle
    await app(scope, receive, send)
  File "C:\Users\фыа\AppData\Local\Programs\Python\Python314\Lib\site-packages\fastapi\routing.py", line 158, in app
    await wrap_app_handling_exceptions(app, request)(scope, receive, send)
  File "C:\Users\фыа\AppData\Local\Programs\Python\Python314\Lib\site-packages\starlette\_exception_handler.py", line 53, in wrapped_app
    raise exc
  File "C:\Users\фыа\AppData\Local\Programs\Python\Python314\Lib\site-packages\starlette\_exception_handler.py", line 42, in wrapped_app
    await app(scope, receive, sender)
  File "C:\Users\фыа\AppData\Local\Programs\Python\Python314\Lib\site-packages\fastapi\routing.py", line 144, in app
    response = await f(request)
               ^^^^^^^^^^^^^^^^
  File "C:\Users\фыа\AppData\Local\Programs\Python\Python314\Lib\site-packages\fastapi\routing.py", line 706, in app
    raw_response = await run_endpoint_function(
                   ^^^^^^^^^^^^^^^^^^^^^^^^^^^^
    ...<3 lines>...
    )
    ^
  File "C:\Users\фыа\AppData\Local\Programs\Python\Python314\Lib\site-packages\fastapi\routing.py", line 354, in run_endpoint_function
    return await run_in_threadpool(dependant.call, **values)
           ^^^^^^^^^^^^^^^^^^^^^^^^^^^^^^^^^^^^^^^^^^^^^^^^^
  File "C:\Users\фыа\AppData\Local\Programs\Python\Python314\Lib\site-packages\starlette\concurrency.py", line 34, in run_in_threadpool
    return await anyio.to_thread.run_sync(func)
           ^^^^^^^^^^^^^^^^^^^^^^^^^^^^^^^^^^^^
  File "C:\Users\фыа\AppData\Local\Programs\Python\Python314\Lib\site-packages\anyio\to_thread.py", line 63, in run_sync
    return await get_async_backend().run_sync_in_worker_thread(
           ^^^^^^^^^^^^^^^^^^^^^^^^^^^^^^^^^^^^^^^^^^^^^^^^^^^^
        func, args, abandon_on_cancel=abandon_on_cancel, limiter=limiter
        ^^^^^^^^^^^^^^^^^^^^^^^^^^^^^^^^^^^^^^^^^^^^^^^^^^^^^^^^^^^^^^^^
    )
    ^
  File "C:\Users\фыа\AppData\Local\Programs\Python\Python314\Lib\site-packages\anyio\_backends\_asyncio.py", line 2596, in run_sync_in_worker_thread
    return await future
           ^^^^^^^^^^^^
  File "C:\Users\фыа\AppData\Local\Programs\Python\Python314\Lib\site-packages\anyio\_backends\_asyncio.py", line 1029, in run
    result = context.run(func, *args)
  File "C:\Users\фыа\Documents\Obsidian Vault\Programs\JobMatrix\api\routes\notifications.py", line 24, in list_events
    q = q.filter(Event.read_at.is_(None))
  File "<string>", line 2, in filter
  File "C:\Users\фыа\AppData\Local\Programs\Python\Python314\Lib\site-packages\sqlalchemy\sql\base.py", line 284, in _generative
    x = fn(self, *args, **kw)
  File "<string>", line 2, in filter
  File "C:\Users\фыа\AppData\Local\Programs\Python\Python314\Lib\site-packages\sqlalchemy\orm\base.py", line 303, in generate
    assertion(self, fn.__name__)
    ~~~~~~~~~^^^^^^^^^^^^^^^^^^^
  File "C:\Users\фыа\AppData\Local\Programs\Python\Python314\Lib\site-packages\sqlalchemy\orm\query.py", line 444, in _no_limit_offset
    raise sa_exc.InvalidRequestError(
    ...<3 lines>...
    )
sqlalchemy.exc.InvalidRequestError: Query.filter() being called on a Query which already has LIMIT or OFFSET applied.  Call filter() before limit() or offset() are applied.
INFO:     127.0.0.1:57706 - "GET /api/vacancies HTTP/1.1" 200 OK
INFO:     127.0.0.1:51713 - "GET /api/notifications?unread=1 HTTP/1.1" 500 Internal Server Error
ERROR:    Exception in ASGI application
Traceback (most recent call last):
  File "C:\Users\фыа\AppData\Local\Programs\Python\Python314\Lib\site-packages\uvicorn\protocols\http\httptools_impl.py", line 422, in run_asgi
    result = await app(  # type: ignore[func-returns-value]
             ^^^^^^^^^^^^^^^^^^^^^^^^^^^^^^^^^^^^^^^^^^^^^^
        self.scope, self.receive, self.send
        ^^^^^^^^^^^^^^^^^^^^^^^^^^^^^^^^^^^
    )
    ^
  File "C:\Users\фыа\AppData\Local\Programs\Python\Python314\Lib\site-packages\uvicorn\middleware\proxy_headers.py", line 63, in __call__
    return await self.app(scope, receive, send)
           ^^^^^^^^^^^^^^^^^^^^^^^^^^^^^^^^^^^^
  File "C:\Users\фыа\AppData\Local\Programs\Python\Python314\Lib\site-packages\fastapi\applications.py", line 1163, in __call__
    await super().__call__(scope, receive, send)
  File "C:\Users\фыа\AppData\Local\Programs\Python\Python314\Lib\site-packages\starlette\applications.py", line 96, in __call__
    await self.middleware_stack(scope, receive, send)
  File "C:\Users\фыа\AppData\Local\Programs\Python\Python314\Lib\site-packages\starlette\middleware\errors.py", line 186, in __call__
    raise exc
  File "C:\Users\фыа\AppData\Local\Programs\Python\Python314\Lib\site-packages\starlette\middleware\errors.py", line 164, in __call__
    await self.app(scope, receive, _send)
  File "C:\Users\фыа\AppData\Local\Programs\Python\Python314\Lib\site-packages\starlette\middleware\cors.py", line 88, in __call__
    await self.app(scope, receive, send)
  File "C:\Users\фыа\AppData\Local\Programs\Python\Python314\Lib\site-packages\starlette\middleware\exceptions.py", line 63, in __call__
    await wrap_app_handling_exceptions(self.app, conn)(scope, receive, send)
  File "C:\Users\фыа\AppData\Local\Programs\Python\Python314\Lib\site-packages\starlette\_exception_handler.py", line 53, in wrapped_app
    raise exc
  File "C:\Users\фыа\AppData\Local\Programs\Python\Python314\Lib\site-packages\starlette\_exception_handler.py", line 42, in wrapped_app
    await app(scope, receive, sender)
  File "C:\Users\фыа\AppData\Local\Programs\Python\Python314\Lib\site-packages\fastapi\middleware\asyncexitstack.py", line 18, in __call__
    await self.app(scope, receive, send)
  File "C:\Users\фыа\AppData\Local\Programs\Python\Python314\Lib\site-packages\starlette\routing.py", line 670, in __call__
    await self.middleware_stack(scope, receive, send)
  File "C:\Users\фыа\AppData\Local\Programs\Python\Python314\Lib\site-packages\fastapi\routing.py", line 2734, in app
    await route.handle(scope, receive, send)
  File "C:\Users\фыа\AppData\Local\Programs\Python\Python314\Lib\site-packages\fastapi\routing.py", line 1780, in handle
    await self.original_router.handle(scope, receive, send)
  File "C:\Users\фыа\AppData\Local\Programs\Python\Python314\Lib\site-packages\fastapi\routing.py", line 2789, in handle
    await included_router._handle_selected(scope, receive, send)
  File "C:\Users\фыа\AppData\Local\Programs\Python\Python314\Lib\site-packages\fastapi\routing.py", line 1800, in _handle_selected
    await original_route.handle(scope, receive, send)
  File "C:\Users\фыа\AppData\Local\Programs\Python\Python314\Lib\site-packages\fastapi\routing.py", line 1279, in handle
    await app(scope, receive, send)
  File "C:\Users\фыа\AppData\Local\Programs\Python\Python314\Lib\site-packages\fastapi\routing.py", line 158, in app
    await wrap_app_handling_exceptions(app, request)(scope, receive, send)
  File "C:\Users\фыа\AppData\Local\Programs\Python\Python314\Lib\site-packages\starlette\_exception_handler.py", line 53, in wrapped_app
    raise exc
  File "C:\Users\фыа\AppData\Local\Programs\Python\Python314\Lib\site-packages\starlette\_exception_handler.py", line 42, in wrapped_app
    await app(scope, receive, sender)
  File "C:\Users\фыа\AppData\Local\Programs\Python\Python314\Lib\site-packages\fastapi\routing.py", line 144, in app
    response = await f(request)
               ^^^^^^^^^^^^^^^^
  File "C:\Users\фыа\AppData\Local\Programs\Python\Python314\Lib\site-packages\fastapi\routing.py", line 706, in app
    raw_response = await run_endpoint_function(
                   ^^^^^^^^^^^^^^^^^^^^^^^^^^^^
    ...<3 lines>...
    )
    ^
  File "C:\Users\фыа\AppData\Local\Programs\Python\Python314\Lib\site-packages\fastapi\routing.py", line 354, in run_endpoint_function
    return await run_in_threadpool(dependant.call, **values)
           ^^^^^^^^^^^^^^^^^^^^^^^^^^^^^^^^^^^^^^^^^^^^^^^^^
  File "C:\Users\фыа\AppData\Local\Programs\Python\Python314\Lib\site-packages\starlette\concurrency.py", line 34, in run_in_threadpool
    return await anyio.to_thread.run_sync(func)
           ^^^^^^^^^^^^^^^^^^^^^^^^^^^^^^^^^^^^
  File "C:\Users\фыа\AppData\Local\Programs\Python\Python314\Lib\site-packages\anyio\to_thread.py", line 63, in run_sync
    return await get_async_backend().run_sync_in_worker_thread(
           ^^^^^^^^^^^^^^^^^^^^^^^^^^^^^^^^^^^^^^^^^^^^^^^^^^^^
        func, args, abandon_on_cancel=abandon_on_cancel, limiter=limiter
        ^^^^^^^^^^^^^^^^^^^^^^^^^^^^^^^^^^^^^^^^^^^^^^^^^^^^^^^^^^^^^^^^
    )
    ^
  File "C:\Users\фыа\AppData\Local\Programs\Python\Python314\Lib\site-packages\anyio\_backends\_asyncio.py", line 2596, in run_sync_in_worker_thread
    return await future
           ^^^^^^^^^^^^
  File "C:\Users\фыа\AppData\Local\Programs\Python\Python314\Lib\site-packages\anyio\_backends\_asyncio.py", line 1029, in run
    result = context.run(func, *args)
  File "C:\Users\фыа\Documents\Obsidian Vault\Programs\JobMatrix\api\routes\notifications.py", line 24, in list_events
    q = q.filter(Event.read_at.is_(None))
  File "<string>", line 2, in filter
  File "C:\Users\фыа\AppData\Local\Programs\Python\Python314\Lib\site-packages\sqlalchemy\sql\base.py", line 284, in _generative
    x = fn(self, *args, **kw)
  File "<string>", line 2, in filter
  File "C:\Users\фыа\AppData\Local\Programs\Python\Python314\Lib\site-packages\sqlalchemy\orm\base.py", line 303, in generate
    assertion(self, fn.__name__)
    ~~~~~~~~~^^^^^^^^^^^^^^^^^^^
  File "C:\Users\фыа\AppData\Local\Programs\Python\Python314\Lib\site-packages\sqlalchemy\orm\query.py", line 444, in _no_limit_offset
    raise sa_exc.InvalidRequestError(
    ...<3 lines>...
    )
sqlalchemy.exc.InvalidRequestError: Query.filter() being called on a Query which already has LIMIT or OFFSET applied.  Call filter() before limit() or offset() are applied.
INFO:     127.0.0.1:57706 - "GET /api/notifications?unread=1 HTTP/1.1" 500 Internal Server Error
ERROR:    Exception in ASGI application
Traceback (most recent call last):
  File "C:\Users\фыа\AppData\Local\Programs\Python\Python314\Lib\site-packages\uvicorn\protocols\http\httptools_impl.py", line 422, in run_asgi
    result = await app(  # type: ignore[func-returns-value]
             ^^^^^^^^^^^^^^^^^^^^^^^^^^^^^^^^^^^^^^^^^^^^^^
        self.scope, self.receive, self.send
        ^^^^^^^^^^^^^^^^^^^^^^^^^^^^^^^^^^^
    )
    ^
  File "C:\Users\фыа\AppData\Local\Programs\Python\Python314\Lib\site-packages\uvicorn\middleware\proxy_headers.py", line 63, in __call__
    return await self.app(scope, receive, send)
           ^^^^^^^^^^^^^^^^^^^^^^^^^^^^^^^^^^^^
  File "C:\Users\фыа\AppData\Local\Programs\Python\Python314\Lib\site-packages\fastapi\applications.py", line 1163, in __call__
    await super().__call__(scope, receive, send)
  File "C:\Users\фыа\AppData\Local\Programs\Python\Python314\Lib\site-packages\starlette\applications.py", line 96, in __call__
    await self.middleware_stack(scope, receive, send)
  File "C:\Users\фыа\AppData\Local\Programs\Python\Python314\Lib\site-packages\starlette\middleware\errors.py", line 186, in __call__
    raise exc
  File "C:\Users\фыа\AppData\Local\Programs\Python\Python314\Lib\site-packages\starlette\middleware\errors.py", line 164, in __call__
    await self.app(scope, receive, _send)
  File "C:\Users\фыа\AppData\Local\Programs\Python\Python314\Lib\site-packages\starlette\middleware\cors.py", line 88, in __call__
    await self.app(scope, receive, send)
  File "C:\Users\фыа\AppData\Local\Programs\Python\Python314\Lib\site-packages\starlette\middleware\exceptions.py", line 63, in __call__
    await wrap_app_handling_exceptions(self.app, conn)(scope, receive, send)
  File "C:\Users\фыа\AppData\Local\Programs\Python\Python314\Lib\site-packages\starlette\_exception_handler.py", line 53, in wrapped_app
    raise exc
  File "C:\Users\фыа\AppData\Local\Programs\Python\Python314\Lib\site-packages\starlette\_exception_handler.py", line 42, in wrapped_app
    await app(scope, receive, sender)
  File "C:\Users\фыа\AppData\Local\Programs\Python\Python314\Lib\site-packages\fastapi\middleware\asyncexitstack.py", line 18, in __call__
    await self.app(scope, receive, send)
  File "C:\Users\фыа\AppData\Local\Programs\Python\Python314\Lib\site-packages\starlette\routing.py", line 670, in __call__
    await self.middleware_stack(scope, receive, send)
  File "C:\Users\фыа\AppData\Local\Programs\Python\Python314\Lib\site-packages\fastapi\routing.py", line 2734, in app
    await route.handle(scope, receive, send)
  File "C:\Users\фыа\AppData\Local\Programs\Python\Python314\Lib\site-packages\fastapi\routing.py", line 1780, in handle
    await self.original_router.handle(scope, receive, send)
  File "C:\Users\фыа\AppData\Local\Programs\Python\Python314\Lib\site-packages\fastapi\routing.py", line 2789, in handle
    await included_router._handle_selected(scope, receive, send)
  File "C:\Users\фыа\AppData\Local\Programs\Python\Python314\Lib\site-packages\fastapi\routing.py", line 1800, in _handle_selected
    await original_route.handle(scope, receive, send)
  File "C:\Users\фыа\AppData\Local\Programs\Python\Python314\Lib\site-packages\fastapi\routing.py", line 1279, in handle
    await app(scope, receive, send)
  File "C:\Users\фыа\AppData\Local\Programs\Python\Python314\Lib\site-packages\fastapi\routing.py", line 158, in app
    await wrap_app_handling_exceptions(app, request)(scope, receive, send)
  File "C:\Users\фыа\AppData\Local\Programs\Python\Python314\Lib\site-packages\starlette\_exception_handler.py", line 53, in wrapped_app
    raise exc
  File "C:\Users\фыа\AppData\Local\Programs\Python\Python314\Lib\site-packages\starlette\_exception_handler.py", line 42, in wrapped_app
    await app(scope, receive, sender)
  File "C:\Users\фыа\AppData\Local\Programs\Python\Python314\Lib\site-packages\fastapi\routing.py", line 144, in app
    response = await f(request)
               ^^^^^^^^^^^^^^^^
  File "C:\Users\фыа\AppData\Local\Programs\Python\Python314\Lib\site-packages\fastapi\routing.py", line 706, in app
    raw_response = await run_endpoint_function(
                   ^^^^^^^^^^^^^^^^^^^^^^^^^^^^
    ...<3 lines>...
    )
    ^
  File "C:\Users\фыа\AppData\Local\Programs\Python\Python314\Lib\site-packages\fastapi\routing.py", line 354, in run_endpoint_function
    return await run_in_threadpool(dependant.call, **values)
           ^^^^^^^^^^^^^^^^^^^^^^^^^^^^^^^^^^^^^^^^^^^^^^^^^
  File "C:\Users\фыа\AppData\Local\Programs\Python\Python314\Lib\site-packages\starlette\concurrency.py", line 34, in run_in_threadpool
    return await anyio.to_thread.run_sync(func)
           ^^^^^^^^^^^^^^^^^^^^^^^^^^^^^^^^^^^^
  File "C:\Users\фыа\AppData\Local\Programs\Python\Python314\Lib\site-packages\anyio\to_thread.py", line 63, in run_sync
    return await get_async_backend().run_sync_in_worker_thread(
           ^^^^^^^^^^^^^^^^^^^^^^^^^^^^^^^^^^^^^^^^^^^^^^^^^^^^
        func, args, abandon_on_cancel=abandon_on_cancel, limiter=limiter
        ^^^^^^^^^^^^^^^^^^^^^^^^^^^^^^^^^^^^^^^^^^^^^^^^^^^^^^^^^^^^^^^^
    )
    ^
  File "C:\Users\фыа\AppData\Local\Programs\Python\Python314\Lib\site-packages\anyio\_backends\_asyncio.py", line 2596, in run_sync_in_worker_thread
    return await future
           ^^^^^^^^^^^^
  File "C:\Users\фыа\AppData\Local\Programs\Python\Python314\Lib\site-packages\anyio\_backends\_asyncio.py", line 1029, in run
    result = context.run(func, *args)
  File "C:\Users\фыа\Documents\Obsidian Vault\Programs\JobMatrix\api\routes\notifications.py", line 24, in list_events
    q = q.filter(Event.read_at.is_(None))
  File "<string>", line 2, in filter
  File "C:\Users\фыа\AppData\Local\Programs\Python\Python314\Lib\site-packages\sqlalchemy\sql\base.py", line 284, in _generative
    x = fn(self, *args, **kw)
  File "<string>", line 2, in filter
  File "C:\Users\фыа\AppData\Local\Programs\Python\Python314\Lib\site-packages\sqlalchemy\orm\base.py", line 303, in generate
    assertion(self, fn.__name__)
    ~~~~~~~~~^^^^^^^^^^^^^^^^^^^
  File "C:\Users\фыа\AppData\Local\Programs\Python\Python314\Lib\site-packages\sqlalchemy\orm\query.py", line 444, in _no_limit_offset
    raise sa_exc.InvalidRequestError(
    ...<3 lines>...
    )
sqlalchemy.exc.InvalidRequestError: Query.filter() being called on a Query which already has LIMIT or OFFSET applied.  Call filter() before limit() or offset() are applied.
INFO:     127.0.0.1:62746 - "GET /api/vacancies HTTP/1.1" 200 OK
INFO:     127.0.0.1:61978 - "GET /api/notifications?unread=1 HTTP/1.1" 500 Internal Server Error
ERROR:    Exception in ASGI application
Traceback (most recent call last):
  File "C:\Users\фыа\AppData\Local\Programs\Python\Python314\Lib\site-packages\uvicorn\protocols\http\httptools_impl.py", line 422, in run_asgi
    result = await app(  # type: ignore[func-returns-value]
             ^^^^^^^^^^^^^^^^^^^^^^^^^^^^^^^^^^^^^^^^^^^^^^
        self.scope, self.receive, self.send
        ^^^^^^^^^^^^^^^^^^^^^^^^^^^^^^^^^^^
    )
    ^
  File "C:\Users\фыа\AppData\Local\Programs\Python\Python314\Lib\site-packages\uvicorn\middleware\proxy_headers.py", line 63, in __call__
    return await self.app(scope, receive, send)
           ^^^^^^^^^^^^^^^^^^^^^^^^^^^^^^^^^^^^
  File "C:\Users\фыа\AppData\Local\Programs\Python\Python314\Lib\site-packages\fastapi\applications.py", line 1163, in __call__
    await super().__call__(scope, receive, send)
  File "C:\Users\фыа\AppData\Local\Programs\Python\Python314\Lib\site-packages\starlette\applications.py", line 96, in __call__
    await self.middleware_stack(scope, receive, send)
  File "C:\Users\фыа\AppData\Local\Programs\Python\Python314\Lib\site-packages\starlette\middleware\errors.py", line 186, in __call__
    raise exc
  File "C:\Users\фыа\AppData\Local\Programs\Python\Python314\Lib\site-packages\starlette\middleware\errors.py", line 164, in __call__
    await self.app(scope, receive, _send)
  File "C:\Users\фыа\AppData\Local\Programs\Python\Python314\Lib\site-packages\starlette\middleware\cors.py", line 88, in __call__
    await self.app(scope, receive, send)
  File "C:\Users\фыа\AppData\Local\Programs\Python\Python314\Lib\site-packages\starlette\middleware\exceptions.py", line 63, in __call__
    await wrap_app_handling_exceptions(self.app, conn)(scope, receive, send)
  File "C:\Users\фыа\AppData\Local\Programs\Python\Python314\Lib\site-packages\starlette\_exception_handler.py", line 53, in wrapped_app
    raise exc
  File "C:\Users\фыа\AppData\Local\Programs\Python\Python314\Lib\site-packages\starlette\_exception_handler.py", line 42, in wrapped_app
    await app(scope, receive, sender)
  File "C:\Users\фыа\AppData\Local\Programs\Python\Python314\Lib\site-packages\fastapi\middleware\asyncexitstack.py", line 18, in __call__
    await self.app(scope, receive, send)
  File "C:\Users\фыа\AppData\Local\Programs\Python\Python314\Lib\site-packages\starlette\routing.py", line 670, in __call__
    await self.middleware_stack(scope, receive, send)
  File "C:\Users\фыа\AppData\Local\Programs\Python\Python314\Lib\site-packages\fastapi\routing.py", line 2734, in app
    await route.handle(scope, receive, send)
  File "C:\Users\фыа\AppData\Local\Programs\Python\Python314\Lib\site-packages\fastapi\routing.py", line 1780, in handle
    await self.original_router.handle(scope, receive, send)
  File "C:\Users\фыа\AppData\Local\Programs\Python\Python314\Lib\site-packages\fastapi\routing.py", line 2789, in handle
    await included_router._handle_selected(scope, receive, send)
  File "C:\Users\фыа\AppData\Local\Programs\Python\Python314\Lib\site-packages\fastapi\routing.py", line 1800, in _handle_selected
    await original_route.handle(scope, receive, send)
  File "C:\Users\фыа\AppData\Local\Programs\Python\Python314\Lib\site-packages\fastapi\routing.py", line 1279, in handle
    await app(scope, receive, send)
  File "C:\Users\фыа\AppData\Local\Programs\Python\Python314\Lib\site-packages\fastapi\routing.py", line 158, in app
    await wrap_app_handling_exceptions(app, request)(scope, receive, send)
  File "C:\Users\фыа\AppData\Local\Programs\Python\Python314\Lib\site-packages\starlette\_exception_handler.py", line 53, in wrapped_app
    raise exc
  File "C:\Users\фыа\AppData\Local\Programs\Python\Python314\Lib\site-packages\starlette\_exception_handler.py", line 42, in wrapped_app
    await app(scope, receive, sender)
  File "C:\Users\фыа\AppData\Local\Programs\Python\Python314\Lib\site-packages\fastapi\routing.py", line 144, in app
    response = await f(request)
               ^^^^^^^^^^^^^^^^
  File "C:\Users\фыа\AppData\Local\Programs\Python\Python314\Lib\site-packages\fastapi\routing.py", line 706, in app
    raw_response = await run_endpoint_function(
                   ^^^^^^^^^^^^^^^^^^^^^^^^^^^^
    ...<3 lines>...
    )
    ^
  File "C:\Users\фыа\AppData\Local\Programs\Python\Python314\Lib\site-packages\fastapi\routing.py", line 354, in run_endpoint_function
    return await run_in_threadpool(dependant.call, **values)
           ^^^^^^^^^^^^^^^^^^^^^^^^^^^^^^^^^^^^^^^^^^^^^^^^^
  File "C:\Users\фыа\AppData\Local\Programs\Python\Python314\Lib\site-packages\starlette\concurrency.py", line 34, in run_in_threadpool
    return await anyio.to_thread.run_sync(func)
           ^^^^^^^^^^^^^^^^^^^^^^^^^^^^^^^^^^^^
  File "C:\Users\фыа\AppData\Local\Programs\Python\Python314\Lib\site-packages\anyio\to_thread.py", line 63, in run_sync
    return await get_async_backend().run_sync_in_worker_thread(
           ^^^^^^^^^^^^^^^^^^^^^^^^^^^^^^^^^^^^^^^^^^^^^^^^^^^^
        func, args, abandon_on_cancel=abandon_on_cancel, limiter=limiter
        ^^^^^^^^^^^^^^^^^^^^^^^^^^^^^^^^^^^^^^^^^^^^^^^^^^^^^^^^^^^^^^^^
    )
    ^
  File "C:\Users\фыа\AppData\Local\Programs\Python\Python314\Lib\site-packages\anyio\_backends\_asyncio.py", line 2596, in run_sync_in_worker_thread
    return await future
           ^^^^^^^^^^^^
  File "C:\Users\фыа\AppData\Local\Programs\Python\Python314\Lib\site-packages\anyio\_backends\_asyncio.py", line 1029, in run
    result = context.run(func, *args)
  File "C:\Users\фыа\Documents\Obsidian Vault\Programs\JobMatrix\api\routes\notifications.py", line 24, in list_events
    q = q.filter(Event.read_at.is_(None))
  File "<string>", line 2, in filter
  File "C:\Users\фыа\AppData\Local\Programs\Python\Python314\Lib\site-packages\sqlalchemy\sql\base.py", line 284, in _generative
    x = fn(self, *args, **kw)
  File "<string>", line 2, in filter
  File "C:\Users\фыа\AppData\Local\Programs\Python\Python314\Lib\site-packages\sqlalchemy\orm\base.py", line 303, in generate
    assertion(self, fn.__name__)
    ~~~~~~~~~^^^^^^^^^^^^^^^^^^^
  File "C:\Users\фыа\AppData\Local\Programs\Python\Python314\Lib\site-packages\sqlalchemy\orm\query.py", line 444, in _no_limit_offset
    raise sa_exc.InvalidRequestError(
    ...<3 lines>...
    )
sqlalchemy.exc.InvalidRequestError: Query.filter() being called on a Query which already has LIMIT or OFFSET applied.  Call filter() before limit() or offset() are applied.
INFO:     127.0.0.1:52681 - "GET /api/vacancies HTTP/1.1" 200 OK
INFO:     127.0.0.1:62746 - "GET /api/notifications?unread=1 HTTP/1.1" 500 Internal Server Error
ERROR:    Exception in ASGI application
Traceback (most recent call last):
  File "C:\Users\фыа\AppData\Local\Programs\Python\Python314\Lib\site-packages\uvicorn\protocols\http\httptools_impl.py", line 422, in run_asgi
    result = await app(  # type: ignore[func-returns-value]
             ^^^^^^^^^^^^^^^^^^^^^^^^^^^^^^^^^^^^^^^^^^^^^^
        self.scope, self.receive, self.send
        ^^^^^^^^^^^^^^^^^^^^^^^^^^^^^^^^^^^
    )
    ^
  File "C:\Users\фыа\AppData\Local\Programs\Python\Python314\Lib\site-packages\uvicorn\middleware\proxy_headers.py", line 63, in __call__
    return await self.app(scope, receive, send)
           ^^^^^^^^^^^^^^^^^^^^^^^^^^^^^^^^^^^^
  File "C:\Users\фыа\AppData\Local\Programs\Python\Python314\Lib\site-packages\fastapi\applications.py", line 1163, in __call__
    await super().__call__(scope, receive, send)
  File "C:\Users\фыа\AppData\Local\Programs\Python\Python314\Lib\site-packages\starlette\applications.py", line 96, in __call__
    await self.middleware_stack(scope, receive, send)
  File "C:\Users\фыа\AppData\Local\Programs\Python\Python314\Lib\site-packages\starlette\middleware\errors.py", line 186, in __call__
    raise exc
  File "C:\Users\фыа\AppData\Local\Programs\Python\Python314\Lib\site-packages\starlette\middleware\errors.py", line 164, in __call__
    await self.app(scope, receive, _send)
  File "C:\Users\фыа\AppData\Local\Programs\Python\Python314\Lib\site-packages\starlette\middleware\cors.py", line 88, in __call__
    await self.app(scope, receive, send)
  File "C:\Users\фыа\AppData\Local\Programs\Python\Python314\Lib\site-packages\starlette\middleware\exceptions.py", line 63, in __call__
    await wrap_app_handling_exceptions(self.app, conn)(scope, receive, send)
  File "C:\Users\фыа\AppData\Local\Programs\Python\Python314\Lib\site-packages\starlette\_exception_handler.py", line 53, in wrapped_app
    raise exc
  File "C:\Users\фыа\AppData\Local\Programs\Python\Python314\Lib\site-packages\starlette\_exception_handler.py", line 42, in wrapped_app
    await app(scope, receive, sender)
  File "C:\Users\фыа\AppData\Local\Programs\Python\Python314\Lib\site-packages\fastapi\middleware\asyncexitstack.py", line 18, in __call__
    await self.app(scope, receive, send)
  File "C:\Users\фыа\AppData\Local\Programs\Python\Python314\Lib\site-packages\starlette\routing.py", line 670, in __call__
    await self.middleware_stack(scope, receive, send)
  File "C:\Users\фыа\AppData\Local\Programs\Python\Python314\Lib\site-packages\fastapi\routing.py", line 2734, in app
    await route.handle(scope, receive, send)
  File "C:\Users\фыа\AppData\Local\Programs\Python\Python314\Lib\site-packages\fastapi\routing.py", line 1780, in handle
    await self.original_router.handle(scope, receive, send)
  File "C:\Users\фыа\AppData\Local\Programs\Python\Python314\Lib\site-packages\fastapi\routing.py", line 2789, in handle
    await included_router._handle_selected(scope, receive, send)
  File "C:\Users\фыа\AppData\Local\Programs\Python\Python314\Lib\site-packages\fastapi\routing.py", line 1800, in _handle_selected
    await original_route.handle(scope, receive, send)
  File "C:\Users\фыа\AppData\Local\Programs\Python\Python314\Lib\site-packages\fastapi\routing.py", line 1279, in handle
    await app(scope, receive, send)
  File "C:\Users\фыа\AppData\Local\Programs\Python\Python314\Lib\site-packages\fastapi\routing.py", line 158, in app
    await wrap_app_handling_exceptions(app, request)(scope, receive, send)
  File "C:\Users\фыа\AppData\Local\Programs\Python\Python314\Lib\site-packages\starlette\_exception_handler.py", line 53, in wrapped_app
    raise exc
  File "C:\Users\фыа\AppData\Local\Programs\Python\Python314\Lib\site-packages\starlette\_exception_handler.py", line 42, in wrapped_app
    await app(scope, receive, sender)
  File "C:\Users\фыа\AppData\Local\Programs\Python\Python314\Lib\site-packages\fastapi\routing.py", line 144, in app
    response = await f(request)
               ^^^^^^^^^^^^^^^^
  File "C:\Users\фыа\AppData\Local\Programs\Python\Python314\Lib\site-packages\fastapi\routing.py", line 706, in app
    raw_response = await run_endpoint_function(
                   ^^^^^^^^^^^^^^^^^^^^^^^^^^^^
    ...<3 lines>...
    )
    ^
  File "C:\Users\фыа\AppData\Local\Programs\Python\Python314\Lib\site-packages\fastapi\routing.py", line 354, in run_endpoint_function
    return await run_in_threadpool(dependant.call, **values)
           ^^^^^^^^^^^^^^^^^^^^^^^^^^^^^^^^^^^^^^^^^^^^^^^^^
  File "C:\Users\фыа\AppData\Local\Programs\Python\Python314\Lib\site-packages\starlette\concurrency.py", line 34, in run_in_threadpool
    return await anyio.to_thread.run_sync(func)
           ^^^^^^^^^^^^^^^^^^^^^^^^^^^^^^^^^^^^
  File "C:\Users\фыа\AppData\Local\Programs\Python\Python314\Lib\site-packages\anyio\to_thread.py", line 63, in run_sync
    return await get_async_backend().run_sync_in_worker_thread(
           ^^^^^^^^^^^^^^^^^^^^^^^^^^^^^^^^^^^^^^^^^^^^^^^^^^^^
        func, args, abandon_on_cancel=abandon_on_cancel, limiter=limiter
        ^^^^^^^^^^^^^^^^^^^^^^^^^^^^^^^^^^^^^^^^^^^^^^^^^^^^^^^^^^^^^^^^
    )
    ^
  File "C:\Users\фыа\AppData\Local\Programs\Python\Python314\Lib\site-packages\anyio\_backends\_asyncio.py", line 2596, in run_sync_in_worker_thread
    return await future
           ^^^^^^^^^^^^
  File "C:\Users\фыа\AppData\Local\Programs\Python\Python314\Lib\site-packages\anyio\_backends\_asyncio.py", line 1029, in run
    result = context.run(func, *args)
  File "C:\Users\фыа\Documents\Obsidian Vault\Programs\JobMatrix\api\routes\notifications.py", line 24, in list_events
    q = q.filter(Event.read_at.is_(None))
  File "<string>", line 2, in filter
  File "C:\Users\фыа\AppData\Local\Programs\Python\Python314\Lib\site-packages\sqlalchemy\sql\base.py", line 284, in _generative
    x = fn(self, *args, **kw)
  File "<string>", line 2, in filter
  File "C:\Users\фыа\AppData\Local\Programs\Python\Python314\Lib\site-packages\sqlalchemy\orm\base.py", line 303, in generate
    assertion(self, fn.__name__)
    ~~~~~~~~~^^^^^^^^^^^^^^^^^^^
  File "C:\Users\фыа\AppData\Local\Programs\Python\Python314\Lib\site-packages\sqlalchemy\orm\query.py", line 444, in _no_limit_offset
    raise sa_exc.InvalidRequestError(
    ...<3 lines>...
    )
sqlalchemy.exc.InvalidRequestError: Query.filter() being called on a Query which already has LIMIT or OFFSET applied.  Call filter() before limit() or offset() are applied.
INFO:     127.0.0.1:54677 - "GET /api/vacancies HTTP/1.1" 200 OK
INFO:     127.0.0.1:52681 - "GET /api/notifications?unread=1 HTTP/1.1" 500 Internal Server Error
ERROR:    Exception in ASGI application
Traceback (most recent call last):
  File "C:\Users\фыа\AppData\Local\Programs\Python\Python314\Lib\site-packages\uvicorn\protocols\http\httptools_impl.py", line 422, in run_asgi
    result = await app(  # type: ignore[func-returns-value]
             ^^^^^^^^^^^^^^^^^^^^^^^^^^^^^^^^^^^^^^^^^^^^^^
        self.scope, self.receive, self.send
        ^^^^^^^^^^^^^^^^^^^^^^^^^^^^^^^^^^^
    )
    ^
  File "C:\Users\фыа\AppData\Local\Programs\Python\Python314\Lib\site-packages\uvicorn\middleware\proxy_headers.py", line 63, in __call__
    return await self.app(scope, receive, send)
           ^^^^^^^^^^^^^^^^^^^^^^^^^^^^^^^^^^^^
  File "C:\Users\фыа\AppData\Local\Programs\Python\Python314\Lib\site-packages\fastapi\applications.py", line 1163, in __call__
    await super().__call__(scope, receive, send)
  File "C:\Users\фыа\AppData\Local\Programs\Python\Python314\Lib\site-packages\starlette\applications.py", line 96, in __call__
    await self.middleware_stack(scope, receive, send)
  File "C:\Users\фыа\AppData\Local\Programs\Python\Python314\Lib\site-packages\starlette\middleware\errors.py", line 186, in __call__
    raise exc
  File "C:\Users\фыа\AppData\Local\Programs\Python\Python314\Lib\site-packages\starlette\middleware\errors.py", line 164, in __call__
    await self.app(scope, receive, _send)
  File "C:\Users\фыа\AppData\Local\Programs\Python\Python314\Lib\site-packages\starlette\middleware\cors.py", line 88, in __call__
    await self.app(scope, receive, send)
  File "C:\Users\фыа\AppData\Local\Programs\Python\Python314\Lib\site-packages\starlette\middleware\exceptions.py", line 63, in __call__
    await wrap_app_handling_exceptions(self.app, conn)(scope, receive, send)
  File "C:\Users\фыа\AppData\Local\Programs\Python\Python314\Lib\site-packages\starlette\_exception_handler.py", line 53, in wrapped_app
    raise exc
  File "C:\Users\фыа\AppData\Local\Programs\Python\Python314\Lib\site-packages\starlette\_exception_handler.py", line 42, in wrapped_app
    await app(scope, receive, sender)
  File "C:\Users\фыа\AppData\Local\Programs\Python\Python314\Lib\site-packages\fastapi\middleware\asyncexitstack.py", line 18, in __call__
    await self.app(scope, receive, send)
  File "C:\Users\фыа\AppData\Local\Programs\Python\Python314\Lib\site-packages\starlette\routing.py", line 670, in __call__
    await self.middleware_stack(scope, receive, send)
  File "C:\Users\фыа\AppData\Local\Programs\Python\Python314\Lib\site-packages\fastapi\routing.py", line 2734, in app
    await route.handle(scope, receive, send)
  File "C:\Users\фыа\AppData\Local\Programs\Python\Python314\Lib\site-packages\fastapi\routing.py", line 1780, in handle
    await self.original_router.handle(scope, receive, send)
  File "C:\Users\фыа\AppData\Local\Programs\Python\Python314\Lib\site-packages\fastapi\routing.py", line 2789, in handle
    await included_router._handle_selected(scope, receive, send)
  File "C:\Users\фыа\AppData\Local\Programs\Python\Python314\Lib\site-packages\fastapi\routing.py", line 1800, in _handle_selected
    await original_route.handle(scope, receive, send)
  File "C:\Users\фыа\AppData\Local\Programs\Python\Python314\Lib\site-packages\fastapi\routing.py", line 1279, in handle
    await app(scope, receive, send)
  File "C:\Users\фыа\AppData\Local\Programs\Python\Python314\Lib\site-packages\fastapi\routing.py", line 158, in app
    await wrap_app_handling_exceptions(app, request)(scope, receive, send)
  File "C:\Users\фыа\AppData\Local\Programs\Python\Python314\Lib\site-packages\starlette\_exception_handler.py", line 53, in wrapped_app
    raise exc
  File "C:\Users\фыа\AppData\Local\Programs\Python\Python314\Lib\site-packages\starlette\_exception_handler.py", line 42, in wrapped_app
    await app(scope, receive, sender)
  File "C:\Users\фыа\AppData\Local\Programs\Python\Python314\Lib\site-packages\fastapi\routing.py", line 144, in app
    response = await f(request)
               ^^^^^^^^^^^^^^^^
  File "C:\Users\фыа\AppData\Local\Programs\Python\Python314\Lib\site-packages\fastapi\routing.py", line 706, in app
    raw_response = await run_endpoint_function(
                   ^^^^^^^^^^^^^^^^^^^^^^^^^^^^
    ...<3 lines>...
    )
    ^
  File "C:\Users\фыа\AppData\Local\Programs\Python\Python314\Lib\site-packages\fastapi\routing.py", line 354, in run_endpoint_function
    return await run_in_threadpool(dependant.call, **values)
           ^^^^^^^^^^^^^^^^^^^^^^^^^^^^^^^^^^^^^^^^^^^^^^^^^
  File "C:\Users\фыа\AppData\Local\Programs\Python\Python314\Lib\site-packages\starlette\concurrency.py", line 34, in run_in_threadpool
    return await anyio.to_thread.run_sync(func)
           ^^^^^^^^^^^^^^^^^^^^^^^^^^^^^^^^^^^^
  File "C:\Users\фыа\AppData\Local\Programs\Python\Python314\Lib\site-packages\anyio\to_thread.py", line 63, in run_sync
    return await get_async_backend().run_sync_in_worker_thread(
           ^^^^^^^^^^^^^^^^^^^^^^^^^^^^^^^^^^^^^^^^^^^^^^^^^^^^
        func, args, abandon_on_cancel=abandon_on_cancel, limiter=limiter
        ^^^^^^^^^^^^^^^^^^^^^^^^^^^^^^^^^^^^^^^^^^^^^^^^^^^^^^^^^^^^^^^^
    )
    ^
  File "C:\Users\фыа\AppData\Local\Programs\Python\Python314\Lib\site-packages\anyio\_backends\_asyncio.py", line 2596, in run_sync_in_worker_thread
    return await future
           ^^^^^^^^^^^^
  File "C:\Users\фыа\AppData\Local\Programs\Python\Python314\Lib\site-packages\anyio\_backends\_asyncio.py", line 1029, in run
    result = context.run(func, *args)
  File "C:\Users\фыа\Documents\Obsidian Vault\Programs\JobMatrix\api\routes\notifications.py", line 24, in list_events
    q = q.filter(Event.read_at.is_(None))
  File "<string>", line 2, in filter
  File "C:\Users\фыа\AppData\Local\Programs\Python\Python314\Lib\site-packages\sqlalchemy\sql\base.py", line 284, in _generative
    x = fn(self, *args, **kw)
  File "<string>", line 2, in filter
  File "C:\Users\фыа\AppData\Local\Programs\Python\Python314\Lib\site-packages\sqlalchemy\orm\base.py", line 303, in generate
    assertion(self, fn.__name__)
    ~~~~~~~~~^^^^^^^^^^^^^^^^^^^
  File "C:\Users\фыа\AppData\Local\Programs\Python\Python314\Lib\site-packages\sqlalchemy\orm\query.py", line 444, in _no_limit_offset
    raise sa_exc.InvalidRequestError(
    ...<3 lines>...
    )
sqlalchemy.exc.InvalidRequestError: Query.filter() being called on a Query which already has LIMIT or OFFSET applied.  Call filter() before limit() or offset() are applied.
INFO:     127.0.0.1:54677 - "GET /api/vacancies HTTP/1.1" 200 OK
INFO:     127.0.0.1:52954 - "GET /api/notifications?unread=1 HTTP/1.1" 500 Internal Server Error
ERROR:    Exception in ASGI application
Traceback (most recent call last):
  File "C:\Users\фыа\AppData\Local\Programs\Python\Python314\Lib\site-packages\uvicorn\protocols\http\httptools_impl.py", line 422, in run_asgi
    result = await app(  # type: ignore[func-returns-value]
             ^^^^^^^^^^^^^^^^^^^^^^^^^^^^^^^^^^^^^^^^^^^^^^
        self.scope, self.receive, self.send
        ^^^^^^^^^^^^^^^^^^^^^^^^^^^^^^^^^^^
    )
    ^
  File "C:\Users\фыа\AppData\Local\Programs\Python\Python314\Lib\site-packages\uvicorn\middleware\proxy_headers.py", line 63, in __call__
    return await self.app(scope, receive, send)
           ^^^^^^^^^^^^^^^^^^^^^^^^^^^^^^^^^^^^
  File "C:\Users\фыа\AppData\Local\Programs\Python\Python314\Lib\site-packages\fastapi\applications.py", line 1163, in __call__
    await super().__call__(scope, receive, send)
  File "C:\Users\фыа\AppData\Local\Programs\Python\Python314\Lib\site-packages\starlette\applications.py", line 96, in __call__
    await self.middleware_stack(scope, receive, send)
  File "C:\Users\фыа\AppData\Local\Programs\Python\Python314\Lib\site-packages\starlette\middleware\errors.py", line 186, in __call__
    raise exc
  File "C:\Users\фыа\AppData\Local\Programs\Python\Python314\Lib\site-packages\starlette\middleware\errors.py", line 164, in __call__
    await self.app(scope, receive, _send)
  File "C:\Users\фыа\AppData\Local\Programs\Python\Python314\Lib\site-packages\starlette\middleware\cors.py", line 88, in __call__
    await self.app(scope, receive, send)
  File "C:\Users\фыа\AppData\Local\Programs\Python\Python314\Lib\site-packages\starlette\middleware\exceptions.py", line 63, in __call__
    await wrap_app_handling_exceptions(self.app, conn)(scope, receive, send)
  File "C:\Users\фыа\AppData\Local\Programs\Python\Python314\Lib\site-packages\starlette\_exception_handler.py", line 53, in wrapped_app
    raise exc
  File "C:\Users\фыа\AppData\Local\Programs\Python\Python314\Lib\site-packages\starlette\_exception_handler.py", line 42, in wrapped_app
    await app(scope, receive, sender)
  File "C:\Users\фыа\AppData\Local\Programs\Python\Python314\Lib\site-packages\fastapi\middleware\asyncexitstack.py", line 18, in __call__
    await self.app(scope, receive, send)
  File "C:\Users\фыа\AppData\Local\Programs\Python\Python314\Lib\site-packages\starlette\routing.py", line 670, in __call__
    await self.middleware_stack(scope, receive, send)
  File "C:\Users\фыа\AppData\Local\Programs\Python\Python314\Lib\site-packages\fastapi\routing.py", line 2734, in app
    await route.handle(scope, receive, send)
  File "C:\Users\фыа\AppData\Local\Programs\Python\Python314\Lib\site-packages\fastapi\routing.py", line 1780, in handle
    await self.original_router.handle(scope, receive, send)
  File "C:\Users\фыа\AppData\Local\Programs\Python\Python314\Lib\site-packages\fastapi\routing.py", line 2789, in handle
    await included_router._handle_selected(scope, receive, send)
  File "C:\Users\фыа\AppData\Local\Programs\Python\Python314\Lib\site-packages\fastapi\routing.py", line 1800, in _handle_selected
    await original_route.handle(scope, receive, send)
  File "C:\Users\фыа\AppData\Local\Programs\Python\Python314\Lib\site-packages\fastapi\routing.py", line 1279, in handle
    await app(scope, receive, send)
  File "C:\Users\фыа\AppData\Local\Programs\Python\Python314\Lib\site-packages\fastapi\routing.py", line 158, in app
    await wrap_app_handling_exceptions(app, request)(scope, receive, send)
  File "C:\Users\фыа\AppData\Local\Programs\Python\Python314\Lib\site-packages\starlette\_exception_handler.py", line 53, in wrapped_app
    raise exc
  File "C:\Users\фыа\AppData\Local\Programs\Python\Python314\Lib\site-packages\starlette\_exception_handler.py", line 42, in wrapped_app
    await app(scope, receive, sender)
  File "C:\Users\фыа\AppData\Local\Programs\Python\Python314\Lib\site-packages\fastapi\routing.py", line 144, in app
    response = await f(request)
               ^^^^^^^^^^^^^^^^
  File "C:\Users\фыа\AppData\Local\Programs\Python\Python314\Lib\site-packages\fastapi\routing.py", line 706, in app
    raw_response = await run_endpoint_function(
                   ^^^^^^^^^^^^^^^^^^^^^^^^^^^^
    ...<3 lines>...
    )
    ^
  File "C:\Users\фыа\AppData\Local\Programs\Python\Python314\Lib\site-packages\fastapi\routing.py", line 354, in run_endpoint_function
    return await run_in_threadpool(dependant.call, **values)
           ^^^^^^^^^^^^^^^^^^^^^^^^^^^^^^^^^^^^^^^^^^^^^^^^^
  File "C:\Users\фыа\AppData\Local\Programs\Python\Python314\Lib\site-packages\starlette\concurrency.py", line 34, in run_in_threadpool
    return await anyio.to_thread.run_sync(func)
           ^^^^^^^^^^^^^^^^^^^^^^^^^^^^^^^^^^^^
  File "C:\Users\фыа\AppData\Local\Programs\Python\Python314\Lib\site-packages\anyio\to_thread.py", line 63, in run_sync
    return await get_async_backend().run_sync_in_worker_thread(
           ^^^^^^^^^^^^^^^^^^^^^^^^^^^^^^^^^^^^^^^^^^^^^^^^^^^^
        func, args, abandon_on_cancel=abandon_on_cancel, limiter=limiter
        ^^^^^^^^^^^^^^^^^^^^^^^^^^^^^^^^^^^^^^^^^^^^^^^^^^^^^^^^^^^^^^^^
    )
    ^
  File "C:\Users\фыа\AppData\Local\Programs\Python\Python314\Lib\site-packages\anyio\_backends\_asyncio.py", line 2596, in run_sync_in_worker_thread
    return await future
           ^^^^^^^^^^^^
  File "C:\Users\фыа\AppData\Local\Programs\Python\Python314\Lib\site-packages\anyio\_backends\_asyncio.py", line 1029, in run
    result = context.run(func, *args)
  File "C:\Users\фыа\Documents\Obsidian Vault\Programs\JobMatrix\api\routes\notifications.py", line 24, in list_events
    q = q.filter(Event.read_at.is_(None))
  File "<string>", line 2, in filter
  File "C:\Users\фыа\AppData\Local\Programs\Python\Python314\Lib\site-packages\sqlalchemy\sql\base.py", line 284, in _generative
    x = fn(self, *args, **kw)
  File "<string>", line 2, in filter
  File "C:\Users\фыа\AppData\Local\Programs\Python\Python314\Lib\site-packages\sqlalchemy\orm\base.py", line 303, in generate
    assertion(self, fn.__name__)
    ~~~~~~~~~^^^^^^^^^^^^^^^^^^^
  File "C:\Users\фыа\AppData\Local\Programs\Python\Python314\Lib\site-packages\sqlalchemy\orm\query.py", line 444, in _no_limit_offset
    raise sa_exc.InvalidRequestError(
    ...<3 lines>...
    )
sqlalchemy.exc.InvalidRequestError: Query.filter() being called on a Query which already has LIMIT or OFFSET applied.  Call filter() before limit() or offset() are applied.
INFO:     127.0.0.1:51317 - "GET /api/vacancies HTTP/1.1" 200 OK
INFO:     127.0.0.1:53489 - "GET /api/notifications?unread=1 HTTP/1.1" 500 Internal Server Error
ERROR:    Exception in ASGI application
Traceback (most recent call last):
  File "C:\Users\фыа\AppData\Local\Programs\Python\Python314\Lib\site-packages\uvicorn\protocols\http\httptools_impl.py", line 422, in run_asgi
    result = await app(  # type: ignore[func-returns-value]
             ^^^^^^^^^^^^^^^^^^^^^^^^^^^^^^^^^^^^^^^^^^^^^^
        self.scope, self.receive, self.send
        ^^^^^^^^^^^^^^^^^^^^^^^^^^^^^^^^^^^
    )
    ^
  File "C:\Users\фыа\AppData\Local\Programs\Python\Python314\Lib\site-packages\uvicorn\middleware\proxy_headers.py", line 63, in __call__
    return await self.app(scope, receive, send)
           ^^^^^^^^^^^^^^^^^^^^^^^^^^^^^^^^^^^^
  File "C:\Users\фыа\AppData\Local\Programs\Python\Python314\Lib\site-packages\fastapi\applications.py", line 1163, in __call__
    await super().__call__(scope, receive, send)
  File "C:\Users\фыа\AppData\Local\Programs\Python\Python314\Lib\site-packages\starlette\applications.py", line 96, in __call__
    await self.middleware_stack(scope, receive, send)
  File "C:\Users\фыа\AppData\Local\Programs\Python\Python314\Lib\site-packages\starlette\middleware\errors.py", line 186, in __call__
    raise exc
  File "C:\Users\фыа\AppData\Local\Programs\Python\Python314\Lib\site-packages\starlette\middleware\errors.py", line 164, in __call__
    await self.app(scope, receive, _send)
  File "C:\Users\фыа\AppData\Local\Programs\Python\Python314\Lib\site-packages\starlette\middleware\cors.py", line 88, in __call__
    await self.app(scope, receive, send)
  File "C:\Users\фыа\AppData\Local\Programs\Python\Python314\Lib\site-packages\starlette\middleware\exceptions.py", line 63, in __call__
    await wrap_app_handling_exceptions(self.app, conn)(scope, receive, send)
  File "C:\Users\фыа\AppData\Local\Programs\Python\Python314\Lib\site-packages\starlette\_exception_handler.py", line 53, in wrapped_app
    raise exc
  File "C:\Users\фыа\AppData\Local\Programs\Python\Python314\Lib\site-packages\starlette\_exception_handler.py", line 42, in wrapped_app
    await app(scope, receive, sender)
  File "C:\Users\фыа\AppData\Local\Programs\Python\Python314\Lib\site-packages\fastapi\middleware\asyncexitstack.py", line 18, in __call__
    await self.app(scope, receive, send)
  File "C:\Users\фыа\AppData\Local\Programs\Python\Python314\Lib\site-packages\starlette\routing.py", line 670, in __call__
    await self.middleware_stack(scope, receive, send)
  File "C:\Users\фыа\AppData\Local\Programs\Python\Python314\Lib\site-packages\fastapi\routing.py", line 2734, in app
    await route.handle(scope, receive, send)
  File "C:\Users\фыа\AppData\Local\Programs\Python\Python314\Lib\site-packages\fastapi\routing.py", line 1780, in handle
    await self.original_router.handle(scope, receive, send)
  File "C:\Users\фыа\AppData\Local\Programs\Python\Python314\Lib\site-packages\fastapi\routing.py", line 2789, in handle
    await included_router._handle_selected(scope, receive, send)
  File "C:\Users\фыа\AppData\Local\Programs\Python\Python314\Lib\site-packages\fastapi\routing.py", line 1800, in _handle_selected
    await original_route.handle(scope, receive, send)
  File "C:\Users\фыа\AppData\Local\Programs\Python\Python314\Lib\site-packages\fastapi\routing.py", line 1279, in handle
    await app(scope, receive, send)
  File "C:\Users\фыа\AppData\Local\Programs\Python\Python314\Lib\site-packages\fastapi\routing.py", line 158, in app
    await wrap_app_handling_exceptions(app, request)(scope, receive, send)
  File "C:\Users\фыа\AppData\Local\Programs\Python\Python314\Lib\site-packages\starlette\_exception_handler.py", line 53, in wrapped_app
    raise exc
  File "C:\Users\фыа\AppData\Local\Programs\Python\Python314\Lib\site-packages\starlette\_exception_handler.py", line 42, in wrapped_app
    await app(scope, receive, sender)
  File "C:\Users\фыа\AppData\Local\Programs\Python\Python314\Lib\site-packages\fastapi\routing.py", line 144, in app
    response = await f(request)
               ^^^^^^^^^^^^^^^^
  File "C:\Users\фыа\AppData\Local\Programs\Python\Python314\Lib\site-packages\fastapi\routing.py", line 706, in app
    raw_response = await run_endpoint_function(
                   ^^^^^^^^^^^^^^^^^^^^^^^^^^^^
    ...<3 lines>...
    )
    ^
  File "C:\Users\фыа\AppData\Local\Programs\Python\Python314\Lib\site-packages\fastapi\routing.py", line 354, in run_endpoint_function
    return await run_in_threadpool(dependant.call, **values)
           ^^^^^^^^^^^^^^^^^^^^^^^^^^^^^^^^^^^^^^^^^^^^^^^^^
  File "C:\Users\фыа\AppData\Local\Programs\Python\Python314\Lib\site-packages\starlette\concurrency.py", line 34, in run_in_threadpool
    return await anyio.to_thread.run_sync(func)
           ^^^^^^^^^^^^^^^^^^^^^^^^^^^^^^^^^^^^
  File "C:\Users\фыа\AppData\Local\Programs\Python\Python314\Lib\site-packages\anyio\to_thread.py", line 63, in run_sync
    return await get_async_backend().run_sync_in_worker_thread(
           ^^^^^^^^^^^^^^^^^^^^^^^^^^^^^^^^^^^^^^^^^^^^^^^^^^^^
        func, args, abandon_on_cancel=abandon_on_cancel, limiter=limiter
        ^^^^^^^^^^^^^^^^^^^^^^^^^^^^^^^^^^^^^^^^^^^^^^^^^^^^^^^^^^^^^^^^
    )
    ^
  File "C:\Users\фыа\AppData\Local\Programs\Python\Python314\Lib\site-packages\anyio\_backends\_asyncio.py", line 2596, in run_sync_in_worker_thread
    return await future
           ^^^^^^^^^^^^
  File "C:\Users\фыа\AppData\Local\Programs\Python\Python314\Lib\site-packages\anyio\_backends\_asyncio.py", line 1029, in run
    result = context.run(func, *args)
  File "C:\Users\фыа\Documents\Obsidian Vault\Programs\JobMatrix\api\routes\notifications.py", line 24, in list_events
    q = q.filter(Event.read_at.is_(None))
  File "<string>", line 2, in filter
  File "C:\Users\фыа\AppData\Local\Programs\Python\Python314\Lib\site-packages\sqlalchemy\sql\base.py", line 284, in _generative
    x = fn(self, *args, **kw)
  File "<string>", line 2, in filter
  File "C:\Users\фыа\AppData\Local\Programs\Python\Python314\Lib\site-packages\sqlalchemy\orm\base.py", line 303, in generate
    assertion(self, fn.__name__)
    ~~~~~~~~~^^^^^^^^^^^^^^^^^^^
  File "C:\Users\фыа\AppData\Local\Programs\Python\Python314\Lib\site-packages\sqlalchemy\orm\query.py", line 444, in _no_limit_offset
    raise sa_exc.InvalidRequestError(
    ...<3 lines>...
    )
sqlalchemy.exc.InvalidRequestError: Query.filter() being called on a Query which already has LIMIT or OFFSET applied.  Call filter() before limit() or offset() are applied.
INFO:     127.0.0.1:51317 - "GET /api/notifications?unread=1 HTTP/1.1" 500 Internal Server Error
ERROR:    Exception in ASGI application
Traceback (most recent call last):
  File "C:\Users\фыа\AppData\Local\Programs\Python\Python314\Lib\site-packages\uvicorn\protocols\http\httptools_impl.py", line 422, in run_asgi
    result = await app(  # type: ignore[func-returns-value]
             ^^^^^^^^^^^^^^^^^^^^^^^^^^^^^^^^^^^^^^^^^^^^^^
        self.scope, self.receive, self.send
        ^^^^^^^^^^^^^^^^^^^^^^^^^^^^^^^^^^^
    )
    ^
  File "C:\Users\фыа\AppData\Local\Programs\Python\Python314\Lib\site-packages\uvicorn\middleware\proxy_headers.py", line 63, in __call__
    return await self.app(scope, receive, send)
           ^^^^^^^^^^^^^^^^^^^^^^^^^^^^^^^^^^^^
  File "C:\Users\фыа\AppData\Local\Programs\Python\Python314\Lib\site-packages\fastapi\applications.py", line 1163, in __call__
    await super().__call__(scope, receive, send)
  File "C:\Users\фыа\AppData\Local\Programs\Python\Python314\Lib\site-packages\starlette\applications.py", line 96, in __call__
    await self.middleware_stack(scope, receive, send)
  File "C:\Users\фыа\AppData\Local\Programs\Python\Python314\Lib\site-packages\starlette\middleware\errors.py", line 186, in __call__
    raise exc
  File "C:\Users\фыа\AppData\Local\Programs\Python\Python314\Lib\site-packages\starlette\middleware\errors.py", line 164, in __call__
    await self.app(scope, receive, _send)
  File "C:\Users\фыа\AppData\Local\Programs\Python\Python314\Lib\site-packages\starlette\middleware\cors.py", line 88, in __call__
    await self.app(scope, receive, send)
  File "C:\Users\фыа\AppData\Local\Programs\Python\Python314\Lib\site-packages\starlette\middleware\exceptions.py", line 63, in __call__
    await wrap_app_handling_exceptions(self.app, conn)(scope, receive, send)
  File "C:\Users\фыа\AppData\Local\Programs\Python\Python314\Lib\site-packages\starlette\_exception_handler.py", line 53, in wrapped_app
    raise exc
  File "C:\Users\фыа\AppData\Local\Programs\Python\Python314\Lib\site-packages\starlette\_exception_handler.py", line 42, in wrapped_app
    await app(scope, receive, sender)
  File "C:\Users\фыа\AppData\Local\Programs\Python\Python314\Lib\site-packages\fastapi\middleware\asyncexitstack.py", line 18, in __call__
    await self.app(scope, receive, send)
  File "C:\Users\фыа\AppData\Local\Programs\Python\Python314\Lib\site-packages\starlette\routing.py", line 670, in __call__
    await self.middleware_stack(scope, receive, send)
  File "C:\Users\фыа\AppData\Local\Programs\Python\Python314\Lib\site-packages\fastapi\routing.py", line 2734, in app
    await route.handle(scope, receive, send)
  File "C:\Users\фыа\AppData\Local\Programs\Python\Python314\Lib\site-packages\fastapi\routing.py", line 1780, in handle
    await self.original_router.handle(scope, receive, send)
  File "C:\Users\фыа\AppData\Local\Programs\Python\Python314\Lib\site-packages\fastapi\routing.py", line 2789, in handle
    await included_router._handle_selected(scope, receive, send)
  File "C:\Users\фыа\AppData\Local\Programs\Python\Python314\Lib\site-packages\fastapi\routing.py", line 1800, in _handle_selected
    await original_route.handle(scope, receive, send)
  File "C:\Users\фыа\AppData\Local\Programs\Python\Python314\Lib\site-packages\fastapi\routing.py", line 1279, in handle
    await app(scope, receive, send)
  File "C:\Users\фыа\AppData\Local\Programs\Python\Python314\Lib\site-packages\fastapi\routing.py", line 158, in app
    await wrap_app_handling_exceptions(app, request)(scope, receive, send)
  File "C:\Users\фыа\AppData\Local\Programs\Python\Python314\Lib\site-packages\starlette\_exception_handler.py", line 53, in wrapped_app
    raise exc
  File "C:\Users\фыа\AppData\Local\Programs\Python\Python314\Lib\site-packages\starlette\_exception_handler.py", line 42, in wrapped_app
    await app(scope, receive, sender)
  File "C:\Users\фыа\AppData\Local\Programs\Python\Python314\Lib\site-packages\fastapi\routing.py", line 144, in app
    response = await f(request)
               ^^^^^^^^^^^^^^^^
  File "C:\Users\фыа\AppData\Local\Programs\Python\Python314\Lib\site-packages\fastapi\routing.py", line 706, in app
    raw_response = await run_endpoint_function(
                   ^^^^^^^^^^^^^^^^^^^^^^^^^^^^
    ...<3 lines>...
    )
    ^
  File "C:\Users\фыа\AppData\Local\Programs\Python\Python314\Lib\site-packages\fastapi\routing.py", line 354, in run_endpoint_function
    return await run_in_threadpool(dependant.call, **values)
           ^^^^^^^^^^^^^^^^^^^^^^^^^^^^^^^^^^^^^^^^^^^^^^^^^
  File "C:\Users\фыа\AppData\Local\Programs\Python\Python314\Lib\site-packages\starlette\concurrency.py", line 34, in run_in_threadpool
    return await anyio.to_thread.run_sync(func)
           ^^^^^^^^^^^^^^^^^^^^^^^^^^^^^^^^^^^^
  File "C:\Users\фыа\AppData\Local\Programs\Python\Python314\Lib\site-packages\anyio\to_thread.py", line 63, in run_sync
    return await get_async_backend().run_sync_in_worker_thread(
           ^^^^^^^^^^^^^^^^^^^^^^^^^^^^^^^^^^^^^^^^^^^^^^^^^^^^
        func, args, abandon_on_cancel=abandon_on_cancel, limiter=limiter
        ^^^^^^^^^^^^^^^^^^^^^^^^^^^^^^^^^^^^^^^^^^^^^^^^^^^^^^^^^^^^^^^^
    )
    ^
  File "C:\Users\фыа\AppData\Local\Programs\Python\Python314\Lib\site-packages\anyio\_backends\_asyncio.py", line 2596, in run_sync_in_worker_thread
    return await future
           ^^^^^^^^^^^^
  File "C:\Users\фыа\AppData\Local\Programs\Python\Python314\Lib\site-packages\anyio\_backends\_asyncio.py", line 1029, in run
    result = context.run(func, *args)
  File "C:\Users\фыа\Documents\Obsidian Vault\Programs\JobMatrix\api\routes\notifications.py", line 24, in list_events
    q = q.filter(Event.read_at.is_(None))
  File "<string>", line 2, in filter
  File "C:\Users\фыа\AppData\Local\Programs\Python\Python314\Lib\site-packages\sqlalchemy\sql\base.py", line 284, in _generative
    x = fn(self, *args, **kw)
  File "<string>", line 2, in filter
  File "C:\Users\фыа\AppData\Local\Programs\Python\Python314\Lib\site-packages\sqlalchemy\orm\base.py", line 303, in generate
    assertion(self, fn.__name__)
    ~~~~~~~~~^^^^^^^^^^^^^^^^^^^
  File "C:\Users\фыа\AppData\Local\Programs\Python\Python314\Lib\site-packages\sqlalchemy\orm\query.py", line 444, in _no_limit_offset
    raise sa_exc.InvalidRequestError(
    ...<3 lines>...
    )
sqlalchemy.exc.InvalidRequestError: Query.filter() being called on a Query which already has LIMIT or OFFSET applied.  Call filter() before limit() or offset() are applied.
INFO:     127.0.0.1:54677 - "GET /api/vacancies HTTP/1.1" 200 OK
INFO:     127.0.0.1:53135 - "GET /api/vacancies HTTP/1.1" 200 OK
INFO:     127.0.0.1:54677 - "GET /api/vacancies HTTP/1.1" 200 OK
INFO:     127.0.0.1:53135 - "GET /api/vacancies HTTP/1.1" 200 OK
INFO:     127.0.0.1:54677 - "GET /api/vacancies HTTP/1.1" 200 OK
INFO:     127.0.0.1:52528 - "GET /api/vacancies HTTP/1.1" 200 OK
INFO:     127.0.0.1:55810 - "GET /api/notifications?unread=1 HTTP/1.1" 500 Internal Server Error
ERROR:    Exception in ASGI application
Traceback (most recent call last):
  File "C:\Users\фыа\AppData\Local\Programs\Python\Python314\Lib\site-packages\uvicorn\protocols\http\httptools_impl.py", line 422, in run_asgi
    result = await app(  # type: ignore[func-returns-value]
             ^^^^^^^^^^^^^^^^^^^^^^^^^^^^^^^^^^^^^^^^^^^^^^
        self.scope, self.receive, self.send
        ^^^^^^^^^^^^^^^^^^^^^^^^^^^^^^^^^^^
    )
    ^
  File "C:\Users\фыа\AppData\Local\Programs\Python\Python314\Lib\site-packages\uvicorn\middleware\proxy_headers.py", line 63, in __call__
    return await self.app(scope, receive, send)
           ^^^^^^^^^^^^^^^^^^^^^^^^^^^^^^^^^^^^
  File "C:\Users\фыа\AppData\Local\Programs\Python\Python314\Lib\site-packages\fastapi\applications.py", line 1163, in __call__
    await super().__call__(scope, receive, send)
  File "C:\Users\фыа\AppData\Local\Programs\Python\Python314\Lib\site-packages\starlette\applications.py", line 96, in __call__
    await self.middleware_stack(scope, receive, send)
  File "C:\Users\фыа\AppData\Local\Programs\Python\Python314\Lib\site-packages\starlette\middleware\errors.py", line 186, in __call__
    raise exc
  File "C:\Users\фыа\AppData\Local\Programs\Python\Python314\Lib\site-packages\starlette\middleware\errors.py", line 164, in __call__
    await self.app(scope, receive, _send)
  File "C:\Users\фыа\AppData\Local\Programs\Python\Python314\Lib\site-packages\starlette\middleware\cors.py", line 88, in __call__
    await self.app(scope, receive, send)
  File "C:\Users\фыа\AppData\Local\Programs\Python\Python314\Lib\site-packages\starlette\middleware\exceptions.py", line 63, in __call__
    await wrap_app_handling_exceptions(self.app, conn)(scope, receive, send)
  File "C:\Users\фыа\AppData\Local\Programs\Python\Python314\Lib\site-packages\starlette\_exception_handler.py", line 53, in wrapped_app
    raise exc
  File "C:\Users\фыа\AppData\Local\Programs\Python\Python314\Lib\site-packages\starlette\_exception_handler.py", line 42, in wrapped_app
    await app(scope, receive, sender)
  File "C:\Users\фыа\AppData\Local\Programs\Python\Python314\Lib\site-packages\fastapi\middleware\asyncexitstack.py", line 18, in __call__
    await self.app(scope, receive, send)
  File "C:\Users\фыа\AppData\Local\Programs\Python\Python314\Lib\site-packages\starlette\routing.py", line 670, in __call__
    await self.middleware_stack(scope, receive, send)
  File "C:\Users\фыа\AppData\Local\Programs\Python\Python314\Lib\site-packages\fastapi\routing.py", line 2734, in app
    await route.handle(scope, receive, send)
  File "C:\Users\фыа\AppData\Local\Programs\Python\Python314\Lib\site-packages\fastapi\routing.py", line 1780, in handle
    await self.original_router.handle(scope, receive, send)
  File "C:\Users\фыа\AppData\Local\Programs\Python\Python314\Lib\site-packages\fastapi\routing.py", line 2789, in handle
    await included_router._handle_selected(scope, receive, send)
  File "C:\Users\фыа\AppData\Local\Programs\Python\Python314\Lib\site-packages\fastapi\routing.py", line 1800, in _handle_selected
    await original_route.handle(scope, receive, send)
  File "C:\Users\фыа\AppData\Local\Programs\Python\Python314\Lib\site-packages\fastapi\routing.py", line 1279, in handle
    await app(scope, receive, send)
  File "C:\Users\фыа\AppData\Local\Programs\Python\Python314\Lib\site-packages\fastapi\routing.py", line 158, in app
    await wrap_app_handling_exceptions(app, request)(scope, receive, send)
  File "C:\Users\фыа\AppData\Local\Programs\Python\Python314\Lib\site-packages\starlette\_exception_handler.py", line 53, in wrapped_app
    raise exc
  File "C:\Users\фыа\AppData\Local\Programs\Python\Python314\Lib\site-packages\starlette\_exception_handler.py", line 42, in wrapped_app
    await app(scope, receive, sender)
  File "C:\Users\фыа\AppData\Local\Programs\Python\Python314\Lib\site-packages\fastapi\routing.py", line 144, in app
    response = await f(request)
               ^^^^^^^^^^^^^^^^
  File "C:\Users\фыа\AppData\Local\Programs\Python\Python314\Lib\site-packages\fastapi\routing.py", line 706, in app
    raw_response = await run_endpoint_function(
                   ^^^^^^^^^^^^^^^^^^^^^^^^^^^^
    ...<3 lines>...
    )
    ^
  File "C:\Users\фыа\AppData\Local\Programs\Python\Python314\Lib\site-packages\fastapi\routing.py", line 354, in run_endpoint_function
    return await run_in_threadpool(dependant.call, **values)
           ^^^^^^^^^^^^^^^^^^^^^^^^^^^^^^^^^^^^^^^^^^^^^^^^^
  File "C:\Users\фыа\AppData\Local\Programs\Python\Python314\Lib\site-packages\starlette\concurrency.py", line 34, in run_in_threadpool
    return await anyio.to_thread.run_sync(func)
           ^^^^^^^^^^^^^^^^^^^^^^^^^^^^^^^^^^^^
  File "C:\Users\фыа\AppData\Local\Programs\Python\Python314\Lib\site-packages\anyio\to_thread.py", line 63, in run_sync
    return await get_async_backend().run_sync_in_worker_thread(
           ^^^^^^^^^^^^^^^^^^^^^^^^^^^^^^^^^^^^^^^^^^^^^^^^^^^^
        func, args, abandon_on_cancel=abandon_on_cancel, limiter=limiter
        ^^^^^^^^^^^^^^^^^^^^^^^^^^^^^^^^^^^^^^^^^^^^^^^^^^^^^^^^^^^^^^^^
    )
    ^
  File "C:\Users\фыа\AppData\Local\Programs\Python\Python314\Lib\site-packages\anyio\_backends\_asyncio.py", line 2596, in run_sync_in_worker_thread
    return await future
           ^^^^^^^^^^^^
  File "C:\Users\фыа\AppData\Local\Programs\Python\Python314\Lib\site-packages\anyio\_backends\_asyncio.py", line 1029, in run
    result = context.run(func, *args)
  File "C:\Users\фыа\Documents\Obsidian Vault\Programs\JobMatrix\api\routes\notifications.py", line 24, in list_events
    q = q.filter(Event.read_at.is_(None))
  File "<string>", line 2, in filter
  File "C:\Users\фыа\AppData\Local\Programs\Python\Python314\Lib\site-packages\sqlalchemy\sql\base.py", line 284, in _generative
    x = fn(self, *args, **kw)
  File "<string>", line 2, in filter
  File "C:\Users\фыа\AppData\Local\Programs\Python\Python314\Lib\site-packages\sqlalchemy\orm\base.py", line 303, in generate
    assertion(self, fn.__name__)
    ~~~~~~~~~^^^^^^^^^^^^^^^^^^^
  File "C:\Users\фыа\AppData\Local\Programs\Python\Python314\Lib\site-packages\sqlalchemy\orm\query.py", line 444, in _no_limit_offset
    raise sa_exc.InvalidRequestError(
    ...<3 lines>...
    )
sqlalchemy.exc.InvalidRequestError: Query.filter() being called on a Query which already has LIMIT or OFFSET applied.  Call filter() before limit() or offset() are applied.
INFO:     127.0.0.1:57444 - "GET /api/notifications?unread=1 HTTP/1.1" 500 Internal Server Error
ERROR:    Exception in ASGI application
Traceback (most recent call last):
  File "C:\Users\фыа\AppData\Local\Programs\Python\Python314\Lib\site-packages\uvicorn\protocols\http\httptools_impl.py", line 422, in run_asgi
    result = await app(  # type: ignore[func-returns-value]
             ^^^^^^^^^^^^^^^^^^^^^^^^^^^^^^^^^^^^^^^^^^^^^^
        self.scope, self.receive, self.send
        ^^^^^^^^^^^^^^^^^^^^^^^^^^^^^^^^^^^
    )
    ^
  File "C:\Users\фыа\AppData\Local\Programs\Python\Python314\Lib\site-packages\uvicorn\middleware\proxy_headers.py", line 63, in __call__
    return await self.app(scope, receive, send)
           ^^^^^^^^^^^^^^^^^^^^^^^^^^^^^^^^^^^^
  File "C:\Users\фыа\AppData\Local\Programs\Python\Python314\Lib\site-packages\fastapi\applications.py", line 1163, in __call__
    await super().__call__(scope, receive, send)
  File "C:\Users\фыа\AppData\Local\Programs\Python\Python314\Lib\site-packages\starlette\applications.py", line 96, in __call__
    await self.middleware_stack(scope, receive, send)
  File "C:\Users\фыа\AppData\Local\Programs\Python\Python314\Lib\site-packages\starlette\middleware\errors.py", line 186, in __call__
    raise exc
  File "C:\Users\фыа\AppData\Local\Programs\Python\Python314\Lib\site-packages\starlette\middleware\errors.py", line 164, in __call__
    await self.app(scope, receive, _send)
  File "C:\Users\фыа\AppData\Local\Programs\Python\Python314\Lib\site-packages\starlette\middleware\cors.py", line 88, in __call__
    await self.app(scope, receive, send)
  File "C:\Users\фыа\AppData\Local\Programs\Python\Python314\Lib\site-packages\starlette\middleware\exceptions.py", line 63, in __call__
    await wrap_app_handling_exceptions(self.app, conn)(scope, receive, send)
  File "C:\Users\фыа\AppData\Local\Programs\Python\Python314\Lib\site-packages\starlette\_exception_handler.py", line 53, in wrapped_app
    raise exc
  File "C:\Users\фыа\AppData\Local\Programs\Python\Python314\Lib\site-packages\starlette\_exception_handler.py", line 42, in wrapped_app
    await app(scope, receive, sender)
  File "C:\Users\фыа\AppData\Local\Programs\Python\Python314\Lib\site-packages\fastapi\middleware\asyncexitstack.py", line 18, in __call__
    await self.app(scope, receive, send)
  File "C:\Users\фыа\AppData\Local\Programs\Python\Python314\Lib\site-packages\starlette\routing.py", line 670, in __call__
    await self.middleware_stack(scope, receive, send)
  File "C:\Users\фыа\AppData\Local\Programs\Python\Python314\Lib\site-packages\fastapi\routing.py", line 2734, in app
    await route.handle(scope, receive, send)
  File "C:\Users\фыа\AppData\Local\Programs\Python\Python314\Lib\site-packages\fastapi\routing.py", line 1780, in handle
    await self.original_router.handle(scope, receive, send)
  File "C:\Users\фыа\AppData\Local\Programs\Python\Python314\Lib\site-packages\fastapi\routing.py", line 2789, in handle
    await included_router._handle_selected(scope, receive, send)
  File "C:\Users\фыа\AppData\Local\Programs\Python\Python314\Lib\site-packages\fastapi\routing.py", line 1800, in _handle_selected
    await original_route.handle(scope, receive, send)
  File "C:\Users\фыа\AppData\Local\Programs\Python\Python314\Lib\site-packages\fastapi\routing.py", line 1279, in handle
    await app(scope, receive, send)
  File "C:\Users\фыа\AppData\Local\Programs\Python\Python314\Lib\site-packages\fastapi\routing.py", line 158, in app
    await wrap_app_handling_exceptions(app, request)(scope, receive, send)
  File "C:\Users\фыа\AppData\Local\Programs\Python\Python314\Lib\site-packages\starlette\_exception_handler.py", line 53, in wrapped_app
    raise exc
  File "C:\Users\фыа\AppData\Local\Programs\Python\Python314\Lib\site-packages\starlette\_exception_handler.py", line 42, in wrapped_app
    await app(scope, receive, sender)
  File "C:\Users\фыа\AppData\Local\Programs\Python\Python314\Lib\site-packages\fastapi\routing.py", line 144, in app
    response = await f(request)
               ^^^^^^^^^^^^^^^^
  File "C:\Users\фыа\AppData\Local\Programs\Python\Python314\Lib\site-packages\fastapi\routing.py", line 706, in app
    raw_response = await run_endpoint_function(
                   ^^^^^^^^^^^^^^^^^^^^^^^^^^^^
    ...<3 lines>...
    )
    ^
  File "C:\Users\фыа\AppData\Local\Programs\Python\Python314\Lib\site-packages\fastapi\routing.py", line 354, in run_endpoint_function
    return await run_in_threadpool(dependant.call, **values)
           ^^^^^^^^^^^^^^^^^^^^^^^^^^^^^^^^^^^^^^^^^^^^^^^^^
  File "C:\Users\фыа\AppData\Local\Programs\Python\Python314\Lib\site-packages\starlette\concurrency.py", line 34, in run_in_threadpool
    return await anyio.to_thread.run_sync(func)
           ^^^^^^^^^^^^^^^^^^^^^^^^^^^^^^^^^^^^
  File "C:\Users\фыа\AppData\Local\Programs\Python\Python314\Lib\site-packages\anyio\to_thread.py", line 63, in run_sync
    return await get_async_backend().run_sync_in_worker_thread(
           ^^^^^^^^^^^^^^^^^^^^^^^^^^^^^^^^^^^^^^^^^^^^^^^^^^^^
        func, args, abandon_on_cancel=abandon_on_cancel, limiter=limiter
        ^^^^^^^^^^^^^^^^^^^^^^^^^^^^^^^^^^^^^^^^^^^^^^^^^^^^^^^^^^^^^^^^
    )
    ^
  File "C:\Users\фыа\AppData\Local\Programs\Python\Python314\Lib\site-packages\anyio\_backends\_asyncio.py", line 2596, in run_sync_in_worker_thread
    return await future
           ^^^^^^^^^^^^
  File "C:\Users\фыа\AppData\Local\Programs\Python\Python314\Lib\site-packages\anyio\_backends\_asyncio.py", line 1029, in run
    result = context.run(func, *args)
  File "C:\Users\фыа\Documents\Obsidian Vault\Programs\JobMatrix\api\routes\notifications.py", line 24, in list_events
    q = q.filter(Event.read_at.is_(None))
  File "<string>", line 2, in filter
  File "C:\Users\фыа\AppData\Local\Programs\Python\Python314\Lib\site-packages\sqlalchemy\sql\base.py", line 284, in _generative
    x = fn(self, *args, **kw)
  File "<string>", line 2, in filter
  File "C:\Users\фыа\AppData\Local\Programs\Python\Python314\Lib\site-packages\sqlalchemy\orm\base.py", line 303, in generate
    assertion(self, fn.__name__)
    ~~~~~~~~~^^^^^^^^^^^^^^^^^^^
  File "C:\Users\фыа\AppData\Local\Programs\Python\Python314\Lib\site-packages\sqlalchemy\orm\query.py", line 444, in _no_limit_offset
    raise sa_exc.InvalidRequestError(
    ...<3 lines>...
    )
sqlalchemy.exc.InvalidRequestError: Query.filter() being called on a Query which already has LIMIT or OFFSET applied.  Call filter() before limit() or offset() are applied.
INFO:     127.0.0.1:51611 - "GET /api/vacancies HTTP/1.1" 200 OK
INFO:     127.0.0.1:56180 - "GET /api/notifications?unread=1 HTTP/1.1" 500 Internal Server Error
ERROR:    Exception in ASGI application
Traceback (most recent call last):
  File "C:\Users\фыа\AppData\Local\Programs\Python\Python314\Lib\site-packages\uvicorn\protocols\http\httptools_impl.py", line 422, in run_asgi
    result = await app(  # type: ignore[func-returns-value]
             ^^^^^^^^^^^^^^^^^^^^^^^^^^^^^^^^^^^^^^^^^^^^^^
        self.scope, self.receive, self.send
        ^^^^^^^^^^^^^^^^^^^^^^^^^^^^^^^^^^^
    )
    ^
  File "C:\Users\фыа\AppData\Local\Programs\Python\Python314\Lib\site-packages\uvicorn\middleware\proxy_headers.py", line 63, in __call__
    return await self.app(scope, receive, send)
           ^^^^^^^^^^^^^^^^^^^^^^^^^^^^^^^^^^^^
  File "C:\Users\фыа\AppData\Local\Programs\Python\Python314\Lib\site-packages\fastapi\applications.py", line 1163, in __call__
    await super().__call__(scope, receive, send)
  File "C:\Users\фыа\AppData\Local\Programs\Python\Python314\Lib\site-packages\starlette\applications.py", line 96, in __call__
    await self.middleware_stack(scope, receive, send)
  File "C:\Users\фыа\AppData\Local\Programs\Python\Python314\Lib\site-packages\starlette\middleware\errors.py", line 186, in __call__
    raise exc
  File "C:\Users\фыа\AppData\Local\Programs\Python\Python314\Lib\site-packages\starlette\middleware\errors.py", line 164, in __call__
    await self.app(scope, receive, _send)
  File "C:\Users\фыа\AppData\Local\Programs\Python\Python314\Lib\site-packages\starlette\middleware\cors.py", line 88, in __call__
    await self.app(scope, receive, send)
  File "C:\Users\фыа\AppData\Local\Programs\Python\Python314\Lib\site-packages\starlette\middleware\exceptions.py", line 63, in __call__
    await wrap_app_handling_exceptions(self.app, conn)(scope, receive, send)
  File "C:\Users\фыа\AppData\Local\Programs\Python\Python314\Lib\site-packages\starlette\_exception_handler.py", line 53, in wrapped_app
    raise exc
  File "C:\Users\фыа\AppData\Local\Programs\Python\Python314\Lib\site-packages\starlette\_exception_handler.py", line 42, in wrapped_app
    await app(scope, receive, sender)
  File "C:\Users\фыа\AppData\Local\Programs\Python\Python314\Lib\site-packages\fastapi\middleware\asyncexitstack.py", line 18, in __call__
    await self.app(scope, receive, send)
  File "C:\Users\фыа\AppData\Local\Programs\Python\Python314\Lib\site-packages\starlette\routing.py", line 670, in __call__
    await self.middleware_stack(scope, receive, send)
  File "C:\Users\фыа\AppData\Local\Programs\Python\Python314\Lib\site-packages\fastapi\routing.py", line 2734, in app
    await route.handle(scope, receive, send)
  File "C:\Users\фыа\AppData\Local\Programs\Python\Python314\Lib\site-packages\fastapi\routing.py", line 1780, in handle
    await self.original_router.handle(scope, receive, send)
  File "C:\Users\фыа\AppData\Local\Programs\Python\Python314\Lib\site-packages\fastapi\routing.py", line 2789, in handle
    await included_router._handle_selected(scope, receive, send)
  File "C:\Users\фыа\AppData\Local\Programs\Python\Python314\Lib\site-packages\fastapi\routing.py", line 1800, in _handle_selected
    await original_route.handle(scope, receive, send)
  File "C:\Users\фыа\AppData\Local\Programs\Python\Python314\Lib\site-packages\fastapi\routing.py", line 1279, in handle
    await app(scope, receive, send)
  File "C:\Users\фыа\AppData\Local\Programs\Python\Python314\Lib\site-packages\fastapi\routing.py", line 158, in app
    await wrap_app_handling_exceptions(app, request)(scope, receive, send)
  File "C:\Users\фыа\AppData\Local\Programs\Python\Python314\Lib\site-packages\starlette\_exception_handler.py", line 53, in wrapped_app
    raise exc
  File "C:\Users\фыа\AppData\Local\Programs\Python\Python314\Lib\site-packages\starlette\_exception_handler.py", line 42, in wrapped_app
    await app(scope, receive, sender)
  File "C:\Users\фыа\AppData\Local\Programs\Python\Python314\Lib\site-packages\fastapi\routing.py", line 144, in app
    response = await f(request)
               ^^^^^^^^^^^^^^^^
  File "C:\Users\фыа\AppData\Local\Programs\Python\Python314\Lib\site-packages\fastapi\routing.py", line 706, in app
    raw_response = await run_endpoint_function(
                   ^^^^^^^^^^^^^^^^^^^^^^^^^^^^
    ...<3 lines>...
    )
    ^
  File "C:\Users\фыа\AppData\Local\Programs\Python\Python314\Lib\site-packages\fastapi\routing.py", line 354, in run_endpoint_function
    return await run_in_threadpool(dependant.call, **values)
           ^^^^^^^^^^^^^^^^^^^^^^^^^^^^^^^^^^^^^^^^^^^^^^^^^
  File "C:\Users\фыа\AppData\Local\Programs\Python\Python314\Lib\site-packages\starlette\concurrency.py", line 34, in run_in_threadpool
    return await anyio.to_thread.run_sync(func)
           ^^^^^^^^^^^^^^^^^^^^^^^^^^^^^^^^^^^^
  File "C:\Users\фыа\AppData\Local\Programs\Python\Python314\Lib\site-packages\anyio\to_thread.py", line 63, in run_sync
    return await get_async_backend().run_sync_in_worker_thread(
           ^^^^^^^^^^^^^^^^^^^^^^^^^^^^^^^^^^^^^^^^^^^^^^^^^^^^
        func, args, abandon_on_cancel=abandon_on_cancel, limiter=limiter
        ^^^^^^^^^^^^^^^^^^^^^^^^^^^^^^^^^^^^^^^^^^^^^^^^^^^^^^^^^^^^^^^^
    )
    ^
  File "C:\Users\фыа\AppData\Local\Programs\Python\Python314\Lib\site-packages\anyio\_backends\_asyncio.py", line 2596, in run_sync_in_worker_thread
    return await future
           ^^^^^^^^^^^^
  File "C:\Users\фыа\AppData\Local\Programs\Python\Python314\Lib\site-packages\anyio\_backends\_asyncio.py", line 1029, in run
    result = context.run(func, *args)
  File "C:\Users\фыа\Documents\Obsidian Vault\Programs\JobMatrix\api\routes\notifications.py", line 24, in list_events
    q = q.filter(Event.read_at.is_(None))
  File "<string>", line 2, in filter
  File "C:\Users\фыа\AppData\Local\Programs\Python\Python314\Lib\site-packages\sqlalchemy\sql\base.py", line 284, in _generative
    x = fn(self, *args, **kw)
  File "<string>", line 2, in filter
  File "C:\Users\фыа\AppData\Local\Programs\Python\Python314\Lib\site-packages\sqlalchemy\orm\base.py", line 303, in generate
    assertion(self, fn.__name__)
    ~~~~~~~~~^^^^^^^^^^^^^^^^^^^
  File "C:\Users\фыа\AppData\Local\Programs\Python\Python314\Lib\site-packages\sqlalchemy\orm\query.py", line 444, in _no_limit_offset
    raise sa_exc.InvalidRequestError(
    ...<3 lines>...
    )
sqlalchemy.exc.InvalidRequestError: Query.filter() being called on a Query which already has LIMIT or OFFSET applied.  Call filter() before limit() or offset() are applied.
INFO:     127.0.0.1:60340 - "GET /api/vacancies HTTP/1.1" 200 OK
INFO:     127.0.0.1:59765 - "GET /api/notifications?unread=1 HTTP/1.1" 500 Internal Server Error
ERROR:    Exception in ASGI application
Traceback (most recent call last):
  File "C:\Users\фыа\AppData\Local\Programs\Python\Python314\Lib\site-packages\uvicorn\protocols\http\httptools_impl.py", line 422, in run_asgi
    result = await app(  # type: ignore[func-returns-value]
             ^^^^^^^^^^^^^^^^^^^^^^^^^^^^^^^^^^^^^^^^^^^^^^
        self.scope, self.receive, self.send
        ^^^^^^^^^^^^^^^^^^^^^^^^^^^^^^^^^^^
    )
    ^
  File "C:\Users\фыа\AppData\Local\Programs\Python\Python314\Lib\site-packages\uvicorn\middleware\proxy_headers.py", line 63, in __call__
    return await self.app(scope, receive, send)
           ^^^^^^^^^^^^^^^^^^^^^^^^^^^^^^^^^^^^
  File "C:\Users\фыа\AppData\Local\Programs\Python\Python314\Lib\site-packages\fastapi\applications.py", line 1163, in __call__
    await super().__call__(scope, receive, send)
  File "C:\Users\фыа\AppData\Local\Programs\Python\Python314\Lib\site-packages\starlette\applications.py", line 96, in __call__
    await self.middleware_stack(scope, receive, send)
  File "C:\Users\фыа\AppData\Local\Programs\Python\Python314\Lib\site-packages\starlette\middleware\errors.py", line 186, in __call__
    raise exc
  File "C:\Users\фыа\AppData\Local\Programs\Python\Python314\Lib\site-packages\starlette\middleware\errors.py", line 164, in __call__
    await self.app(scope, receive, _send)
  File "C:\Users\фыа\AppData\Local\Programs\Python\Python314\Lib\site-packages\starlette\middleware\cors.py", line 88, in __call__
    await self.app(scope, receive, send)
  File "C:\Users\фыа\AppData\Local\Programs\Python\Python314\Lib\site-packages\starlette\middleware\exceptions.py", line 63, in __call__
    await wrap_app_handling_exceptions(self.app, conn)(scope, receive, send)
  File "C:\Users\фыа\AppData\Local\Programs\Python\Python314\Lib\site-packages\starlette\_exception_handler.py", line 53, in wrapped_app
    raise exc
  File "C:\Users\фыа\AppData\Local\Programs\Python\Python314\Lib\site-packages\starlette\_exception_handler.py", line 42, in wrapped_app
    await app(scope, receive, sender)
  File "C:\Users\фыа\AppData\Local\Programs\Python\Python314\Lib\site-packages\fastapi\middleware\asyncexitstack.py", line 18, in __call__
    await self.app(scope, receive, send)
  File "C:\Users\фыа\AppData\Local\Programs\Python\Python314\Lib\site-packages\starlette\routing.py", line 670, in __call__
    await self.middleware_stack(scope, receive, send)
  File "C:\Users\фыа\AppData\Local\Programs\Python\Python314\Lib\site-packages\fastapi\routing.py", line 2734, in app
    await route.handle(scope, receive, send)
  File "C:\Users\фыа\AppData\Local\Programs\Python\Python314\Lib\site-packages\fastapi\routing.py", line 1780, in handle
    await self.original_router.handle(scope, receive, send)
  File "C:\Users\фыа\AppData\Local\Programs\Python\Python314\Lib\site-packages\fastapi\routing.py", line 2789, in handle
    await included_router._handle_selected(scope, receive, send)
  File "C:\Users\фыа\AppData\Local\Programs\Python\Python314\Lib\site-packages\fastapi\routing.py", line 1800, in _handle_selected
    await original_route.handle(scope, receive, send)
  File "C:\Users\фыа\AppData\Local\Programs\Python\Python314\Lib\site-packages\fastapi\routing.py", line 1279, in handle
    await app(scope, receive, send)
  File "C:\Users\фыа\AppData\Local\Programs\Python\Python314\Lib\site-packages\fastapi\routing.py", line 158, in app
    await wrap_app_handling_exceptions(app, request)(scope, receive, send)
  File "C:\Users\фыа\AppData\Local\Programs\Python\Python314\Lib\site-packages\starlette\_exception_handler.py", line 53, in wrapped_app
    raise exc
  File "C:\Users\фыа\AppData\Local\Programs\Python\Python314\Lib\site-packages\starlette\_exception_handler.py", line 42, in wrapped_app
    await app(scope, receive, sender)
  File "C:\Users\фыа\AppData\Local\Programs\Python\Python314\Lib\site-packages\fastapi\routing.py", line 144, in app
    response = await f(request)
               ^^^^^^^^^^^^^^^^
  File "C:\Users\фыа\AppData\Local\Programs\Python\Python314\Lib\site-packages\fastapi\routing.py", line 706, in app
    raw_response = await run_endpoint_function(
                   ^^^^^^^^^^^^^^^^^^^^^^^^^^^^
    ...<3 lines>...
    )
    ^
  File "C:\Users\фыа\AppData\Local\Programs\Python\Python314\Lib\site-packages\fastapi\routing.py", line 354, in run_endpoint_function
    return await run_in_threadpool(dependant.call, **values)
           ^^^^^^^^^^^^^^^^^^^^^^^^^^^^^^^^^^^^^^^^^^^^^^^^^
  File "C:\Users\фыа\AppData\Local\Programs\Python\Python314\Lib\site-packages\starlette\concurrency.py", line 34, in run_in_threadpool
    return await anyio.to_thread.run_sync(func)
           ^^^^^^^^^^^^^^^^^^^^^^^^^^^^^^^^^^^^
  File "C:\Users\фыа\AppData\Local\Programs\Python\Python314\Lib\site-packages\anyio\to_thread.py", line 63, in run_sync
    return await get_async_backend().run_sync_in_worker_thread(
           ^^^^^^^^^^^^^^^^^^^^^^^^^^^^^^^^^^^^^^^^^^^^^^^^^^^^
        func, args, abandon_on_cancel=abandon_on_cancel, limiter=limiter
        ^^^^^^^^^^^^^^^^^^^^^^^^^^^^^^^^^^^^^^^^^^^^^^^^^^^^^^^^^^^^^^^^
    )
    ^
  File "C:\Users\фыа\AppData\Local\Programs\Python\Python314\Lib\site-packages\anyio\_backends\_asyncio.py", line 2596, in run_sync_in_worker_thread
    return await future
           ^^^^^^^^^^^^
  File "C:\Users\фыа\AppData\Local\Programs\Python\Python314\Lib\site-packages\anyio\_backends\_asyncio.py", line 1029, in run
    result = context.run(func, *args)
  File "C:\Users\фыа\Documents\Obsidian Vault\Programs\JobMatrix\api\routes\notifications.py", line 24, in list_events
    q = q.filter(Event.read_at.is_(None))
  File "<string>", line 2, in filter
  File "C:\Users\фыа\AppData\Local\Programs\Python\Python314\Lib\site-packages\sqlalchemy\sql\base.py", line 284, in _generative
    x = fn(self, *args, **kw)
  File "<string>", line 2, in filter
  File "C:\Users\фыа\AppData\Local\Programs\Python\Python314\Lib\site-packages\sqlalchemy\orm\base.py", line 303, in generate
    assertion(self, fn.__name__)
    ~~~~~~~~~^^^^^^^^^^^^^^^^^^^
  File "C:\Users\фыа\AppData\Local\Programs\Python\Python314\Lib\site-packages\sqlalchemy\orm\query.py", line 444, in _no_limit_offset
    raise sa_exc.InvalidRequestError(
    ...<3 lines>...
    )
sqlalchemy.exc.InvalidRequestError: Query.filter() being called on a Query which already has LIMIT or OFFSET applied.  Call filter() before limit() or offset() are applied.
INFO:     127.0.0.1:55538 - "GET /api/vacancies HTTP/1.1" 200 OK
INFO:     127.0.0.1:51673 - "GET /api/vacancies HTTP/1.1" 200 OK
INFO:     127.0.0.1:59744 - "GET /api/notifications?unread=1 HTTP/1.1" 500 Internal Server Error
ERROR:    Exception in ASGI application
Traceback (most recent call last):
  File "C:\Users\фыа\AppData\Local\Programs\Python\Python314\Lib\site-packages\uvicorn\protocols\http\httptools_impl.py", line 422, in run_asgi
    result = await app(  # type: ignore[func-returns-value]
             ^^^^^^^^^^^^^^^^^^^^^^^^^^^^^^^^^^^^^^^^^^^^^^
        self.scope, self.receive, self.send
        ^^^^^^^^^^^^^^^^^^^^^^^^^^^^^^^^^^^
    )
    ^
  File "C:\Users\фыа\AppData\Local\Programs\Python\Python314\Lib\site-packages\uvicorn\middleware\proxy_headers.py", line 63, in __call__
    return await self.app(scope, receive, send)
           ^^^^^^^^^^^^^^^^^^^^^^^^^^^^^^^^^^^^
  File "C:\Users\фыа\AppData\Local\Programs\Python\Python314\Lib\site-packages\fastapi\applications.py", line 1163, in __call__
    await super().__call__(scope, receive, send)
  File "C:\Users\фыа\AppData\Local\Programs\Python\Python314\Lib\site-packages\starlette\applications.py", line 96, in __call__
    await self.middleware_stack(scope, receive, send)
  File "C:\Users\фыа\AppData\Local\Programs\Python\Python314\Lib\site-packages\starlette\middleware\errors.py", line 186, in __call__
    raise exc
  File "C:\Users\фыа\AppData\Local\Programs\Python\Python314\Lib\site-packages\starlette\middleware\errors.py", line 164, in __call__
    await self.app(scope, receive, _send)
  File "C:\Users\фыа\AppData\Local\Programs\Python\Python314\Lib\site-packages\starlette\middleware\cors.py", line 88, in __call__
    await self.app(scope, receive, send)
  File "C:\Users\фыа\AppData\Local\Programs\Python\Python314\Lib\site-packages\starlette\middleware\exceptions.py", line 63, in __call__
    await wrap_app_handling_exceptions(self.app, conn)(scope, receive, send)
  File "C:\Users\фыа\AppData\Local\Programs\Python\Python314\Lib\site-packages\starlette\_exception_handler.py", line 53, in wrapped_app
    raise exc
  File "C:\Users\фыа\AppData\Local\Programs\Python\Python314\Lib\site-packages\starlette\_exception_handler.py", line 42, in wrapped_app
    await app(scope, receive, sender)
  File "C:\Users\фыа\AppData\Local\Programs\Python\Python314\Lib\site-packages\fastapi\middleware\asyncexitstack.py", line 18, in __call__
    await self.app(scope, receive, send)
  File "C:\Users\фыа\AppData\Local\Programs\Python\Python314\Lib\site-packages\starlette\routing.py", line 670, in __call__
    await self.middleware_stack(scope, receive, send)
  File "C:\Users\фыа\AppData\Local\Programs\Python\Python314\Lib\site-packages\fastapi\routing.py", line 2734, in app
    await route.handle(scope, receive, send)
  File "C:\Users\фыа\AppData\Local\Programs\Python\Python314\Lib\site-packages\fastapi\routing.py", line 1780, in handle
    await self.original_router.handle(scope, receive, send)
  File "C:\Users\фыа\AppData\Local\Programs\Python\Python314\Lib\site-packages\fastapi\routing.py", line 2789, in handle
    await included_router._handle_selected(scope, receive, send)
  File "C:\Users\фыа\AppData\Local\Programs\Python\Python314\Lib\site-packages\fastapi\routing.py", line 1800, in _handle_selected
    await original_route.handle(scope, receive, send)
  File "C:\Users\фыа\AppData\Local\Programs\Python\Python314\Lib\site-packages\fastapi\routing.py", line 1279, in handle
    await app(scope, receive, send)
  File "C:\Users\фыа\AppData\Local\Programs\Python\Python314\Lib\site-packages\fastapi\routing.py", line 158, in app
    await wrap_app_handling_exceptions(app, request)(scope, receive, send)
  File "C:\Users\фыа\AppData\Local\Programs\Python\Python314\Lib\site-packages\starlette\_exception_handler.py", line 53, in wrapped_app
    raise exc
  File "C:\Users\фыа\AppData\Local\Programs\Python\Python314\Lib\site-packages\starlette\_exception_handler.py", line 42, in wrapped_app
    await app(scope, receive, sender)
  File "C:\Users\фыа\AppData\Local\Programs\Python\Python314\Lib\site-packages\fastapi\routing.py", line 144, in app
    response = await f(request)
               ^^^^^^^^^^^^^^^^
  File "C:\Users\фыа\AppData\Local\Programs\Python\Python314\Lib\site-packages\fastapi\routing.py", line 706, in app
    raw_response = await run_endpoint_function(
                   ^^^^^^^^^^^^^^^^^^^^^^^^^^^^
    ...<3 lines>...
    )
    ^
  File "C:\Users\фыа\AppData\Local\Programs\Python\Python314\Lib\site-packages\fastapi\routing.py", line 354, in run_endpoint_function
    return await run_in_threadpool(dependant.call, **values)
           ^^^^^^^^^^^^^^^^^^^^^^^^^^^^^^^^^^^^^^^^^^^^^^^^^
  File "C:\Users\фыа\AppData\Local\Programs\Python\Python314\Lib\site-packages\starlette\concurrency.py", line 34, in run_in_threadpool
    return await anyio.to_thread.run_sync(func)
           ^^^^^^^^^^^^^^^^^^^^^^^^^^^^^^^^^^^^
  File "C:\Users\фыа\AppData\Local\Programs\Python\Python314\Lib\site-packages\anyio\to_thread.py", line 63, in run_sync
    return await get_async_backend().run_sync_in_worker_thread(
           ^^^^^^^^^^^^^^^^^^^^^^^^^^^^^^^^^^^^^^^^^^^^^^^^^^^^
        func, args, abandon_on_cancel=abandon_on_cancel, limiter=limiter
        ^^^^^^^^^^^^^^^^^^^^^^^^^^^^^^^^^^^^^^^^^^^^^^^^^^^^^^^^^^^^^^^^
    )
    ^
  File "C:\Users\фыа\AppData\Local\Programs\Python\Python314\Lib\site-packages\anyio\_backends\_asyncio.py", line 2596, in run_sync_in_worker_thread
    return await future
           ^^^^^^^^^^^^
  File "C:\Users\фыа\AppData\Local\Programs\Python\Python314\Lib\site-packages\anyio\_backends\_asyncio.py", line 1029, in run
    result = context.run(func, *args)
  File "C:\Users\фыа\Documents\Obsidian Vault\Programs\JobMatrix\api\routes\notifications.py", line 24, in list_events
    q = q.filter(Event.read_at.is_(None))
  File "<string>", line 2, in filter
  File "C:\Users\фыа\AppData\Local\Programs\Python\Python314\Lib\site-packages\sqlalchemy\sql\base.py", line 284, in _generative
    x = fn(self, *args, **kw)
  File "<string>", line 2, in filter
  File "C:\Users\фыа\AppData\Local\Programs\Python\Python314\Lib\site-packages\sqlalchemy\orm\base.py", line 303, in generate
    assertion(self, fn.__name__)
    ~~~~~~~~~^^^^^^^^^^^^^^^^^^^
  File "C:\Users\фыа\AppData\Local\Programs\Python\Python314\Lib\site-packages\sqlalchemy\orm\query.py", line 444, in _no_limit_offset
    raise sa_exc.InvalidRequestError(
    ...<3 lines>...
    )
sqlalchemy.exc.InvalidRequestError: Query.filter() being called on a Query which already has LIMIT or OFFSET applied.  Call filter() before limit() or offset() are applied.
INFO:     127.0.0.1:51081 - "WebSocket /ws/events" [accepted]
INFO:     connection open
INFO:     127.0.0.1:65005 - "WebSocket /ws/events" [accepted]
INFO:     connection open
INFO:     127.0.0.1:50970 - "WebSocket /ws/events" [accepted]
INFO:     connection open
2026-08-19 08:14:40,582 INFO jobmatrix: Сбор: проверено 11, новых событий 3
INFO:     127.0.0.1:63059 - "GET /api/notifications?unread=1 HTTP/1.1" 500 Internal Server Error
ERROR:    Exception in ASGI application
Traceback (most recent call last):
  File "C:\Users\фыа\AppData\Local\Programs\Python\Python314\Lib\site-packages\uvicorn\protocols\http\httptools_impl.py", line 422, in run_asgi
    result = await app(  # type: ignore[func-returns-value]
             ^^^^^^^^^^^^^^^^^^^^^^^^^^^^^^^^^^^^^^^^^^^^^^
        self.scope, self.receive, self.send
        ^^^^^^^^^^^^^^^^^^^^^^^^^^^^^^^^^^^
    )
    ^
  File "C:\Users\фыа\AppData\Local\Programs\Python\Python314\Lib\site-packages\uvicorn\middleware\proxy_headers.py", line 63, in __call__
    return await self.app(scope, receive, send)
           ^^^^^^^^^^^^^^^^^^^^^^^^^^^^^^^^^^^^
  File "C:\Users\фыа\AppData\Local\Programs\Python\Python314\Lib\site-packages\fastapi\applications.py", line 1163, in __call__
    await super().__call__(scope, receive, send)
  File "C:\Users\фыа\AppData\Local\Programs\Python\Python314\Lib\site-packages\starlette\applications.py", line 96, in __call__
    await self.middleware_stack(scope, receive, send)
  File "C:\Users\фыа\AppData\Local\Programs\Python\Python314\Lib\site-packages\starlette\middleware\errors.py", line 186, in __call__
    raise exc
  File "C:\Users\фыа\AppData\Local\Programs\Python\Python314\Lib\site-packages\starlette\middleware\errors.py", line 164, in __call__
    await self.app(scope, receive, _send)
  File "C:\Users\фыа\AppData\Local\Programs\Python\Python314\Lib\site-packages\starlette\middleware\cors.py", line 88, in __call__
    await self.app(scope, receive, send)
  File "C:\Users\фыа\AppData\Local\Programs\Python\Python314\Lib\site-packages\starlette\middleware\exceptions.py", line 63, in __call__
    await wrap_app_handling_exceptions(self.app, conn)(scope, receive, send)
  File "C:\Users\фыа\AppData\Local\Programs\Python\Python314\Lib\site-packages\starlette\_exception_handler.py", line 53, in wrapped_app
    raise exc
  File "C:\Users\фыа\AppData\Local\Programs\Python\Python314\Lib\site-packages\starlette\_exception_handler.py", line 42, in wrapped_app
    await app(scope, receive, sender)
  File "C:\Users\фыа\AppData\Local\Programs\Python\Python314\Lib\site-packages\fastapi\middleware\asyncexitstack.py", line 18, in __call__
    await self.app(scope, receive, send)
  File "C:\Users\фыа\AppData\Local\Programs\Python\Python314\Lib\site-packages\starlette\routing.py", line 670, in __call__
    await self.middleware_stack(scope, receive, send)
  File "C:\Users\фыа\AppData\Local\Programs\Python\Python314\Lib\site-packages\fastapi\routing.py", line 2734, in app
    await route.handle(scope, receive, send)
  File "C:\Users\фыа\AppData\Local\Programs\Python\Python314\Lib\site-packages\fastapi\routing.py", line 1780, in handle
    await self.original_router.handle(scope, receive, send)
  File "C:\Users\фыа\AppData\Local\Programs\Python\Python314\Lib\site-packages\fastapi\routing.py", line 2789, in handle
    await included_router._handle_selected(scope, receive, send)
  File "C:\Users\фыа\AppData\Local\Programs\Python\Python314\Lib\site-packages\fastapi\routing.py", line 1800, in _handle_selected
    await original_route.handle(scope, receive, send)
  File "C:\Users\фыа\AppData\Local\Programs\Python\Python314\Lib\site-packages\fastapi\routing.py", line 1279, in handle
    await app(scope, receive, send)
  File "C:\Users\фыа\AppData\Local\Programs\Python\Python314\Lib\site-packages\fastapi\routing.py", line 158, in app
    await wrap_app_handling_exceptions(app, request)(scope, receive, send)
  File "C:\Users\фыа\AppData\Local\Programs\Python\Python314\Lib\site-packages\starlette\_exception_handler.py", line 53, in wrapped_app
    raise exc
  File "C:\Users\фыа\AppData\Local\Programs\Python\Python314\Lib\site-packages\starlette\_exception_handler.py", line 42, in wrapped_app
    await app(scope, receive, sender)
  File "C:\Users\фыа\AppData\Local\Programs\Python\Python314\Lib\site-packages\fastapi\routing.py", line 144, in app
    response = await f(request)
               ^^^^^^^^^^^^^^^^
  File "C:\Users\фыа\AppData\Local\Programs\Python\Python314\Lib\site-packages\fastapi\routing.py", line 706, in app
    raw_response = await run_endpoint_function(
                   ^^^^^^^^^^^^^^^^^^^^^^^^^^^^
    ...<3 lines>...
    )
    ^
  File "C:\Users\фыа\AppData\Local\Programs\Python\Python314\Lib\site-packages\fastapi\routing.py", line 354, in run_endpoint_function
    return await run_in_threadpool(dependant.call, **values)
           ^^^^^^^^^^^^^^^^^^^^^^^^^^^^^^^^^^^^^^^^^^^^^^^^^
  File "C:\Users\фыа\AppData\Local\Programs\Python\Python314\Lib\site-packages\starlette\concurrency.py", line 34, in run_in_threadpool
    return await anyio.to_thread.run_sync(func)
           ^^^^^^^^^^^^^^^^^^^^^^^^^^^^^^^^^^^^
  File "C:\Users\фыа\AppData\Local\Programs\Python\Python314\Lib\site-packages\anyio\to_thread.py", line 63, in run_sync
    return await get_async_backend().run_sync_in_worker_thread(
           ^^^^^^^^^^^^^^^^^^^^^^^^^^^^^^^^^^^^^^^^^^^^^^^^^^^^
        func, args, abandon_on_cancel=abandon_on_cancel, limiter=limiter
        ^^^^^^^^^^^^^^^^^^^^^^^^^^^^^^^^^^^^^^^^^^^^^^^^^^^^^^^^^^^^^^^^
    )
    ^
  File "C:\Users\фыа\AppData\Local\Programs\Python\Python314\Lib\site-packages\anyio\_backends\_asyncio.py", line 2596, in run_sync_in_worker_thread
    return await future
           ^^^^^^^^^^^^
  File "C:\Users\фыа\AppData\Local\Programs\Python\Python314\Lib\site-packages\anyio\_backends\_asyncio.py", line 1029, in run
    result = context.run(func, *args)
  File "C:\Users\фыа\Documents\Obsidian Vault\Programs\JobMatrix\api\routes\notifications.py", line 24, in list_events
    q = q.filter(Event.read_at.is_(None))
  File "<string>", line 2, in filter
  File "C:\Users\фыа\AppData\Local\Programs\Python\Python314\Lib\site-packages\sqlalchemy\sql\base.py", line 284, in _generative
    x = fn(self, *args, **kw)
  File "<string>", line 2, in filter
  File "C:\Users\фыа\AppData\Local\Programs\Python\Python314\Lib\site-packages\sqlalchemy\orm\base.py", line 303, in generate
    assertion(self, fn.__name__)
    ~~~~~~~~~^^^^^^^^^^^^^^^^^^^
  File "C:\Users\фыа\AppData\Local\Programs\Python\Python314\Lib\site-packages\sqlalchemy\orm\query.py", line 444, in _no_limit_offset
    raise sa_exc.InvalidRequestError(
    ...<3 lines>...
    )
sqlalchemy.exc.InvalidRequestError: Query.filter() being called on a Query which already has LIMIT or OFFSET applied.  Call filter() before limit() or offset() are applied.
INFO:     127.0.0.1:65317 - "GET /api/vacancies HTTP/1.1" 200 OK
INFO:     127.0.0.1:50085 - "GET /api/notifications?unread=1 HTTP/1.1" 500 Internal Server Error
ERROR:    Exception in ASGI application
Traceback (most recent call last):
  File "C:\Users\фыа\AppData\Local\Programs\Python\Python314\Lib\site-packages\uvicorn\protocols\http\httptools_impl.py", line 422, in run_asgi
    result = await app(  # type: ignore[func-returns-value]
             ^^^^^^^^^^^^^^^^^^^^^^^^^^^^^^^^^^^^^^^^^^^^^^
        self.scope, self.receive, self.send
        ^^^^^^^^^^^^^^^^^^^^^^^^^^^^^^^^^^^
    )
    ^
  File "C:\Users\фыа\AppData\Local\Programs\Python\Python314\Lib\site-packages\uvicorn\middleware\proxy_headers.py", line 63, in __call__
    return await self.app(scope, receive, send)
           ^^^^^^^^^^^^^^^^^^^^^^^^^^^^^^^^^^^^
  File "C:\Users\фыа\AppData\Local\Programs\Python\Python314\Lib\site-packages\fastapi\applications.py", line 1163, in __call__
    await super().__call__(scope, receive, send)
  File "C:\Users\фыа\AppData\Local\Programs\Python\Python314\Lib\site-packages\starlette\applications.py", line 96, in __call__
    await self.middleware_stack(scope, receive, send)
  File "C:\Users\фыа\AppData\Local\Programs\Python\Python314\Lib\site-packages\starlette\middleware\errors.py", line 186, in __call__
    raise exc
  File "C:\Users\фыа\AppData\Local\Programs\Python\Python314\Lib\site-packages\starlette\middleware\errors.py", line 164, in __call__
    await self.app(scope, receive, _send)
  File "C:\Users\фыа\AppData\Local\Programs\Python\Python314\Lib\site-packages\starlette\middleware\cors.py", line 88, in __call__
    await self.app(scope, receive, send)
  File "C:\Users\фыа\AppData\Local\Programs\Python\Python314\Lib\site-packages\starlette\middleware\exceptions.py", line 63, in __call__
    await wrap_app_handling_exceptions(self.app, conn)(scope, receive, send)
  File "C:\Users\фыа\AppData\Local\Programs\Python\Python314\Lib\site-packages\starlette\_exception_handler.py", line 53, in wrapped_app
    raise exc
  File "C:\Users\фыа\AppData\Local\Programs\Python\Python314\Lib\site-packages\starlette\_exception_handler.py", line 42, in wrapped_app
    await app(scope, receive, sender)
  File "C:\Users\фыа\AppData\Local\Programs\Python\Python314\Lib\site-packages\fastapi\middleware\asyncexitstack.py", line 18, in __call__
    await self.app(scope, receive, send)
  File "C:\Users\фыа\AppData\Local\Programs\Python\Python314\Lib\site-packages\starlette\routing.py", line 670, in __call__
    await self.middleware_stack(scope, receive, send)
  File "C:\Users\фыа\AppData\Local\Programs\Python\Python314\Lib\site-packages\fastapi\routing.py", line 2734, in app
    await route.handle(scope, receive, send)
  File "C:\Users\фыа\AppData\Local\Programs\Python\Python314\Lib\site-packages\fastapi\routing.py", line 1780, in handle
    await self.original_router.handle(scope, receive, send)
  File "C:\Users\фыа\AppData\Local\Programs\Python\Python314\Lib\site-packages\fastapi\routing.py", line 2789, in handle
    await included_router._handle_selected(scope, receive, send)
  File "C:\Users\фыа\AppData\Local\Programs\Python\Python314\Lib\site-packages\fastapi\routing.py", line 1800, in _handle_selected
    await original_route.handle(scope, receive, send)
  File "C:\Users\фыа\AppData\Local\Programs\Python\Python314\Lib\site-packages\fastapi\routing.py", line 1279, in handle
    await app(scope, receive, send)
  File "C:\Users\фыа\AppData\Local\Programs\Python\Python314\Lib\site-packages\fastapi\routing.py", line 158, in app
    await wrap_app_handling_exceptions(app, request)(scope, receive, send)
  File "C:\Users\фыа\AppData\Local\Programs\Python\Python314\Lib\site-packages\starlette\_exception_handler.py", line 53, in wrapped_app
    raise exc
  File "C:\Users\фыа\AppData\Local\Programs\Python\Python314\Lib\site-packages\starlette\_exception_handler.py", line 42, in wrapped_app
    await app(scope, receive, sender)
  File "C:\Users\фыа\AppData\Local\Programs\Python\Python314\Lib\site-packages\fastapi\routing.py", line 144, in app
    response = await f(request)
               ^^^^^^^^^^^^^^^^
  File "C:\Users\фыа\AppData\Local\Programs\Python\Python314\Lib\site-packages\fastapi\routing.py", line 706, in app
    raw_response = await run_endpoint_function(
                   ^^^^^^^^^^^^^^^^^^^^^^^^^^^^
    ...<3 lines>...
    )
    ^
  File "C:\Users\фыа\AppData\Local\Programs\Python\Python314\Lib\site-packages\fastapi\routing.py", line 354, in run_endpoint_function
    return await run_in_threadpool(dependant.call, **values)
           ^^^^^^^^^^^^^^^^^^^^^^^^^^^^^^^^^^^^^^^^^^^^^^^^^
  File "C:\Users\фыа\AppData\Local\Programs\Python\Python314\Lib\site-packages\starlette\concurrency.py", line 34, in run_in_threadpool
    return await anyio.to_thread.run_sync(func)
           ^^^^^^^^^^^^^^^^^^^^^^^^^^^^^^^^^^^^
  File "C:\Users\фыа\AppData\Local\Programs\Python\Python314\Lib\site-packages\anyio\to_thread.py", line 63, in run_sync
    return await get_async_backend().run_sync_in_worker_thread(
           ^^^^^^^^^^^^^^^^^^^^^^^^^^^^^^^^^^^^^^^^^^^^^^^^^^^^
        func, args, abandon_on_cancel=abandon_on_cancel, limiter=limiter
        ^^^^^^^^^^^^^^^^^^^^^^^^^^^^^^^^^^^^^^^^^^^^^^^^^^^^^^^^^^^^^^^^
    )
    ^
  File "C:\Users\фыа\AppData\Local\Programs\Python\Python314\Lib\site-packages\anyio\_backends\_asyncio.py", line 2596, in run_sync_in_worker_thread
    return await future
           ^^^^^^^^^^^^
  File "C:\Users\фыа\AppData\Local\Programs\Python\Python314\Lib\site-packages\anyio\_backends\_asyncio.py", line 1029, in run
    result = context.run(func, *args)
  File "C:\Users\фыа\Documents\Obsidian Vault\Programs\JobMatrix\api\routes\notifications.py", line 24, in list_events
    q = q.filter(Event.read_at.is_(None))
  File "<string>", line 2, in filter
  File "C:\Users\фыа\AppData\Local\Programs\Python\Python314\Lib\site-packages\sqlalchemy\sql\base.py", line 284, in _generative
    x = fn(self, *args, **kw)
  File "<string>", line 2, in filter
  File "C:\Users\фыа\AppData\Local\Programs\Python\Python314\Lib\site-packages\sqlalchemy\orm\base.py", line 303, in generate
    assertion(self, fn.__name__)
    ~~~~~~~~~^^^^^^^^^^^^^^^^^^^
  File "C:\Users\фыа\AppData\Local\Programs\Python\Python314\Lib\site-packages\sqlalchemy\orm\query.py", line 444, in _no_limit_offset
    raise sa_exc.InvalidRequestError(
    ...<3 lines>...
    )
sqlalchemy.exc.InvalidRequestError: Query.filter() being called on a Query which already has LIMIT or OFFSET applied.  Call filter() before limit() or offset() are applied.
INFO:     127.0.0.1:64381 - "GET /api/vacancies HTTP/1.1" 200 OK
INFO:     127.0.0.1:65317 - "GET /api/notifications?unread=1 HTTP/1.1" 500 Internal Server Error
ERROR:    Exception in ASGI application
Traceback (most recent call last):
  File "C:\Users\фыа\AppData\Local\Programs\Python\Python314\Lib\site-packages\uvicorn\protocols\http\httptools_impl.py", line 422, in run_asgi
    result = await app(  # type: ignore[func-returns-value]
             ^^^^^^^^^^^^^^^^^^^^^^^^^^^^^^^^^^^^^^^^^^^^^^
        self.scope, self.receive, self.send
        ^^^^^^^^^^^^^^^^^^^^^^^^^^^^^^^^^^^
    )
    ^
  File "C:\Users\фыа\AppData\Local\Programs\Python\Python314\Lib\site-packages\uvicorn\middleware\proxy_headers.py", line 63, in __call__
    return await self.app(scope, receive, send)
           ^^^^^^^^^^^^^^^^^^^^^^^^^^^^^^^^^^^^
  File "C:\Users\фыа\AppData\Local\Programs\Python\Python314\Lib\site-packages\fastapi\applications.py", line 1163, in __call__
    await super().__call__(scope, receive, send)
  File "C:\Users\фыа\AppData\Local\Programs\Python\Python314\Lib\site-packages\starlette\applications.py", line 96, in __call__
    await self.middleware_stack(scope, receive, send)
  File "C:\Users\фыа\AppData\Local\Programs\Python\Python314\Lib\site-packages\starlette\middleware\errors.py", line 186, in __call__
    raise exc
  File "C:\Users\фыа\AppData\Local\Programs\Python\Python314\Lib\site-packages\starlette\middleware\errors.py", line 164, in __call__
    await self.app(scope, receive, _send)
  File "C:\Users\фыа\AppData\Local\Programs\Python\Python314\Lib\site-packages\starlette\middleware\cors.py", line 88, in __call__
    await self.app(scope, receive, send)
  File "C:\Users\фыа\AppData\Local\Programs\Python\Python314\Lib\site-packages\starlette\middleware\exceptions.py", line 63, in __call__
    await wrap_app_handling_exceptions(self.app, conn)(scope, receive, send)
  File "C:\Users\фыа\AppData\Local\Programs\Python\Python314\Lib\site-packages\starlette\_exception_handler.py", line 53, in wrapped_app
    raise exc
  File "C:\Users\фыа\AppData\Local\Programs\Python\Python314\Lib\site-packages\starlette\_exception_handler.py", line 42, in wrapped_app
    await app(scope, receive, sender)
  File "C:\Users\фыа\AppData\Local\Programs\Python\Python314\Lib\site-packages\fastapi\middleware\asyncexitstack.py", line 18, in __call__
    await self.app(scope, receive, send)
  File "C:\Users\фыа\AppData\Local\Programs\Python\Python314\Lib\site-packages\starlette\routing.py", line 670, in __call__
    await self.middleware_stack(scope, receive, send)
  File "C:\Users\фыа\AppData\Local\Programs\Python\Python314\Lib\site-packages\fastapi\routing.py", line 2734, in app
    await route.handle(scope, receive, send)
  File "C:\Users\фыа\AppData\Local\Programs\Python\Python314\Lib\site-packages\fastapi\routing.py", line 1780, in handle
    await self.original_router.handle(scope, receive, send)
  File "C:\Users\фыа\AppData\Local\Programs\Python\Python314\Lib\site-packages\fastapi\routing.py", line 2789, in handle
    await included_router._handle_selected(scope, receive, send)
  File "C:\Users\фыа\AppData\Local\Programs\Python\Python314\Lib\site-packages\fastapi\routing.py", line 1800, in _handle_selected
    await original_route.handle(scope, receive, send)
  File "C:\Users\фыа\AppData\Local\Programs\Python\Python314\Lib\site-packages\fastapi\routing.py", line 1279, in handle
    await app(scope, receive, send)
  File "C:\Users\фыа\AppData\Local\Programs\Python\Python314\Lib\site-packages\fastapi\routing.py", line 158, in app
    await wrap_app_handling_exceptions(app, request)(scope, receive, send)
  File "C:\Users\фыа\AppData\Local\Programs\Python\Python314\Lib\site-packages\starlette\_exception_handler.py", line 53, in wrapped_app
    raise exc
  File "C:\Users\фыа\AppData\Local\Programs\Python\Python314\Lib\site-packages\starlette\_exception_handler.py", line 42, in wrapped_app
    await app(scope, receive, sender)
  File "C:\Users\фыа\AppData\Local\Programs\Python\Python314\Lib\site-packages\fastapi\routing.py", line 144, in app
    response = await f(request)
               ^^^^^^^^^^^^^^^^
  File "C:\Users\фыа\AppData\Local\Programs\Python\Python314\Lib\site-packages\fastapi\routing.py", line 706, in app
    raw_response = await run_endpoint_function(
                   ^^^^^^^^^^^^^^^^^^^^^^^^^^^^
    ...<3 lines>...
    )
    ^
  File "C:\Users\фыа\AppData\Local\Programs\Python\Python314\Lib\site-packages\fastapi\routing.py", line 354, in run_endpoint_function
    return await run_in_threadpool(dependant.call, **values)
           ^^^^^^^^^^^^^^^^^^^^^^^^^^^^^^^^^^^^^^^^^^^^^^^^^
  File "C:\Users\фыа\AppData\Local\Programs\Python\Python314\Lib\site-packages\starlette\concurrency.py", line 34, in run_in_threadpool
    return await anyio.to_thread.run_sync(func)
           ^^^^^^^^^^^^^^^^^^^^^^^^^^^^^^^^^^^^
  File "C:\Users\фыа\AppData\Local\Programs\Python\Python314\Lib\site-packages\anyio\to_thread.py", line 63, in run_sync
    return await get_async_backend().run_sync_in_worker_thread(
           ^^^^^^^^^^^^^^^^^^^^^^^^^^^^^^^^^^^^^^^^^^^^^^^^^^^^
        func, args, abandon_on_cancel=abandon_on_cancel, limiter=limiter
        ^^^^^^^^^^^^^^^^^^^^^^^^^^^^^^^^^^^^^^^^^^^^^^^^^^^^^^^^^^^^^^^^
    )
    ^
  File "C:\Users\фыа\AppData\Local\Programs\Python\Python314\Lib\site-packages\anyio\_backends\_asyncio.py", line 2596, in run_sync_in_worker_thread
    return await future
           ^^^^^^^^^^^^
  File "C:\Users\фыа\AppData\Local\Programs\Python\Python314\Lib\site-packages\anyio\_backends\_asyncio.py", line 1029, in run
    result = context.run(func, *args)
  File "C:\Users\фыа\Documents\Obsidian Vault\Programs\JobMatrix\api\routes\notifications.py", line 24, in list_events
    q = q.filter(Event.read_at.is_(None))
  File "<string>", line 2, in filter
  File "C:\Users\фыа\AppData\Local\Programs\Python\Python314\Lib\site-packages\sqlalchemy\sql\base.py", line 284, in _generative
    x = fn(self, *args, **kw)
  File "<string>", line 2, in filter
  File "C:\Users\фыа\AppData\Local\Programs\Python\Python314\Lib\site-packages\sqlalchemy\orm\base.py", line 303, in generate
    assertion(self, fn.__name__)
    ~~~~~~~~~^^^^^^^^^^^^^^^^^^^
  File "C:\Users\фыа\AppData\Local\Programs\Python\Python314\Lib\site-packages\sqlalchemy\orm\query.py", line 444, in _no_limit_offset
    raise sa_exc.InvalidRequestError(
    ...<3 lines>...
    )
sqlalchemy.exc.InvalidRequestError: Query.filter() being called on a Query which already has LIMIT or OFFSET applied.  Call filter() before limit() or offset() are applied.
INFO:     127.0.0.1:59089 - "GET /api/vacancies HTTP/1.1" 200 OK
INFO:     127.0.0.1:50968 - "WebSocket /ws/events" [accepted]
INFO:     connection open
INFO:     127.0.0.1:59323 - "WebSocket /ws/events" [accepted]
INFO:     connection open
INFO:     127.0.0.1:60481 - "WebSocket /ws/events" [accepted]
INFO:     connection open
INFO:     127.0.0.1:49833 - "GET /api/notifications?unread=1 HTTP/1.1" 500 Internal Server Error
ERROR:    Exception in ASGI application
Traceback (most recent call last):
  File "C:\Users\фыа\AppData\Local\Programs\Python\Python314\Lib\site-packages\uvicorn\protocols\http\httptools_impl.py", line 422, in run_asgi
    result = await app(  # type: ignore[func-returns-value]
             ^^^^^^^^^^^^^^^^^^^^^^^^^^^^^^^^^^^^^^^^^^^^^^
        self.scope, self.receive, self.send
        ^^^^^^^^^^^^^^^^^^^^^^^^^^^^^^^^^^^
    )
    ^
  File "C:\Users\фыа\AppData\Local\Programs\Python\Python314\Lib\site-packages\uvicorn\middleware\proxy_headers.py", line 63, in __call__
    return await self.app(scope, receive, send)
           ^^^^^^^^^^^^^^^^^^^^^^^^^^^^^^^^^^^^
  File "C:\Users\фыа\AppData\Local\Programs\Python\Python314\Lib\site-packages\fastapi\applications.py", line 1163, in __call__
    await super().__call__(scope, receive, send)
  File "C:\Users\фыа\AppData\Local\Programs\Python\Python314\Lib\site-packages\starlette\applications.py", line 96, in __call__
    await self.middleware_stack(scope, receive, send)
  File "C:\Users\фыа\AppData\Local\Programs\Python\Python314\Lib\site-packages\starlette\middleware\errors.py", line 186, in __call__
    raise exc
  File "C:\Users\фыа\AppData\Local\Programs\Python\Python314\Lib\site-packages\starlette\middleware\errors.py", line 164, in __call__
    await self.app(scope, receive, _send)
  File "C:\Users\фыа\AppData\Local\Programs\Python\Python314\Lib\site-packages\starlette\middleware\cors.py", line 88, in __call__
    await self.app(scope, receive, send)
  File "C:\Users\фыа\AppData\Local\Programs\Python\Python314\Lib\site-packages\starlette\middleware\exceptions.py", line 63, in __call__
    await wrap_app_handling_exceptions(self.app, conn)(scope, receive, send)
  File "C:\Users\фыа\AppData\Local\Programs\Python\Python314\Lib\site-packages\starlette\_exception_handler.py", line 53, in wrapped_app
    raise exc
  File "C:\Users\фыа\AppData\Local\Programs\Python\Python314\Lib\site-packages\starlette\_exception_handler.py", line 42, in wrapped_app
    await app(scope, receive, sender)
  File "C:\Users\фыа\AppData\Local\Programs\Python\Python314\Lib\site-packages\fastapi\middleware\asyncexitstack.py", line 18, in __call__
    await self.app(scope, receive, send)
  File "C:\Users\фыа\AppData\Local\Programs\Python\Python314\Lib\site-packages\starlette\routing.py", line 670, in __call__
    await self.middleware_stack(scope, receive, send)
  File "C:\Users\фыа\AppData\Local\Programs\Python\Python314\Lib\site-packages\fastapi\routing.py", line 2734, in app
    await route.handle(scope, receive, send)
  File "C:\Users\фыа\AppData\Local\Programs\Python\Python314\Lib\site-packages\fastapi\routing.py", line 1780, in handle
    await self.original_router.handle(scope, receive, send)
  File "C:\Users\фыа\AppData\Local\Programs\Python\Python314\Lib\site-packages\fastapi\routing.py", line 2789, in handle
    await included_router._handle_selected(scope, receive, send)
  File "C:\Users\фыа\AppData\Local\Programs\Python\Python314\Lib\site-packages\fastapi\routing.py", line 1800, in _handle_selected
    await original_route.handle(scope, receive, send)
  File "C:\Users\фыа\AppData\Local\Programs\Python\Python314\Lib\site-packages\fastapi\routing.py", line 1279, in handle
    await app(scope, receive, send)
  File "C:\Users\фыа\AppData\Local\Programs\Python\Python314\Lib\site-packages\fastapi\routing.py", line 158, in app
    await wrap_app_handling_exceptions(app, request)(scope, receive, send)
  File "C:\Users\фыа\AppData\Local\Programs\Python\Python314\Lib\site-packages\starlette\_exception_handler.py", line 53, in wrapped_app
    raise exc
  File "C:\Users\фыа\AppData\Local\Programs\Python\Python314\Lib\site-packages\starlette\_exception_handler.py", line 42, in wrapped_app
    await app(scope, receive, sender)
  File "C:\Users\фыа\AppData\Local\Programs\Python\Python314\Lib\site-packages\fastapi\routing.py", line 144, in app
    response = await f(request)
               ^^^^^^^^^^^^^^^^
  File "C:\Users\фыа\AppData\Local\Programs\Python\Python314\Lib\site-packages\fastapi\routing.py", line 706, in app
    raw_response = await run_endpoint_function(
                   ^^^^^^^^^^^^^^^^^^^^^^^^^^^^
    ...<3 lines>...
    )
    ^
  File "C:\Users\фыа\AppData\Local\Programs\Python\Python314\Lib\site-packages\fastapi\routing.py", line 354, in run_endpoint_function
    return await run_in_threadpool(dependant.call, **values)
           ^^^^^^^^^^^^^^^^^^^^^^^^^^^^^^^^^^^^^^^^^^^^^^^^^
  File "C:\Users\фыа\AppData\Local\Programs\Python\Python314\Lib\site-packages\starlette\concurrency.py", line 34, in run_in_threadpool
    return await anyio.to_thread.run_sync(func)
           ^^^^^^^^^^^^^^^^^^^^^^^^^^^^^^^^^^^^
  File "C:\Users\фыа\AppData\Local\Programs\Python\Python314\Lib\site-packages\anyio\to_thread.py", line 63, in run_sync
    return await get_async_backend().run_sync_in_worker_thread(
           ^^^^^^^^^^^^^^^^^^^^^^^^^^^^^^^^^^^^^^^^^^^^^^^^^^^^
        func, args, abandon_on_cancel=abandon_on_cancel, limiter=limiter
        ^^^^^^^^^^^^^^^^^^^^^^^^^^^^^^^^^^^^^^^^^^^^^^^^^^^^^^^^^^^^^^^^
    )
    ^
  File "C:\Users\фыа\AppData\Local\Programs\Python\Python314\Lib\site-packages\anyio\_backends\_asyncio.py", line 2596, in run_sync_in_worker_thread
    return await future
           ^^^^^^^^^^^^
  File "C:\Users\фыа\AppData\Local\Programs\Python\Python314\Lib\site-packages\anyio\_backends\_asyncio.py", line 1029, in run
    result = context.run(func, *args)
  File "C:\Users\фыа\Documents\Obsidian Vault\Programs\JobMatrix\api\routes\notifications.py", line 24, in list_events
    q = q.filter(Event.read_at.is_(None))
  File "<string>", line 2, in filter
  File "C:\Users\фыа\AppData\Local\Programs\Python\Python314\Lib\site-packages\sqlalchemy\sql\base.py", line 284, in _generative
    x = fn(self, *args, **kw)
  File "<string>", line 2, in filter
  File "C:\Users\фыа\AppData\Local\Programs\Python\Python314\Lib\site-packages\sqlalchemy\orm\base.py", line 303, in generate
    assertion(self, fn.__name__)
    ~~~~~~~~~^^^^^^^^^^^^^^^^^^^
  File "C:\Users\фыа\AppData\Local\Programs\Python\Python314\Lib\site-packages\sqlalchemy\orm\query.py", line 444, in _no_limit_offset
    raise sa_exc.InvalidRequestError(
    ...<3 lines>...
    )
sqlalchemy.exc.InvalidRequestError: Query.filter() being called on a Query which already has LIMIT or OFFSET applied.  Call filter() before limit() or offset() are applied.
INFO:     127.0.0.1:62582 - "GET /api/vacancies HTTP/1.1" 200 OK
INFO:     127.0.0.1:62582 - "GET /api/vacancies HTTP/1.1" 200 OK
INFO:     127.0.0.1:51360 - "GET /api/notifications?unread=1 HTTP/1.1" 500 Internal Server Error
ERROR:    Exception in ASGI application
Traceback (most recent call last):
  File "C:\Users\фыа\AppData\Local\Programs\Python\Python314\Lib\site-packages\uvicorn\protocols\http\httptools_impl.py", line 422, in run_asgi
    result = await app(  # type: ignore[func-returns-value]
             ^^^^^^^^^^^^^^^^^^^^^^^^^^^^^^^^^^^^^^^^^^^^^^
        self.scope, self.receive, self.send
        ^^^^^^^^^^^^^^^^^^^^^^^^^^^^^^^^^^^
    )
    ^
  File "C:\Users\фыа\AppData\Local\Programs\Python\Python314\Lib\site-packages\uvicorn\middleware\proxy_headers.py", line 63, in __call__
    return await self.app(scope, receive, send)
           ^^^^^^^^^^^^^^^^^^^^^^^^^^^^^^^^^^^^
  File "C:\Users\фыа\AppData\Local\Programs\Python\Python314\Lib\site-packages\fastapi\applications.py", line 1163, in __call__
    await super().__call__(scope, receive, send)
  File "C:\Users\фыа\AppData\Local\Programs\Python\Python314\Lib\site-packages\starlette\applications.py", line 96, in __call__
    await self.middleware_stack(scope, receive, send)
  File "C:\Users\фыа\AppData\Local\Programs\Python\Python314\Lib\site-packages\starlette\middleware\errors.py", line 186, in __call__
    raise exc
  File "C:\Users\фыа\AppData\Local\Programs\Python\Python314\Lib\site-packages\starlette\middleware\errors.py", line 164, in __call__
    await self.app(scope, receive, _send)
  File "C:\Users\фыа\AppData\Local\Programs\Python\Python314\Lib\site-packages\starlette\middleware\cors.py", line 88, in __call__
    await self.app(scope, receive, send)
  File "C:\Users\фыа\AppData\Local\Programs\Python\Python314\Lib\site-packages\starlette\middleware\exceptions.py", line 63, in __call__
    await wrap_app_handling_exceptions(self.app, conn)(scope, receive, send)
  File "C:\Users\фыа\AppData\Local\Programs\Python\Python314\Lib\site-packages\starlette\_exception_handler.py", line 53, in wrapped_app
    raise exc
  File "C:\Users\фыа\AppData\Local\Programs\Python\Python314\Lib\site-packages\starlette\_exception_handler.py", line 42, in wrapped_app
    await app(scope, receive, sender)
  File "C:\Users\фыа\AppData\Local\Programs\Python\Python314\Lib\site-packages\fastapi\middleware\asyncexitstack.py", line 18, in __call__
    await self.app(scope, receive, send)
  File "C:\Users\фыа\AppData\Local\Programs\Python\Python314\Lib\site-packages\starlette\routing.py", line 670, in __call__
    await self.middleware_stack(scope, receive, send)
  File "C:\Users\фыа\AppData\Local\Programs\Python\Python314\Lib\site-packages\fastapi\routing.py", line 2734, in app
    await route.handle(scope, receive, send)
  File "C:\Users\фыа\AppData\Local\Programs\Python\Python314\Lib\site-packages\fastapi\routing.py", line 1780, in handle
    await self.original_router.handle(scope, receive, send)
  File "C:\Users\фыа\AppData\Local\Programs\Python\Python314\Lib\site-packages\fastapi\routing.py", line 2789, in handle
    await included_router._handle_selected(scope, receive, send)
  File "C:\Users\фыа\AppData\Local\Programs\Python\Python314\Lib\site-packages\fastapi\routing.py", line 1800, in _handle_selected
    await original_route.handle(scope, receive, send)
  File "C:\Users\фыа\AppData\Local\Programs\Python\Python314\Lib\site-packages\fastapi\routing.py", line 1279, in handle
    await app(scope, receive, send)
  File "C:\Users\фыа\AppData\Local\Programs\Python\Python314\Lib\site-packages\fastapi\routing.py", line 158, in app
    await wrap_app_handling_exceptions(app, request)(scope, receive, send)
  File "C:\Users\фыа\AppData\Local\Programs\Python\Python314\Lib\site-packages\starlette\_exception_handler.py", line 53, in wrapped_app
    raise exc
  File "C:\Users\фыа\AppData\Local\Programs\Python\Python314\Lib\site-packages\starlette\_exception_handler.py", line 42, in wrapped_app
    await app(scope, receive, sender)
  File "C:\Users\фыа\AppData\Local\Programs\Python\Python314\Lib\site-packages\fastapi\routing.py", line 144, in app
    response = await f(request)
               ^^^^^^^^^^^^^^^^
  File "C:\Users\фыа\AppData\Local\Programs\Python\Python314\Lib\site-packages\fastapi\routing.py", line 706, in app
    raw_response = await run_endpoint_function(
                   ^^^^^^^^^^^^^^^^^^^^^^^^^^^^
    ...<3 lines>...
    )
    ^
  File "C:\Users\фыа\AppData\Local\Programs\Python\Python314\Lib\site-packages\fastapi\routing.py", line 354, in run_endpoint_function
    return await run_in_threadpool(dependant.call, **values)
           ^^^^^^^^^^^^^^^^^^^^^^^^^^^^^^^^^^^^^^^^^^^^^^^^^
  File "C:\Users\фыа\AppData\Local\Programs\Python\Python314\Lib\site-packages\starlette\concurrency.py", line 34, in run_in_threadpool
    return await anyio.to_thread.run_sync(func)
           ^^^^^^^^^^^^^^^^^^^^^^^^^^^^^^^^^^^^
  File "C:\Users\фыа\AppData\Local\Programs\Python\Python314\Lib\site-packages\anyio\to_thread.py", line 63, in run_sync
    return await get_async_backend().run_sync_in_worker_thread(
           ^^^^^^^^^^^^^^^^^^^^^^^^^^^^^^^^^^^^^^^^^^^^^^^^^^^^
        func, args, abandon_on_cancel=abandon_on_cancel, limiter=limiter
        ^^^^^^^^^^^^^^^^^^^^^^^^^^^^^^^^^^^^^^^^^^^^^^^^^^^^^^^^^^^^^^^^
    )
    ^
  File "C:\Users\фыа\AppData\Local\Programs\Python\Python314\Lib\site-packages\anyio\_backends\_asyncio.py", line 2596, in run_sync_in_worker_thread
    return await future
           ^^^^^^^^^^^^
  File "C:\Users\фыа\AppData\Local\Programs\Python\Python314\Lib\site-packages\anyio\_backends\_asyncio.py", line 1029, in run
    result = context.run(func, *args)
  File "C:\Users\фыа\Documents\Obsidian Vault\Programs\JobMatrix\api\routes\notifications.py", line 24, in list_events
    q = q.filter(Event.read_at.is_(None))
  File "<string>", line 2, in filter
  File "C:\Users\фыа\AppData\Local\Programs\Python\Python314\Lib\site-packages\sqlalchemy\sql\base.py", line 284, in _generative
    x = fn(self, *args, **kw)
  File "<string>", line 2, in filter
  File "C:\Users\фыа\AppData\Local\Programs\Python\Python314\Lib\site-packages\sqlalchemy\orm\base.py", line 303, in generate
    assertion(self, fn.__name__)
    ~~~~~~~~~^^^^^^^^^^^^^^^^^^^
  File "C:\Users\фыа\AppData\Local\Programs\Python\Python314\Lib\site-packages\sqlalchemy\orm\query.py", line 444, in _no_limit_offset
    raise sa_exc.InvalidRequestError(
    ...<3 lines>...
    )
sqlalchemy.exc.InvalidRequestError: Query.filter() being called on a Query which already has LIMIT or OFFSET applied.  Call filter() before limit() or offset() are applied.
INFO:     127.0.0.1:51111 - "GET /api/notifications?unread=1 HTTP/1.1" 500 Internal Server Error
ERROR:    Exception in ASGI application
Traceback (most recent call last):
  File "C:\Users\фыа\AppData\Local\Programs\Python\Python314\Lib\site-packages\uvicorn\protocols\http\httptools_impl.py", line 422, in run_asgi
    result = await app(  # type: ignore[func-returns-value]
             ^^^^^^^^^^^^^^^^^^^^^^^^^^^^^^^^^^^^^^^^^^^^^^
        self.scope, self.receive, self.send
        ^^^^^^^^^^^^^^^^^^^^^^^^^^^^^^^^^^^
    )
    ^
  File "C:\Users\фыа\AppData\Local\Programs\Python\Python314\Lib\site-packages\uvicorn\middleware\proxy_headers.py", line 63, in __call__
    return await self.app(scope, receive, send)
           ^^^^^^^^^^^^^^^^^^^^^^^^^^^^^^^^^^^^
  File "C:\Users\фыа\AppData\Local\Programs\Python\Python314\Lib\site-packages\fastapi\applications.py", line 1163, in __call__
    await super().__call__(scope, receive, send)
  File "C:\Users\фыа\AppData\Local\Programs\Python\Python314\Lib\site-packages\starlette\applications.py", line 96, in __call__
    await self.middleware_stack(scope, receive, send)
  File "C:\Users\фыа\AppData\Local\Programs\Python\Python314\Lib\site-packages\starlette\middleware\errors.py", line 186, in __call__
    raise exc
  File "C:\Users\фыа\AppData\Local\Programs\Python\Python314\Lib\site-packages\starlette\middleware\errors.py", line 164, in __call__
    await self.app(scope, receive, _send)
  File "C:\Users\фыа\AppData\Local\Programs\Python\Python314\Lib\site-packages\starlette\middleware\cors.py", line 88, in __call__
    await self.app(scope, receive, send)
  File "C:\Users\фыа\AppData\Local\Programs\Python\Python314\Lib\site-packages\starlette\middleware\exceptions.py", line 63, in __call__
    await wrap_app_handling_exceptions(self.app, conn)(scope, receive, send)
  File "C:\Users\фыа\AppData\Local\Programs\Python\Python314\Lib\site-packages\starlette\_exception_handler.py", line 53, in wrapped_app
    raise exc
  File "C:\Users\фыа\AppData\Local\Programs\Python\Python314\Lib\site-packages\starlette\_exception_handler.py", line 42, in wrapped_app
    await app(scope, receive, sender)
  File "C:\Users\фыа\AppData\Local\Programs\Python\Python314\Lib\site-packages\fastapi\middleware\asyncexitstack.py", line 18, in __call__
    await self.app(scope, receive, send)
  File "C:\Users\фыа\AppData\Local\Programs\Python\Python314\Lib\site-packages\starlette\routing.py", line 670, in __call__
    await self.middleware_stack(scope, receive, send)
  File "C:\Users\фыа\AppData\Local\Programs\Python\Python314\Lib\site-packages\fastapi\routing.py", line 2734, in app
    await route.handle(scope, receive, send)
  File "C:\Users\фыа\AppData\Local\Programs\Python\Python314\Lib\site-packages\fastapi\routing.py", line 1780, in handle
    await self.original_router.handle(scope, receive, send)
  File "C:\Users\фыа\AppData\Local\Programs\Python\Python314\Lib\site-packages\fastapi\routing.py", line 2789, in handle
    await included_router._handle_selected(scope, receive, send)
  File "C:\Users\фыа\AppData\Local\Programs\Python\Python314\Lib\site-packages\fastapi\routing.py", line 1800, in _handle_selected
    await original_route.handle(scope, receive, send)
  File "C:\Users\фыа\AppData\Local\Programs\Python\Python314\Lib\site-packages\fastapi\routing.py", line 1279, in handle
    await app(scope, receive, send)
  File "C:\Users\фыа\AppData\Local\Programs\Python\Python314\Lib\site-packages\fastapi\routing.py", line 158, in app
    await wrap_app_handling_exceptions(app, request)(scope, receive, send)
  File "C:\Users\фыа\AppData\Local\Programs\Python\Python314\Lib\site-packages\starlette\_exception_handler.py", line 53, in wrapped_app
    raise exc
  File "C:\Users\фыа\AppData\Local\Programs\Python\Python314\Lib\site-packages\starlette\_exception_handler.py", line 42, in wrapped_app
    await app(scope, receive, sender)
  File "C:\Users\фыа\AppData\Local\Programs\Python\Python314\Lib\site-packages\fastapi\routing.py", line 144, in app
    response = await f(request)
               ^^^^^^^^^^^^^^^^
  File "C:\Users\фыа\AppData\Local\Programs\Python\Python314\Lib\site-packages\fastapi\routing.py", line 706, in app
    raw_response = await run_endpoint_function(
                   ^^^^^^^^^^^^^^^^^^^^^^^^^^^^
    ...<3 lines>...
    )
    ^
  File "C:\Users\фыа\AppData\Local\Programs\Python\Python314\Lib\site-packages\fastapi\routing.py", line 354, in run_endpoint_function
    return await run_in_threadpool(dependant.call, **values)
           ^^^^^^^^^^^^^^^^^^^^^^^^^^^^^^^^^^^^^^^^^^^^^^^^^
  File "C:\Users\фыа\AppData\Local\Programs\Python\Python314\Lib\site-packages\starlette\concurrency.py", line 34, in run_in_threadpool
    return await anyio.to_thread.run_sync(func)
           ^^^^^^^^^^^^^^^^^^^^^^^^^^^^^^^^^^^^
  File "C:\Users\фыа\AppData\Local\Programs\Python\Python314\Lib\site-packages\anyio\to_thread.py", line 63, in run_sync
    return await get_async_backend().run_sync_in_worker_thread(
           ^^^^^^^^^^^^^^^^^^^^^^^^^^^^^^^^^^^^^^^^^^^^^^^^^^^^
        func, args, abandon_on_cancel=abandon_on_cancel, limiter=limiter
        ^^^^^^^^^^^^^^^^^^^^^^^^^^^^^^^^^^^^^^^^^^^^^^^^^^^^^^^^^^^^^^^^
    )
    ^
  File "C:\Users\фыа\AppData\Local\Programs\Python\Python314\Lib\site-packages\anyio\_backends\_asyncio.py", line 2596, in run_sync_in_worker_thread
    return await future
           ^^^^^^^^^^^^
  File "C:\Users\фыа\AppData\Local\Programs\Python\Python314\Lib\site-packages\anyio\_backends\_asyncio.py", line 1029, in run
    result = context.run(func, *args)
  File "C:\Users\фыа\Documents\Obsidian Vault\Programs\JobMatrix\api\routes\notifications.py", line 24, in list_events
    q = q.filter(Event.read_at.is_(None))
  File "<string>", line 2, in filter
  File "C:\Users\фыа\AppData\Local\Programs\Python\Python314\Lib\site-packages\sqlalchemy\sql\base.py", line 284, in _generative
    x = fn(self, *args, **kw)
  File "<string>", line 2, in filter
  File "C:\Users\фыа\AppData\Local\Programs\Python\Python314\Lib\site-packages\sqlalchemy\orm\base.py", line 303, in generate
    assertion(self, fn.__name__)
    ~~~~~~~~~^^^^^^^^^^^^^^^^^^^
  File "C:\Users\фыа\AppData\Local\Programs\Python\Python314\Lib\site-packages\sqlalchemy\orm\query.py", line 444, in _no_limit_offset
    raise sa_exc.InvalidRequestError(
    ...<3 lines>...
    )
sqlalchemy.exc.InvalidRequestError: Query.filter() being called on a Query which already has LIMIT or OFFSET applied.  Call filter() before limit() or offset() are applied.
INFO:     127.0.0.1:62582 - "GET /api/vacancies HTTP/1.1" 200 OK
INFO:     Started server process [31476]
INFO:     Waiting for application startup.
2026-08-19 18:27:20,931 INFO jobmatrix: JobMatrix запущен: http://127.0.0.1:8000 (demo=True)
2026-08-19 18:27:21,147 INFO jobmatrix: Сбор: проверено 11, новых событий 3
INFO:     Application startup complete.
INFO:     Uvicorn running on http://127.0.0.1:8000 (Press CTRL+C to quit)
2026-08-19 18:29:21,251 INFO jobmatrix: Сбор: проверено 11, новых событий 2
2026-08-19 18:31:21,360 INFO jobmatrix: Сбор: проверено 11, новых событий 2
2026-08-19 18:33:21,489 INFO jobmatrix: Сбор: проверено 11, новых событий 5
2026-08-19 18:35:21,608 INFO jobmatrix: Сбор: проверено 11, новых событий 4
2026-08-19 18:37:21,759 INFO jobmatrix: Сбор: проверено 11, новых событий 5
INFO:     127.0.0.1:54469 - "WebSocket /ws/events" [accepted]
INFO:     connection open
2026-08-19 18:39:21,859 INFO jobmatrix: Сбор: проверено 11, новых событий 2
2026-08-19 18:41:21,986 INFO jobmatrix: Сбор: проверено 11, новых событий 4
2026-08-19 18:43:22,096 INFO jobmatrix: Сбор: проверено 11, новых событий 2
2026-08-19 18:45:22,260 INFO jobmatrix: Сбор: проверено 11, новых событий 6
2026-08-19 18:47:22,416 INFO jobmatrix: Сбор: проверено 11, новых событий 6
2026-08-19 18:49:22,537 INFO jobmatrix: Сбор: проверено 11, новых событий 4
2026-08-19 18:51:22,639 INFO jobmatrix: Сбор: проверено 11, новых событий 2
2026-08-19 18:53:22,808 INFO jobmatrix: Сбор: проверено 11, новых событий 7
2026-08-19 18:55:22,957 INFO jobmatrix: Сбор: проверено 11, новых событий 6
2026-08-19 18:59:03,470 INFO jobmatrix: Сбор: проверено 11, новых событий 5
2026-08-19 19:01:03,627 INFO jobmatrix: Сбор: проверено 11, новых событий 5
2026-08-19 19:03:03,798 INFO jobmatrix: Сбор: проверено 11, новых событий 5
2026-08-19 19:05:03,940 INFO jobmatrix: Сбор: проверено 11, новых событий 5
2026-08-19 19:07:04,077 INFO jobmatrix: Сбор: проверено 11, новых событий 4
2026-08-19 19:09:04,218 INFO jobmatrix: Сбор: проверено 11, новых событий 4
2026-08-19 19:11:04,369 INFO jobmatrix: Сбор: проверено 11, новых событий 5
2026-08-19 19:13:04,487 INFO jobmatrix: Сбор: проверено 11, новых событий 3
2026-08-19 19:15:04,657 INFO jobmatrix: Сбор: проверено 11, новых событий 5
[JobMatrix] Порт 8000 уже занят — сервер уже работает.
[JobMatrix] Запуск: http://127.0.0.1:8000
[JobMatrix] Демо-режим: True | Сбор каждые 2 мин
[JobMatrix] Логи: C:\Users\roman\Documents\Obsidian Vault\Programs\JobMatrix\data\logs\app.log
[JobMatrix] Остановка: launcher\stop.bat (или Ctrl+C, если видна консоль)
INFO:     127.0.0.1:53537 - "GET / HTTP/1.1" 200 OK
INFO:     127.0.0.1:53537 - "GET /style.css HTTP/1.1" 200 OK
INFO:     127.0.0.1:55076 - "GET /app.js HTTP/1.1" 200 OK
INFO:     127.0.0.1:53344 - "WebSocket /ws/events" [accepted]
INFO:     connection open
INFO:     127.0.0.1:53537 - "GET /api/notifications?unread=1 HTTP/1.1" 500 Internal Server Error
ERROR:    Exception in ASGI application
Traceback (most recent call last):
  File "C:\Users\roman\AppData\Local\Programs\Python\Python313\Lib\site-packages\uvicorn\protocols\http\httptools_impl.py", line 422, in run_asgi
    result = await app(  # type: ignore[func-returns-value]
             ^^^^^^^^^^^^^^^^^^^^^^^^^^^^^^^^^^^^^^^^^^^^^^
        self.scope, self.receive, self.send
        ^^^^^^^^^^^^^^^^^^^^^^^^^^^^^^^^^^^
    )
    ^
  File "C:\Users\roman\AppData\Local\Programs\Python\Python313\Lib\site-packages\uvicorn\middleware\proxy_headers.py", line 63, in __call__
    return await self.app(scope, receive, send)
           ^^^^^^^^^^^^^^^^^^^^^^^^^^^^^^^^^^^^
  File "C:\Users\roman\AppData\Local\Programs\Python\Python313\Lib\site-packages\fastapi\applications.py", line 1163, in __call__
    await super().__call__(scope, receive, send)
  File "C:\Users\roman\AppData\Local\Programs\Python\Python313\Lib\site-packages\starlette\applications.py", line 90, in __call__
    await self.middleware_stack(scope, receive, send)
  File "C:\Users\roman\AppData\Local\Programs\Python\Python313\Lib\site-packages\starlette\middleware\errors.py", line 186, in __call__
    raise exc
  File "C:\Users\roman\AppData\Local\Programs\Python\Python313\Lib\site-packages\starlette\middleware\errors.py", line 164, in __call__
    await self.app(scope, receive, _send)
  File "C:\Users\roman\AppData\Local\Programs\Python\Python313\Lib\site-packages\starlette\middleware\cors.py", line 88, in __call__
    await self.app(scope, receive, send)
  File "C:\Users\roman\AppData\Local\Programs\Python\Python313\Lib\site-packages\starlette\middleware\exceptions.py", line 63, in __call__
    await wrap_app_handling_exceptions(self.app, conn)(scope, receive, send)
  File "C:\Users\roman\AppData\Local\Programs\Python\Python313\Lib\site-packages\starlette\_exception_handler.py", line 53, in wrapped_app
    raise exc
  File "C:\Users\roman\AppData\Local\Programs\Python\Python313\Lib\site-packages\starlette\_exception_handler.py", line 42, in wrapped_app
    await app(scope, receive, sender)
  File "C:\Users\roman\AppData\Local\Programs\Python\Python313\Lib\site-packages\fastapi\middleware\asyncexitstack.py", line 18, in __call__
    await self.app(scope, receive, send)
  File "C:\Users\roman\AppData\Local\Programs\Python\Python313\Lib\site-packages\starlette\routing.py", line 660, in __call__
    await self.middleware_stack(scope, receive, send)
  File "C:\Users\roman\AppData\Local\Programs\Python\Python313\Lib\site-packages\fastapi\routing.py", line 2683, in app
    await route.handle(scope, receive, send)
  File "C:\Users\roman\AppData\Local\Programs\Python\Python313\Lib\site-packages\fastapi\routing.py", line 1753, in handle
    await self.original_router.handle(scope, receive, send)
  File "C:\Users\roman\AppData\Local\Programs\Python\Python313\Lib\site-packages\fastapi\routing.py", line 2738, in handle
    await included_router._handle_selected(scope, receive, send)
  File "C:\Users\roman\AppData\Local\Programs\Python\Python313\Lib\site-packages\fastapi\routing.py", line 1773, in _handle_selected
    await original_route.handle(scope, receive, send)
  File "C:\Users\roman\AppData\Local\Programs\Python\Python313\Lib\site-packages\fastapi\routing.py", line 1264, in handle
    await app(scope, receive, send)
  File "C:\Users\roman\AppData\Local\Programs\Python\Python313\Lib\site-packages\fastapi\routing.py", line 150, in app
    await wrap_app_handling_exceptions(app, request)(scope, receive, send)
  File "C:\Users\roman\AppData\Local\Programs\Python\Python313\Lib\site-packages\starlette\_exception_handler.py", line 53, in wrapped_app
    raise exc
  File "C:\Users\roman\AppData\Local\Programs\Python\Python313\Lib\site-packages\starlette\_exception_handler.py", line 42, in wrapped_app
    await app(scope, receive, sender)
  File "C:\Users\roman\AppData\Local\Programs\Python\Python313\Lib\site-packages\fastapi\routing.py", line 136, in app
    response = await f(request)
               ^^^^^^^^^^^^^^^^
  File "C:\Users\roman\AppData\Local\Programs\Python\Python313\Lib\site-packages\fastapi\routing.py", line 690, in app
    raw_response = await run_endpoint_function(
                   ^^^^^^^^^^^^^^^^^^^^^^^^^^^^
    ...<3 lines>...
    )
    ^
  File "C:\Users\roman\AppData\Local\Programs\Python\Python313\Lib\site-packages\fastapi\routing.py", line 346, in run_endpoint_function
    return await run_in_threadpool(dependant.call, **values)
           ^^^^^^^^^^^^^^^^^^^^^^^^^^^^^^^^^^^^^^^^^^^^^^^^^
  File "C:\Users\roman\AppData\Local\Programs\Python\Python313\Lib\site-packages\starlette\concurrency.py", line 34, in run_in_threadpool
    return await anyio.to_thread.run_sync(func)
           ^^^^^^^^^^^^^^^^^^^^^^^^^^^^^^^^^^^^
  File "C:\Users\roman\AppData\Local\Programs\Python\Python313\Lib\site-packages\anyio\to_thread.py", line 56, in run_sync
    return await get_async_backend().run_sync_in_worker_thread(
           ^^^^^^^^^^^^^^^^^^^^^^^^^^^^^^^^^^^^^^^^^^^^^^^^^^^^
        func, args, abandon_on_cancel=abandon_on_cancel, limiter=limiter
        ^^^^^^^^^^^^^^^^^^^^^^^^^^^^^^^^^^^^^^^^^^^^^^^^^^^^^^^^^^^^^^^^
    )
    ^
  File "C:\Users\roman\AppData\Local\Programs\Python\Python313\Lib\site-packages\anyio\_backends\_asyncio.py", line 2485, in run_sync_in_worker_thread
    return await future
           ^^^^^^^^^^^^
  File "C:\Users\roman\AppData\Local\Programs\Python\Python313\Lib\site-packages\anyio\_backends\_asyncio.py", line 976, in run
    result = context.run(func, *args)
  File "C:\Users\roman\Documents\Obsidian Vault\Programs\JobMatrix\api\routes\notifications.py", line 24, in list_events
    q = q.filter(Event.read_at.is_(None))
  File "<string>", line 2, in filter
  File "C:\Users\roman\AppData\Local\Programs\Python\Python313\Lib\site-packages\sqlalchemy\sql\base.py", line 284, in _generative
    x = fn(self, *args, **kw)
  File "<string>", line 2, in filter
  File "C:\Users\roman\AppData\Local\Programs\Python\Python313\Lib\site-packages\sqlalchemy\orm\base.py", line 303, in generate
    assertion(self, fn.__name__)
    ~~~~~~~~~^^^^^^^^^^^^^^^^^^^
  File "C:\Users\roman\AppData\Local\Programs\Python\Python313\Lib\site-packages\sqlalchemy\orm\query.py", line 444, in _no_limit_offset
    raise sa_exc.InvalidRequestError(
    ...<3 lines>...
    )
sqlalchemy.exc.InvalidRequestError: Query.filter() being called on a Query which already has LIMIT or OFFSET applied.  Call filter() before limit() or offset() are applied.
INFO:     127.0.0.1:55076 - "GET /api/vacancies HTTP/1.1" 200 OK
2026-08-19 19:17:04,992 INFO jobmatrix: Сбор: проверено 11, новых событий 3
INFO:     127.0.0.1:65513 - "GET /api/notifications?unread=1 HTTP/1.1" 500 Internal Server Error
ERROR:    Exception in ASGI application
Traceback (most recent call last):
  File "C:\Users\roman\AppData\Local\Programs\Python\Python313\Lib\site-packages\uvicorn\protocols\http\httptools_impl.py", line 422, in run_asgi
    result = await app(  # type: ignore[func-returns-value]
             ^^^^^^^^^^^^^^^^^^^^^^^^^^^^^^^^^^^^^^^^^^^^^^
        self.scope, self.receive, self.send
        ^^^^^^^^^^^^^^^^^^^^^^^^^^^^^^^^^^^
    )
    ^
  File "C:\Users\roman\AppData\Local\Programs\Python\Python313\Lib\site-packages\uvicorn\middleware\proxy_headers.py", line 63, in __call__
    return await self.app(scope, receive, send)
           ^^^^^^^^^^^^^^^^^^^^^^^^^^^^^^^^^^^^
  File "C:\Users\roman\AppData\Local\Programs\Python\Python313\Lib\site-packages\fastapi\applications.py", line 1163, in __call__
    await super().__call__(scope, receive, send)
  File "C:\Users\roman\AppData\Local\Programs\Python\Python313\Lib\site-packages\starlette\applications.py", line 90, in __call__
    await self.middleware_stack(scope, receive, send)
  File "C:\Users\roman\AppData\Local\Programs\Python\Python313\Lib\site-packages\starlette\middleware\errors.py", line 186, in __call__
    raise exc
  File "C:\Users\roman\AppData\Local\Programs\Python\Python313\Lib\site-packages\starlette\middleware\errors.py", line 164, in __call__
    await self.app(scope, receive, _send)
  File "C:\Users\roman\AppData\Local\Programs\Python\Python313\Lib\site-packages\starlette\middleware\cors.py", line 88, in __call__
    await self.app(scope, receive, send)
  File "C:\Users\roman\AppData\Local\Programs\Python\Python313\Lib\site-packages\starlette\middleware\exceptions.py", line 63, in __call__
    await wrap_app_handling_exceptions(self.app, conn)(scope, receive, send)
  File "C:\Users\roman\AppData\Local\Programs\Python\Python313\Lib\site-packages\starlette\_exception_handler.py", line 53, in wrapped_app
    raise exc
  File "C:\Users\roman\AppData\Local\Programs\Python\Python313\Lib\site-packages\starlette\_exception_handler.py", line 42, in wrapped_app
    await app(scope, receive, sender)
  File "C:\Users\roman\AppData\Local\Programs\Python\Python313\Lib\site-packages\fastapi\middleware\asyncexitstack.py", line 18, in __call__
    await self.app(scope, receive, send)
  File "C:\Users\roman\AppData\Local\Programs\Python\Python313\Lib\site-packages\starlette\routing.py", line 660, in __call__
    await self.middleware_stack(scope, receive, send)
  File "C:\Users\roman\AppData\Local\Programs\Python\Python313\Lib\site-packages\fastapi\routing.py", line 2683, in app
    await route.handle(scope, receive, send)
  File "C:\Users\roman\AppData\Local\Programs\Python\Python313\Lib\site-packages\fastapi\routing.py", line 1753, in handle
    await self.original_router.handle(scope, receive, send)
  File "C:\Users\roman\AppData\Local\Programs\Python\Python313\Lib\site-packages\fastapi\routing.py", line 2738, in handle
    await included_router._handle_selected(scope, receive, send)
  File "C:\Users\roman\AppData\Local\Programs\Python\Python313\Lib\site-packages\fastapi\routing.py", line 1773, in _handle_selected
    await original_route.handle(scope, receive, send)
  File "C:\Users\roman\AppData\Local\Programs\Python\Python313\Lib\site-packages\fastapi\routing.py", line 1264, in handle
    await app(scope, receive, send)
  File "C:\Users\roman\AppData\Local\Programs\Python\Python313\Lib\site-packages\fastapi\routing.py", line 150, in app
    await wrap_app_handling_exceptions(app, request)(scope, receive, send)
  File "C:\Users\roman\AppData\Local\Programs\Python\Python313\Lib\site-packages\starlette\_exception_handler.py", line 53, in wrapped_app
    raise exc
  File "C:\Users\roman\AppData\Local\Programs\Python\Python313\Lib\site-packages\starlette\_exception_handler.py", line 42, in wrapped_app
    await app(scope, receive, sender)
  File "C:\Users\roman\AppData\Local\Programs\Python\Python313\Lib\site-packages\fastapi\routing.py", line 136, in app
    response = await f(request)
               ^^^^^^^^^^^^^^^^
  File "C:\Users\roman\AppData\Local\Programs\Python\Python313\Lib\site-packages\fastapi\routing.py", line 690, in app
    raw_response = await run_endpoint_function(
                   ^^^^^^^^^^^^^^^^^^^^^^^^^^^^
    ...<3 lines>...
    )
    ^
  File "C:\Users\roman\AppData\Local\Programs\Python\Python313\Lib\site-packages\fastapi\routing.py", line 346, in run_endpoint_function
    return await run_in_threadpool(dependant.call, **values)
           ^^^^^^^^^^^^^^^^^^^^^^^^^^^^^^^^^^^^^^^^^^^^^^^^^
  File "C:\Users\roman\AppData\Local\Programs\Python\Python313\Lib\site-packages\starlette\concurrency.py", line 34, in run_in_threadpool
    return await anyio.to_thread.run_sync(func)
           ^^^^^^^^^^^^^^^^^^^^^^^^^^^^^^^^^^^^
  File "C:\Users\roman\AppData\Local\Programs\Python\Python313\Lib\site-packages\anyio\to_thread.py", line 56, in run_sync
    return await get_async_backend().run_sync_in_worker_thread(
           ^^^^^^^^^^^^^^^^^^^^^^^^^^^^^^^^^^^^^^^^^^^^^^^^^^^^
        func, args, abandon_on_cancel=abandon_on_cancel, limiter=limiter
        ^^^^^^^^^^^^^^^^^^^^^^^^^^^^^^^^^^^^^^^^^^^^^^^^^^^^^^^^^^^^^^^^
    )
    ^
  File "C:\Users\roman\AppData\Local\Programs\Python\Python313\Lib\site-packages\anyio\_backends\_asyncio.py", line 2485, in run_sync_in_worker_thread
    return await future
           ^^^^^^^^^^^^
  File "C:\Users\roman\AppData\Local\Programs\Python\Python313\Lib\site-packages\anyio\_backends\_asyncio.py", line 976, in run
    result = context.run(func, *args)
  File "C:\Users\roman\Documents\Obsidian Vault\Programs\JobMatrix\api\routes\notifications.py", line 24, in list_events
    q = q.filter(Event.read_at.is_(None))
  File "<string>", line 2, in filter
  File "C:\Users\roman\AppData\Local\Programs\Python\Python313\Lib\site-packages\sqlalchemy\sql\base.py", line 284, in _generative
    x = fn(self, *args, **kw)
  File "<string>", line 2, in filter
  File "C:\Users\roman\AppData\Local\Programs\Python\Python313\Lib\site-packages\sqlalchemy\orm\base.py", line 303, in generate
    assertion(self, fn.__name__)
    ~~~~~~~~~^^^^^^^^^^^^^^^^^^^
  File "C:\Users\roman\AppData\Local\Programs\Python\Python313\Lib\site-packages\sqlalchemy\orm\query.py", line 444, in _no_limit_offset
    raise sa_exc.InvalidRequestError(
    ...<3 lines>...
    )
sqlalchemy.exc.InvalidRequestError: Query.filter() being called on a Query which already has LIMIT or OFFSET applied.  Call filter() before limit() or offset() are applied.
INFO:     127.0.0.1:52266 - "GET /api/vacancies HTTP/1.1" 200 OK
INFO:     127.0.0.1:56735 - "GET /api/notifications?unread=1 HTTP/1.1" 500 Internal Server Error
ERROR:    Exception in ASGI application
Traceback (most recent call last):
  File "C:\Users\roman\AppData\Local\Programs\Python\Python313\Lib\site-packages\uvicorn\protocols\http\httptools_impl.py", line 422, in run_asgi
    result = await app(  # type: ignore[func-returns-value]
             ^^^^^^^^^^^^^^^^^^^^^^^^^^^^^^^^^^^^^^^^^^^^^^
        self.scope, self.receive, self.send
        ^^^^^^^^^^^^^^^^^^^^^^^^^^^^^^^^^^^
    )
    ^
  File "C:\Users\roman\AppData\Local\Programs\Python\Python313\Lib\site-packages\uvicorn\middleware\proxy_headers.py", line 63, in __call__
    return await self.app(scope, receive, send)
           ^^^^^^^^^^^^^^^^^^^^^^^^^^^^^^^^^^^^
  File "C:\Users\roman\AppData\Local\Programs\Python\Python313\Lib\site-packages\fastapi\applications.py", line 1163, in __call__
    await super().__call__(scope, receive, send)
  File "C:\Users\roman\AppData\Local\Programs\Python\Python313\Lib\site-packages\starlette\applications.py", line 90, in __call__
    await self.middleware_stack(scope, receive, send)
  File "C:\Users\roman\AppData\Local\Programs\Python\Python313\Lib\site-packages\starlette\middleware\errors.py", line 186, in __call__
    raise exc
  File "C:\Users\roman\AppData\Local\Programs\Python\Python313\Lib\site-packages\starlette\middleware\errors.py", line 164, in __call__
    await self.app(scope, receive, _send)
  File "C:\Users\roman\AppData\Local\Programs\Python\Python313\Lib\site-packages\starlette\middleware\cors.py", line 88, in __call__
    await self.app(scope, receive, send)
  File "C:\Users\roman\AppData\Local\Programs\Python\Python313\Lib\site-packages\starlette\middleware\exceptions.py", line 63, in __call__
    await wrap_app_handling_exceptions(self.app, conn)(scope, receive, send)
  File "C:\Users\roman\AppData\Local\Programs\Python\Python313\Lib\site-packages\starlette\_exception_handler.py", line 53, in wrapped_app
    raise exc
  File "C:\Users\roman\AppData\Local\Programs\Python\Python313\Lib\site-packages\starlette\_exception_handler.py", line 42, in wrapped_app
    await app(scope, receive, sender)
  File "C:\Users\roman\AppData\Local\Programs\Python\Python313\Lib\site-packages\fastapi\middleware\asyncexitstack.py", line 18, in __call__
    await self.app(scope, receive, send)
  File "C:\Users\roman\AppData\Local\Programs\Python\Python313\Lib\site-packages\starlette\routing.py", line 660, in __call__
    await self.middleware_stack(scope, receive, send)
  File "C:\Users\roman\AppData\Local\Programs\Python\Python313\Lib\site-packages\fastapi\routing.py", line 2683, in app
    await route.handle(scope, receive, send)
  File "C:\Users\roman\AppData\Local\Programs\Python\Python313\Lib\site-packages\fastapi\routing.py", line 1753, in handle
    await self.original_router.handle(scope, receive, send)
  File "C:\Users\roman\AppData\Local\Programs\Python\Python313\Lib\site-packages\fastapi\routing.py", line 2738, in handle
    await included_router._handle_selected(scope, receive, send)
  File "C:\Users\roman\AppData\Local\Programs\Python\Python313\Lib\site-packages\fastapi\routing.py", line 1773, in _handle_selected
    await original_route.handle(scope, receive, send)
  File "C:\Users\roman\AppData\Local\Programs\Python\Python313\Lib\site-packages\fastapi\routing.py", line 1264, in handle
    await app(scope, receive, send)
  File "C:\Users\roman\AppData\Local\Programs\Python\Python313\Lib\site-packages\fastapi\routing.py", line 150, in app
    await wrap_app_handling_exceptions(app, request)(scope, receive, send)
  File "C:\Users\roman\AppData\Local\Programs\Python\Python313\Lib\site-packages\starlette\_exception_handler.py", line 53, in wrapped_app
    raise exc
  File "C:\Users\roman\AppData\Local\Programs\Python\Python313\Lib\site-packages\starlette\_exception_handler.py", line 42, in wrapped_app
    await app(scope, receive, sender)
  File "C:\Users\roman\AppData\Local\Programs\Python\Python313\Lib\site-packages\fastapi\routing.py", line 136, in app
    response = await f(request)
               ^^^^^^^^^^^^^^^^
  File "C:\Users\roman\AppData\Local\Programs\Python\Python313\Lib\site-packages\fastapi\routing.py", line 690, in app
    raw_response = await run_endpoint_function(
                   ^^^^^^^^^^^^^^^^^^^^^^^^^^^^
    ...<3 lines>...
    )
    ^
  File "C:\Users\roman\AppData\Local\Programs\Python\Python313\Lib\site-packages\fastapi\routing.py", line 346, in run_endpoint_function
    return await run_in_threadpool(dependant.call, **values)
           ^^^^^^^^^^^^^^^^^^^^^^^^^^^^^^^^^^^^^^^^^^^^^^^^^
  File "C:\Users\roman\AppData\Local\Programs\Python\Python313\Lib\site-packages\starlette\concurrency.py", line 34, in run_in_threadpool
    return await anyio.to_thread.run_sync(func)
           ^^^^^^^^^^^^^^^^^^^^^^^^^^^^^^^^^^^^
  File "C:\Users\roman\AppData\Local\Programs\Python\Python313\Lib\site-packages\anyio\to_thread.py", line 56, in run_sync
    return await get_async_backend().run_sync_in_worker_thread(
           ^^^^^^^^^^^^^^^^^^^^^^^^^^^^^^^^^^^^^^^^^^^^^^^^^^^^
        func, args, abandon_on_cancel=abandon_on_cancel, limiter=limiter
        ^^^^^^^^^^^^^^^^^^^^^^^^^^^^^^^^^^^^^^^^^^^^^^^^^^^^^^^^^^^^^^^^
    )
    ^
  File "C:\Users\roman\AppData\Local\Programs\Python\Python313\Lib\site-packages\anyio\_backends\_asyncio.py", line 2485, in run_sync_in_worker_thread
    return await future
           ^^^^^^^^^^^^
  File "C:\Users\roman\AppData\Local\Programs\Python\Python313\Lib\site-packages\anyio\_backends\_asyncio.py", line 976, in run
    result = context.run(func, *args)
  File "C:\Users\roman\Documents\Obsidian Vault\Programs\JobMatrix\api\routes\notifications.py", line 24, in list_events
    q = q.filter(Event.read_at.is_(None))
  File "<string>", line 2, in filter
  File "C:\Users\roman\AppData\Local\Programs\Python\Python313\Lib\site-packages\sqlalchemy\sql\base.py", line 284, in _generative
    x = fn(self, *args, **kw)
  File "<string>", line 2, in filter
  File "C:\Users\roman\AppData\Local\Programs\Python\Python313\Lib\site-packages\sqlalchemy\orm\base.py", line 303, in generate
    assertion(self, fn.__name__)
    ~~~~~~~~~^^^^^^^^^^^^^^^^^^^
  File "C:\Users\roman\AppData\Local\Programs\Python\Python313\Lib\site-packages\sqlalchemy\orm\query.py", line 444, in _no_limit_offset
    raise sa_exc.InvalidRequestError(
    ...<3 lines>...
    )
sqlalchemy.exc.InvalidRequestError: Query.filter() being called on a Query which already has LIMIT or OFFSET applied.  Call filter() before limit() or offset() are applied.
INFO:     127.0.0.1:52266 - "GET /api/vacancies HTTP/1.1" 200 OK
INFO:     127.0.0.1:56916 - "GET /api/notifications?unread=1 HTTP/1.1" 500 Internal Server Error
ERROR:    Exception in ASGI application
Traceback (most recent call last):
  File "C:\Users\roman\AppData\Local\Programs\Python\Python313\Lib\site-packages\uvicorn\protocols\http\httptools_impl.py", line 422, in run_asgi
    result = await app(  # type: ignore[func-returns-value]
             ^^^^^^^^^^^^^^^^^^^^^^^^^^^^^^^^^^^^^^^^^^^^^^
        self.scope, self.receive, self.send
        ^^^^^^^^^^^^^^^^^^^^^^^^^^^^^^^^^^^
    )
    ^
  File "C:\Users\roman\AppData\Local\Programs\Python\Python313\Lib\site-packages\uvicorn\middleware\proxy_headers.py", line 63, in __call__
    return await self.app(scope, receive, send)
           ^^^^^^^^^^^^^^^^^^^^^^^^^^^^^^^^^^^^
  File "C:\Users\roman\AppData\Local\Programs\Python\Python313\Lib\site-packages\fastapi\applications.py", line 1163, in __call__
    await super().__call__(scope, receive, send)
  File "C:\Users\roman\AppData\Local\Programs\Python\Python313\Lib\site-packages\starlette\applications.py", line 90, in __call__
    await self.middleware_stack(scope, receive, send)
  File "C:\Users\roman\AppData\Local\Programs\Python\Python313\Lib\site-packages\starlette\middleware\errors.py", line 186, in __call__
    raise exc
  File "C:\Users\roman\AppData\Local\Programs\Python\Python313\Lib\site-packages\starlette\middleware\errors.py", line 164, in __call__
    await self.app(scope, receive, _send)
  File "C:\Users\roman\AppData\Local\Programs\Python\Python313\Lib\site-packages\starlette\middleware\cors.py", line 88, in __call__
    await self.app(scope, receive, send)
  File "C:\Users\roman\AppData\Local\Programs\Python\Python313\Lib\site-packages\starlette\middleware\exceptions.py", line 63, in __call__
    await wrap_app_handling_exceptions(self.app, conn)(scope, receive, send)
  File "C:\Users\roman\AppData\Local\Programs\Python\Python313\Lib\site-packages\starlette\_exception_handler.py", line 53, in wrapped_app
    raise exc
  File "C:\Users\roman\AppData\Local\Programs\Python\Python313\Lib\site-packages\starlette\_exception_handler.py", line 42, in wrapped_app
    await app(scope, receive, sender)
  File "C:\Users\roman\AppData\Local\Programs\Python\Python313\Lib\site-packages\fastapi\middleware\asyncexitstack.py", line 18, in __call__
    await self.app(scope, receive, send)
  File "C:\Users\roman\AppData\Local\Programs\Python\Python313\Lib\site-packages\starlette\routing.py", line 660, in __call__
    await self.middleware_stack(scope, receive, send)
  File "C:\Users\roman\AppData\Local\Programs\Python\Python313\Lib\site-packages\fastapi\routing.py", line 2683, in app
    await route.handle(scope, receive, send)
  File "C:\Users\roman\AppData\Local\Programs\Python\Python313\Lib\site-packages\fastapi\routing.py", line 1753, in handle
    await self.original_router.handle(scope, receive, send)
  File "C:\Users\roman\AppData\Local\Programs\Python\Python313\Lib\site-packages\fastapi\routing.py", line 2738, in handle
    await included_router._handle_selected(scope, receive, send)
  File "C:\Users\roman\AppData\Local\Programs\Python\Python313\Lib\site-packages\fastapi\routing.py", line 1773, in _handle_selected
    await original_route.handle(scope, receive, send)
  File "C:\Users\roman\AppData\Local\Programs\Python\Python313\Lib\site-packages\fastapi\routing.py", line 1264, in handle
    await app(scope, receive, send)
  File "C:\Users\roman\AppData\Local\Programs\Python\Python313\Lib\site-packages\fastapi\routing.py", line 150, in app
    await wrap_app_handling_exceptions(app, request)(scope, receive, send)
  File "C:\Users\roman\AppData\Local\Programs\Python\Python313\Lib\site-packages\starlette\_exception_handler.py", line 53, in wrapped_app
    raise exc
  File "C:\Users\roman\AppData\Local\Programs\Python\Python313\Lib\site-packages\starlette\_exception_handler.py", line 42, in wrapped_app
    await app(scope, receive, sender)
  File "C:\Users\roman\AppData\Local\Programs\Python\Python313\Lib\site-packages\fastapi\routing.py", line 136, in app
    response = await f(request)
               ^^^^^^^^^^^^^^^^
  File "C:\Users\roman\AppData\Local\Programs\Python\Python313\Lib\site-packages\fastapi\routing.py", line 690, in app
    raw_response = await run_endpoint_function(
                   ^^^^^^^^^^^^^^^^^^^^^^^^^^^^
    ...<3 lines>...
    )
    ^
  File "C:\Users\roman\AppData\Local\Programs\Python\Python313\Lib\site-packages\fastapi\routing.py", line 346, in run_endpoint_function
    return await run_in_threadpool(dependant.call, **values)
           ^^^^^^^^^^^^^^^^^^^^^^^^^^^^^^^^^^^^^^^^^^^^^^^^^
  File "C:\Users\roman\AppData\Local\Programs\Python\Python313\Lib\site-packages\starlette\concurrency.py", line 34, in run_in_threadpool
    return await anyio.to_thread.run_sync(func)
           ^^^^^^^^^^^^^^^^^^^^^^^^^^^^^^^^^^^^
  File "C:\Users\roman\AppData\Local\Programs\Python\Python313\Lib\site-packages\anyio\to_thread.py", line 56, in run_sync
    return await get_async_backend().run_sync_in_worker_thread(
           ^^^^^^^^^^^^^^^^^^^^^^^^^^^^^^^^^^^^^^^^^^^^^^^^^^^^
        func, args, abandon_on_cancel=abandon_on_cancel, limiter=limiter
        ^^^^^^^^^^^^^^^^^^^^^^^^^^^^^^^^^^^^^^^^^^^^^^^^^^^^^^^^^^^^^^^^
    )
    ^
  File "C:\Users\roman\AppData\Local\Programs\Python\Python313\Lib\site-packages\anyio\_backends\_asyncio.py", line 2485, in run_sync_in_worker_thread
    return await future
           ^^^^^^^^^^^^
  File "C:\Users\roman\AppData\Local\Programs\Python\Python313\Lib\site-packages\anyio\_backends\_asyncio.py", line 976, in run
    result = context.run(func, *args)
  File "C:\Users\roman\Documents\Obsidian Vault\Programs\JobMatrix\api\routes\notifications.py", line 24, in list_events
    q = q.filter(Event.read_at.is_(None))
  File "<string>", line 2, in filter
  File "C:\Users\roman\AppData\Local\Programs\Python\Python313\Lib\site-packages\sqlalchemy\sql\base.py", line 284, in _generative
    x = fn(self, *args, **kw)
  File "<string>", line 2, in filter
  File "C:\Users\roman\AppData\Local\Programs\Python\Python313\Lib\site-packages\sqlalchemy\orm\base.py", line 303, in generate
    assertion(self, fn.__name__)
    ~~~~~~~~~^^^^^^^^^^^^^^^^^^^
  File "C:\Users\roman\AppData\Local\Programs\Python\Python313\Lib\site-packages\sqlalchemy\orm\query.py", line 444, in _no_limit_offset
    raise sa_exc.InvalidRequestError(
    ...<3 lines>...
    )
sqlalchemy.exc.InvalidRequestError: Query.filter() being called on a Query which already has LIMIT or OFFSET applied.  Call filter() before limit() or offset() are applied.
INFO:     127.0.0.1:61982 - "GET /api/vacancies HTTP/1.1" 200 OK
INFO:     127.0.0.1:54686 - "GET /api/notifications?unread=1 HTTP/1.1" 500 Internal Server Error
ERROR:    Exception in ASGI application
Traceback (most recent call last):
  File "C:\Users\roman\AppData\Local\Programs\Python\Python313\Lib\site-packages\uvicorn\protocols\http\httptools_impl.py", line 422, in run_asgi
    result = await app(  # type: ignore[func-returns-value]
             ^^^^^^^^^^^^^^^^^^^^^^^^^^^^^^^^^^^^^^^^^^^^^^
        self.scope, self.receive, self.send
        ^^^^^^^^^^^^^^^^^^^^^^^^^^^^^^^^^^^
    )
    ^
  File "C:\Users\roman\AppData\Local\Programs\Python\Python313\Lib\site-packages\uvicorn\middleware\proxy_headers.py", line 63, in __call__
    return await self.app(scope, receive, send)
           ^^^^^^^^^^^^^^^^^^^^^^^^^^^^^^^^^^^^
  File "C:\Users\roman\AppData\Local\Programs\Python\Python313\Lib\site-packages\fastapi\applications.py", line 1163, in __call__
    await super().__call__(scope, receive, send)
  File "C:\Users\roman\AppData\Local\Programs\Python\Python313\Lib\site-packages\starlette\applications.py", line 90, in __call__
    await self.middleware_stack(scope, receive, send)
  File "C:\Users\roman\AppData\Local\Programs\Python\Python313\Lib\site-packages\starlette\middleware\errors.py", line 186, in __call__
    raise exc
  File "C:\Users\roman\AppData\Local\Programs\Python\Python313\Lib\site-packages\starlette\middleware\errors.py", line 164, in __call__
    await self.app(scope, receive, _send)
  File "C:\Users\roman\AppData\Local\Programs\Python\Python313\Lib\site-packages\starlette\middleware\cors.py", line 88, in __call__
    await self.app(scope, receive, send)
  File "C:\Users\roman\AppData\Local\Programs\Python\Python313\Lib\site-packages\starlette\middleware\exceptions.py", line 63, in __call__
    await wrap_app_handling_exceptions(self.app, conn)(scope, receive, send)
  File "C:\Users\roman\AppData\Local\Programs\Python\Python313\Lib\site-packages\starlette\_exception_handler.py", line 53, in wrapped_app
    raise exc
  File "C:\Users\roman\AppData\Local\Programs\Python\Python313\Lib\site-packages\starlette\_exception_handler.py", line 42, in wrapped_app
    await app(scope, receive, sender)
  File "C:\Users\roman\AppData\Local\Programs\Python\Python313\Lib\site-packages\fastapi\middleware\asyncexitstack.py", line 18, in __call__
    await self.app(scope, receive, send)
  File "C:\Users\roman\AppData\Local\Programs\Python\Python313\Lib\site-packages\starlette\routing.py", line 660, in __call__
    await self.middleware_stack(scope, receive, send)
  File "C:\Users\roman\AppData\Local\Programs\Python\Python313\Lib\site-packages\fastapi\routing.py", line 2683, in app
    await route.handle(scope, receive, send)
  File "C:\Users\roman\AppData\Local\Programs\Python\Python313\Lib\site-packages\fastapi\routing.py", line 1753, in handle
    await self.original_router.handle(scope, receive, send)
  File "C:\Users\roman\AppData\Local\Programs\Python\Python313\Lib\site-packages\fastapi\routing.py", line 2738, in handle
    await included_router._handle_selected(scope, receive, send)
  File "C:\Users\roman\AppData\Local\Programs\Python\Python313\Lib\site-packages\fastapi\routing.py", line 1773, in _handle_selected
    await original_route.handle(scope, receive, send)
  File "C:\Users\roman\AppData\Local\Programs\Python\Python313\Lib\site-packages\fastapi\routing.py", line 1264, in handle
    await app(scope, receive, send)
  File "C:\Users\roman\AppData\Local\Programs\Python\Python313\Lib\site-packages\fastapi\routing.py", line 150, in app
    await wrap_app_handling_exceptions(app, request)(scope, receive, send)
  File "C:\Users\roman\AppData\Local\Programs\Python\Python313\Lib\site-packages\starlette\_exception_handler.py", line 53, in wrapped_app
    raise exc
  File "C:\Users\roman\AppData\Local\Programs\Python\Python313\Lib\site-packages\starlette\_exception_handler.py", line 42, in wrapped_app
    await app(scope, receive, sender)
  File "C:\Users\roman\AppData\Local\Programs\Python\Python313\Lib\site-packages\fastapi\routing.py", line 136, in app
    response = await f(request)
               ^^^^^^^^^^^^^^^^
  File "C:\Users\roman\AppData\Local\Programs\Python\Python313\Lib\site-packages\fastapi\routing.py", line 690, in app
    raw_response = await run_endpoint_function(
                   ^^^^^^^^^^^^^^^^^^^^^^^^^^^^
    ...<3 lines>...
    )
    ^
  File "C:\Users\roman\AppData\Local\Programs\Python\Python313\Lib\site-packages\fastapi\routing.py", line 346, in run_endpoint_function
    return await run_in_threadpool(dependant.call, **values)
           ^^^^^^^^^^^^^^^^^^^^^^^^^^^^^^^^^^^^^^^^^^^^^^^^^
  File "C:\Users\roman\AppData\Local\Programs\Python\Python313\Lib\site-packages\starlette\concurrency.py", line 34, in run_in_threadpool
    return await anyio.to_thread.run_sync(func)
           ^^^^^^^^^^^^^^^^^^^^^^^^^^^^^^^^^^^^
  File "C:\Users\roman\AppData\Local\Programs\Python\Python313\Lib\site-packages\anyio\to_thread.py", line 56, in run_sync
    return await get_async_backend().run_sync_in_worker_thread(
           ^^^^^^^^^^^^^^^^^^^^^^^^^^^^^^^^^^^^^^^^^^^^^^^^^^^^
        func, args, abandon_on_cancel=abandon_on_cancel, limiter=limiter
        ^^^^^^^^^^^^^^^^^^^^^^^^^^^^^^^^^^^^^^^^^^^^^^^^^^^^^^^^^^^^^^^^
    )
    ^
  File "C:\Users\roman\AppData\Local\Programs\Python\Python313\Lib\site-packages\anyio\_backends\_asyncio.py", line 2485, in run_sync_in_worker_thread
    return await future
           ^^^^^^^^^^^^
  File "C:\Users\roman\AppData\Local\Programs\Python\Python313\Lib\site-packages\anyio\_backends\_asyncio.py", line 976, in run
    result = context.run(func, *args)
  File "C:\Users\roman\Documents\Obsidian Vault\Programs\JobMatrix\api\routes\notifications.py", line 24, in list_events
    q = q.filter(Event.read_at.is_(None))
  File "<string>", line 2, in filter
  File "C:\Users\roman\AppData\Local\Programs\Python\Python313\Lib\site-packages\sqlalchemy\sql\base.py", line 284, in _generative
    x = fn(self, *args, **kw)
  File "<string>", line 2, in filter
  File "C:\Users\roman\AppData\Local\Programs\Python\Python313\Lib\site-packages\sqlalchemy\orm\base.py", line 303, in generate
    assertion(self, fn.__name__)
    ~~~~~~~~~^^^^^^^^^^^^^^^^^^^
  File "C:\Users\roman\AppData\Local\Programs\Python\Python313\Lib\site-packages\sqlalchemy\orm\query.py", line 444, in _no_limit_offset
    raise sa_exc.InvalidRequestError(
    ...<3 lines>...
    )
sqlalchemy.exc.InvalidRequestError: Query.filter() being called on a Query which already has LIMIT or OFFSET applied.  Call filter() before limit() or offset() are applied.
INFO:     127.0.0.1:60331 - "GET /api/vacancies HTTP/1.1" 200 OK
INFO:     127.0.0.1:53892 - "POST /api/demo/new-response HTTP/1.1" 200 OK
INFO:     127.0.0.1:53892 - "GET /api/vacancies HTTP/1.1" 200 OK
INFO:     127.0.0.1:50562 - "GET /api/notifications?unread=1 HTTP/1.1" 500 Internal Server Error
ERROR:    Exception in ASGI application
Traceback (most recent call last):
  File "C:\Users\roman\AppData\Local\Programs\Python\Python313\Lib\site-packages\uvicorn\protocols\http\httptools_impl.py", line 422, in run_asgi
    result = await app(  # type: ignore[func-returns-value]
             ^^^^^^^^^^^^^^^^^^^^^^^^^^^^^^^^^^^^^^^^^^^^^^
        self.scope, self.receive, self.send
        ^^^^^^^^^^^^^^^^^^^^^^^^^^^^^^^^^^^
    )
    ^
  File "C:\Users\roman\AppData\Local\Programs\Python\Python313\Lib\site-packages\uvicorn\middleware\proxy_headers.py", line 63, in __call__
    return await self.app(scope, receive, send)
           ^^^^^^^^^^^^^^^^^^^^^^^^^^^^^^^^^^^^
  File "C:\Users\roman\AppData\Local\Programs\Python\Python313\Lib\site-packages\fastapi\applications.py", line 1163, in __call__
    await super().__call__(scope, receive, send)
  File "C:\Users\roman\AppData\Local\Programs\Python\Python313\Lib\site-packages\starlette\applications.py", line 90, in __call__
    await self.middleware_stack(scope, receive, send)
  File "C:\Users\roman\AppData\Local\Programs\Python\Python313\Lib\site-packages\starlette\middleware\errors.py", line 186, in __call__
    raise exc
  File "C:\Users\roman\AppData\Local\Programs\Python\Python313\Lib\site-packages\starlette\middleware\errors.py", line 164, in __call__
    await self.app(scope, receive, _send)
  File "C:\Users\roman\AppData\Local\Programs\Python\Python313\Lib\site-packages\starlette\middleware\cors.py", line 88, in __call__
    await self.app(scope, receive, send)
  File "C:\Users\roman\AppData\Local\Programs\Python\Python313\Lib\site-packages\starlette\middleware\exceptions.py", line 63, in __call__
    await wrap_app_handling_exceptions(self.app, conn)(scope, receive, send)
  File "C:\Users\roman\AppData\Local\Programs\Python\Python313\Lib\site-packages\starlette\_exception_handler.py", line 53, in wrapped_app
    raise exc
  File "C:\Users\roman\AppData\Local\Programs\Python\Python313\Lib\site-packages\starlette\_exception_handler.py", line 42, in wrapped_app
    await app(scope, receive, sender)
  File "C:\Users\roman\AppData\Local\Programs\Python\Python313\Lib\site-packages\fastapi\middleware\asyncexitstack.py", line 18, in __call__
    await self.app(scope, receive, send)
  File "C:\Users\roman\AppData\Local\Programs\Python\Python313\Lib\site-packages\starlette\routing.py", line 660, in __call__
    await self.middleware_stack(scope, receive, send)
  File "C:\Users\roman\AppData\Local\Programs\Python\Python313\Lib\site-packages\fastapi\routing.py", line 2683, in app
    await route.handle(scope, receive, send)
  File "C:\Users\roman\AppData\Local\Programs\Python\Python313\Lib\site-packages\fastapi\routing.py", line 1753, in handle
    await self.original_router.handle(scope, receive, send)
  File "C:\Users\roman\AppData\Local\Programs\Python\Python313\Lib\site-packages\fastapi\routing.py", line 2738, in handle
    await included_router._handle_selected(scope, receive, send)
  File "C:\Users\roman\AppData\Local\Programs\Python\Python313\Lib\site-packages\fastapi\routing.py", line 1773, in _handle_selected
    await original_route.handle(scope, receive, send)
  File "C:\Users\roman\AppData\Local\Programs\Python\Python313\Lib\site-packages\fastapi\routing.py", line 1264, in handle
    await app(scope, receive, send)
  File "C:\Users\roman\AppData\Local\Programs\Python\Python313\Lib\site-packages\fastapi\routing.py", line 150, in app
    await wrap_app_handling_exceptions(app, request)(scope, receive, send)
  File "C:\Users\roman\AppData\Local\Programs\Python\Python313\Lib\site-packages\starlette\_exception_handler.py", line 53, in wrapped_app
    raise exc
  File "C:\Users\roman\AppData\Local\Programs\Python\Python313\Lib\site-packages\starlette\_exception_handler.py", line 42, in wrapped_app
    await app(scope, receive, sender)
  File "C:\Users\roman\AppData\Local\Programs\Python\Python313\Lib\site-packages\fastapi\routing.py", line 136, in app
    response = await f(request)
               ^^^^^^^^^^^^^^^^
  File "C:\Users\roman\AppData\Local\Programs\Python\Python313\Lib\site-packages\fastapi\routing.py", line 690, in app
    raw_response = await run_endpoint_function(
                   ^^^^^^^^^^^^^^^^^^^^^^^^^^^^
    ...<3 lines>...
    )
    ^
  File "C:\Users\roman\AppData\Local\Programs\Python\Python313\Lib\site-packages\fastapi\routing.py", line 346, in run_endpoint_function
    return await run_in_threadpool(dependant.call, **values)
           ^^^^^^^^^^^^^^^^^^^^^^^^^^^^^^^^^^^^^^^^^^^^^^^^^
  File "C:\Users\roman\AppData\Local\Programs\Python\Python313\Lib\site-packages\starlette\concurrency.py", line 34, in run_in_threadpool
    return await anyio.to_thread.run_sync(func)
           ^^^^^^^^^^^^^^^^^^^^^^^^^^^^^^^^^^^^
  File "C:\Users\roman\AppData\Local\Programs\Python\Python313\Lib\site-packages\anyio\to_thread.py", line 56, in run_sync
    return await get_async_backend().run_sync_in_worker_thread(
           ^^^^^^^^^^^^^^^^^^^^^^^^^^^^^^^^^^^^^^^^^^^^^^^^^^^^
        func, args, abandon_on_cancel=abandon_on_cancel, limiter=limiter
        ^^^^^^^^^^^^^^^^^^^^^^^^^^^^^^^^^^^^^^^^^^^^^^^^^^^^^^^^^^^^^^^^
    )
    ^
  File "C:\Users\roman\AppData\Local\Programs\Python\Python313\Lib\site-packages\anyio\_backends\_asyncio.py", line 2485, in run_sync_in_worker_thread
    return await future
           ^^^^^^^^^^^^
  File "C:\Users\roman\AppData\Local\Programs\Python\Python313\Lib\site-packages\anyio\_backends\_asyncio.py", line 976, in run
    result = context.run(func, *args)
  File "C:\Users\roman\Documents\Obsidian Vault\Programs\JobMatrix\api\routes\notifications.py", line 24, in list_events
    q = q.filter(Event.read_at.is_(None))
  File "<string>", line 2, in filter
  File "C:\Users\roman\AppData\Local\Programs\Python\Python313\Lib\site-packages\sqlalchemy\sql\base.py", line 284, in _generative
    x = fn(self, *args, **kw)
  File "<string>", line 2, in filter
  File "C:\Users\roman\AppData\Local\Programs\Python\Python313\Lib\site-packages\sqlalchemy\orm\base.py", line 303, in generate
    assertion(self, fn.__name__)
    ~~~~~~~~~^^^^^^^^^^^^^^^^^^^
  File "C:\Users\roman\AppData\Local\Programs\Python\Python313\Lib\site-packages\sqlalchemy\orm\query.py", line 444, in _no_limit_offset
    raise sa_exc.InvalidRequestError(
    ...<3 lines>...
    )
sqlalchemy.exc.InvalidRequestError: Query.filter() being called on a Query which already has LIMIT or OFFSET applied.  Call filter() before limit() or offset() are applied.
2026-08-19 19:19:05,068 INFO jobmatrix: Сбор: проверено 11, новых событий 1
2026-08-19 19:21:05,183 INFO jobmatrix: Сбор: проверено 11, новых событий 3
